grammar_point_id,candidate_label,canonical_label,grammar_family,sample_count,markers,source_status,runtime_bound
gp:把字句,把字句候选,把字句,处置/受事重组构式,397,把,已由标注表锚定；结构规则需继续用权威语法文献逐条补证,1
gp:时间状语,时间状语候选,时间状语,时间/处所功能结构,350,今天；昨天；明天；以前；以后；时候；年；月；日；刚；马上,已由标注表锚定；结构规则需继续用权威语法文献逐条补证,1
gp:处所状语,处所状语候选,处所状语,时间/处所功能结构,300,在；从；到；往；向；里；上；下,已由标注表锚定；结构规则需继续用权威语法文献逐条补证,1
gp:得字补语,得字补语候选,得字补语,补语结构,210,得,已由标注表锚定；结构规则需继续用权威语法文献逐条补证,1
gp:在字介词框架,在字介词框架候选,在字介词框架,介词/框架结构,205,在,已由标注表锚定；结构规则需继续用权威语法文献逐条补证,1
gp:双宾_给予结构,双宾/给予结构候选,双宾/给予结构,多谓词/论元结构,191,双宾；给予,已由标注表锚定；结构规则需继续用权威语法文献逐条补证,0
gp:给_为_关于等介词框架,给/为/关于等介词框架候选,给/为/关于等介词框架,介词/框架结构,164,给；为；关于等,已由标注表锚定；结构规则需继续用权威语法文献逐条补证,1
gp:没有比较,没有比较候选,没有比较,比较构式,144,没有,已由标注表锚定；结构规则需继续用权威语法文献逐条补证,1
gp:被字句,被字句候选,被字句,被动/受事凸显构式,143,被；叫；让；给；为...所,已由标注表锚定；结构规则需继续用权威语法文献逐条补证,1
gp:比字比较句,比字比较候选,比字比较句,比较构式,136,比,已由标注表锚定；结构规则需继续用权威语法文献逐条补证,1
gp:数量_时量补语,数量/时量补语候选,数量/时量补语,补语结构,126,数量；时量,已由标注表锚定；结构规则需继续用权威语法文献逐条补证,0
gp:趋向补语,趋向补语候选,趋向补语,补语结构,71,趋向,已由标注表锚定；结构规则需继续用权威语法文献逐条补证,0
gp:对字介词框架,对字介词框架候选,对字介词框架,介词/框架结构,57,对,已由标注表锚定；结构规则需继续用权威语法文献逐条补证,1
gp:连动结构,连动结构候选,连动结构,多谓词/论元结构,55,来；去；出去；进来；上；下,已由标注表锚定；结构规则需继续用权威语法文献逐条补证,0
gp:从字介词框架,从字介词框架候选,从字介词框架,介词/框架结构,55,从,已由标注表锚定；结构规则需继续用权威语法文献逐条补证,1
gp:向_往_朝介词框架,向/往/朝介词框架候选,向/往/朝介词框架,介词/框架结构,46,向；往；朝,已由标注表锚定；结构规则需继续用权威语法文献逐条补证,1
gp:结果补语,结果补语候选,结果补语,补语结构,38,结果,已由标注表锚定；结构规则需继续用权威语法文献逐条补证,0
gp:因为,因为候选,因为,复句关联结构,37,因为,已由标注表锚定；结构规则需继续用权威语法文献逐条补证,0
gp:但是,但是候选,但是,复句关联结构,29,但是,已由标注表锚定；结构规则需继续用权威语法文献逐条补证,0
gp:只要,只要候选,只要,复句关联结构,28,只要,已由标注表锚定；结构规则需继续用权威语法文献逐条补证,0
gp:如果,如果候选,如果,复句关联结构,24,如果,已由标注表锚定；结构规则需继续用权威语法文献逐条补证,0
gp:所以,所以候选,所以,复句关联结构,22,所以,已由标注表锚定；结构规则需继续用权威语法文献逐条补证,0
gp:如果_就,如果...就候选,如果...就,复句关联结构,20,如果；就,已由标注表锚定；结构规则需继续用权威语法文献逐条补证,0
gp:即使,即使候选,即使,复句关联结构,20,即使,已由标注表锚定；结构规则需继续用权威语法文献逐条补证,0
gp:越_越,越...越候选,越...越,比较构式,19,越；越,已由标注表锚定；结构规则需继续用权威语法文献逐条补证,1
gp:因为_所以,因为...所以候选,因为...所以,复句关联结构,17,因为；所以,已由标注表锚定；结构规则需继续用权威语法文献逐条补证,0
gp:不如比较,不如比较候选,不如比较,比较构式,14,不如,已由标注表锚定；结构规则需继续用权威语法文献逐条补证,1
gp:兼语结构,兼语结构候选,兼语结构,多谓词/论元结构,14,兼语,已由标注表锚定；结构规则需继续用权威语法文献逐条补证,0
gp:既然,既然候选,既然,复句关联结构,13,既然,已由标注表锚定；结构规则需继续用权威语法文献逐条补证,0
gp:一边_一边,一边...一边候选,一边...一边,复句关联结构,11,一边；一边,已由标注表锚定；结构规则需继续用权威语法文献逐条补证,0
gp:虽然_但是,虽然...但是候选,虽然...但是,复句关联结构,11,虽然；但是,已由标注表锚定；结构规则需继续用权威语法文献逐条补证,0
gp:不但_而且,不但...而且候选,不但...而且,复句关联结构,11,不但；而且,已由标注表锚定；结构规则需继续用权威语法文献逐条补证,0
gp:一样比较,一样比较候选,一样比较,比较构式,7,一样,已由标注表锚定；结构规则需继续用权威语法文献逐条补证,1
gp:可能补语,可能补语候选,可能补语,补语结构,5,可能,已由标注表锚定；结构规则需继续用权威语法文献逐条补证,0
gp:之所以_是因为,之所以...是因为候选,之所以...是因为,复句关联结构,4,之所以；是因为,已由标注表锚定；结构规则需继续用权威语法文献逐条补证,0
gp:虽然,虽然候选,虽然,复句关联结构,3,虽然,已由标注表锚定；结构规则需继续用权威语法文献逐条补证,0
gp:将字处置,将字处置候选,将字处置,处置/受事重组构式,3,将字处置,已由标注表锚定；结构规则需继续用权威语法文献逐条补证,1
