grammar_point,rule_count,anchor_count,existing_page_count,marker_page_count,definition_like_page_count,section_cues_found,page_anchor_status
一样比较候选,10,3,3,3,3,基本语义及用法;小提示;结构特点,verified
不如比较候选,10,6,6,6,6,基本语义及用法;小提示;结构特点,verified
从字介词框架候选,6,6,6,6,6,基本语义及用法;小提示;结构特点,verified
向/往/朝介词框架候选,10,6,6,6,6,基本语义及用法;小提示;结构特点,verified
在字介词框架候选,10,6,6,6,6,基本语义及用法;小提示;结构特点,verified
处所状语候选,8,6,6,6,5,基本语义及用法;小提示;结构特点,verified
对字介词框架候选,10,6,6,6,6,基本语义及用法;小提示;结构特点,verified
将字处置候选,10,2,2,2,2,基本语义及用法;小提示;结构特点,verified
得字补语候选,6,6,6,6,6,基本语义及用法;小提示;结构特点,verified
把字句候选,11,6,6,6,6,基本语义及用法;小提示;结构特点,verified
时间状语候选,9,6,6,5,5,基本语义及用法;小提示;结构特点,verified
比字比较候选,6,6,6,6,6,基本语义及用法;小提示;结构特点,verified
没有比较候选,10,6,6,6,6,基本语义及用法;小提示;结构特点,verified
给/为/关于等介词框架候选,10,6,6,5,5,基本语义及用法;小提示;结构特点,verified
被字句候选,8,6,6,6,6,基本语义及用法;小提示;结构特点,verified
越...越候选,10,6,6,6,5,基本语义及用法;小提示;结构特点,verified
