grammar_point_id,candidate_label,canonical_label,family,sample_count,markers,source_status,example_ids
gp:把字句,把字句候选,把字句,处置/受事重组构式,397,把,已由标注表锚定；结构规则需继续用权威语法文献逐条补证,ASGD-2027-0001；ASGD-2027-0009；ASGD-2027-0019；ASGD-2027-0024；ASGD-2027-0031
gp:时间状语,时间状语候选,时间状语,时间/处所功能结构,350,今天；昨天；明天；以前；以后；时候；年；月；日；刚；马上,已由标注表锚定；结构规则需继续用权威语法文献逐条补证,ASGD-2027-0002；ASGD-2027-0007；ASGD-2027-0018；ASGD-2027-0030；ASGD-2027-0049
gp:处所状语,处所状语候选,处所状语,时间/处所功能结构,300,在；从；到；往；向；里；上；下,已由标注表锚定；结构规则需继续用权威语法文献逐条补证,ASGD-2027-0012；ASGD-2027-0015；ASGD-2027-0032；ASGD-2027-0035；ASGD-2027-0058
gp:得字补语,得字补语候选,得字补语,补语结构,210,得,已由标注表锚定；结构规则需继续用权威语法文献逐条补证,ASGD-2027-0005；ASGD-2027-0041；ASGD-2027-0044；ASGD-2027-0051；ASGD-2027-0115
gp:在字介词框架,在字介词框架候选,在字介词框架,介词/框架结构,205,在,已由标注表锚定；结构规则需继续用权威语法文献逐条补证,ASGD-2027-0017；ASGD-2027-0020；ASGD-2027-0038；ASGD-2027-0040；ASGD-2027-0053
gp:双宾_给予结构,双宾/给予结构候选,双宾/给予结构,多谓词/论元结构,191,双宾；给予,已由标注表锚定；结构规则需继续用权威语法文献逐条补证,ASGD-2027-0014；ASGD-2027-0027；ASGD-2027-0033；ASGD-2027-0055；ASGD-2027-0068
gp:给_为_关于等介词框架,给/为/关于等介词框架候选,给/为/关于等介词框架,介词/框架结构,164,给；为；关于等,已由标注表锚定；结构规则需继续用权威语法文献逐条补证,ASGD-2027-0092；ASGD-2027-0109；ASGD-2027-0113；ASGD-2027-0122；ASGD-2027-0146
gp:没有比较,没有比较候选,没有比较,比较构式,144,没有,已由标注表锚定；结构规则需继续用权威语法文献逐条补证,ASGD-2027-0021；ASGD-2027-0028；ASGD-2027-0070；ASGD-2027-0072；ASGD-2027-0086
gp:被字句,被字句候选,被字句,被动/受事凸显构式,143,被；叫；让；给；为...所,已由标注表锚定；结构规则需继续用权威语法文献逐条补证,ASGD-2027-0023；ASGD-2027-0026；ASGD-2027-0076；ASGD-2027-0083；ASGD-2027-0089
gp:比字比较句,比字比较候选,比字比较句,比较构式,136,比,已由标注表锚定；结构规则需继续用权威语法文献逐条补证,ASGD-2027-0025；ASGD-2027-0050；ASGD-2027-0121；ASGD-2027-0137；ASGD-2027-0178
gp:数量_时量补语,数量/时量补语候选,数量/时量补语,补语结构,126,数量；时量,已由标注表锚定；结构规则需继续用权威语法文献逐条补证,ASGD-2027-0003；ASGD-2027-0042；ASGD-2027-0081；ASGD-2027-0100；ASGD-2027-0105
gp:趋向补语,趋向补语候选,趋向补语,补语结构,71,趋向,已由标注表锚定；结构规则需继续用权威语法文献逐条补证,ASGD-2027-0010；ASGD-2027-0037；ASGD-2027-0056；ASGD-2027-0087；ASGD-2027-0111
gp:对字介词框架,对字介词框架候选,对字介词框架,介词/框架结构,57,对,已由标注表锚定；结构规则需继续用权威语法文献逐条补证,ASGD-2027-0013；ASGD-2027-0061；ASGD-2027-0152；ASGD-2027-0233；ASGD-2027-0271
gp:连动结构,连动结构候选,连动结构,多谓词/论元结构,55,来；去；出去；进来；上；下,已由标注表锚定；结构规则需继续用权威语法文献逐条补证,ASGD-2027-0004；ASGD-2027-0008；ASGD-2027-0194；ASGD-2027-0281；ASGD-2027-0358
gp:从字介词框架,从字介词框架候选,从字介词框架,介词/框架结构,55,从,已由标注表锚定；结构规则需继续用权威语法文献逐条补证,ASGD-2027-0006；ASGD-2027-0011；ASGD-2027-0047；ASGD-2027-0078；ASGD-2027-0132
gp:向_往_朝介词框架,向/往/朝介词框架候选,向/往/朝介词框架,介词/框架结构,46,向；往；朝,已由标注表锚定；结构规则需继续用权威语法文献逐条补证,ASGD-2027-0048；ASGD-2027-0064；ASGD-2027-0117；ASGD-2027-0142；ASGD-2027-0155
gp:结果补语,结果补语候选,结果补语,补语结构,38,结果,已由标注表锚定；结构规则需继续用权威语法文献逐条补证,ASGD-2027-0022；ASGD-2027-0096；ASGD-2027-0134；ASGD-2027-0180；ASGD-2027-0394
gp:因为,因为候选,因为,复句关联结构,37,因为,已由标注表锚定；结构规则需继续用权威语法文献逐条补证,ASGD-2027-0101；ASGD-2027-0374；ASGD-2027-0420；ASGD-2027-0468；ASGD-2027-0555
gp:但是,但是候选,但是,复句关联结构,29,但是,已由标注表锚定；结构规则需继续用权威语法文献逐条补证,ASGD-2027-0095；ASGD-2027-0114；ASGD-2027-0261；ASGD-2027-0289；ASGD-2027-0890
gp:只要,只要候选,只要,复句关联结构,28,只要,已由标注表锚定；结构规则需继续用权威语法文献逐条补证,ASGD-2027-0045；ASGD-2027-0065；ASGD-2027-0112；ASGD-2027-1037；ASGD-2027-1304
gp:如果,如果候选,如果,复句关联结构,24,如果,已由标注表锚定；结构规则需继续用权威语法文献逐条补证,ASGD-2027-0082；ASGD-2027-0360；ASGD-2027-0586；ASGD-2027-0627；ASGD-2027-0793
gp:所以,所以候选,所以,复句关联结构,22,所以,已由标注表锚定；结构规则需继续用权威语法文献逐条补证,ASGD-2027-0147；ASGD-2027-0169；ASGD-2027-0183；ASGD-2027-0321；ASGD-2027-0332
gp:如果_就,如果...就候选,如果...就,复句关联结构,20,如果；就,已由标注表锚定；结构规则需继续用权威语法文献逐条补证,ASGD-2027-0057；ASGD-2027-0262；ASGD-2027-0368；ASGD-2027-0400；ASGD-2027-0500
gp:即使,即使候选,即使,复句关联结构,20,即使,已由标注表锚定；结构规则需继续用权威语法文献逐条补证,ASGD-2027-0102；ASGD-2027-0120；ASGD-2027-0473；ASGD-2027-0483；ASGD-2027-0961
gp:越_越,越...越候选,越...越,比较构式,19,越；越,已由标注表锚定；结构规则需继续用权威语法文献逐条补证,ASGD-2027-0199；ASGD-2027-0457；ASGD-2027-0489；ASGD-2027-0544；ASGD-2027-0584
gp:因为_所以,因为...所以候选,因为...所以,复句关联结构,17,因为；所以,已由标注表锚定；结构规则需继续用权威语法文献逐条补证,ASGD-2027-0043；ASGD-2027-0052；ASGD-2027-0221；ASGD-2027-0438；ASGD-2027-0672
gp:不如比较,不如比较候选,不如比较,比较构式,14,不如,已由标注表锚定；结构规则需继续用权威语法文献逐条补证,ASGD-2027-0039；ASGD-2027-0341；ASGD-2027-0419；ASGD-2027-0444；ASGD-2027-0967
gp:兼语结构,兼语结构候选,兼语结构,多谓词/论元结构,14,兼语,已由标注表锚定；结构规则需继续用权威语法文献逐条补证,ASGD-2027-0080；ASGD-2027-0295；ASGD-2027-0692；ASGD-2027-0770；ASGD-2027-1234
gp:既然,既然候选,既然,复句关联结构,13,既然,已由标注表锚定；结构规则需继续用权威语法文献逐条补证,ASGD-2027-0322；ASGD-2027-0431；ASGD-2027-0446；ASGD-2027-0633；ASGD-2027-0742
gp:一边_一边,一边...一边候选,一边...一边,复句关联结构,11,一边；一边,已由标注表锚定；结构规则需继续用权威语法文献逐条补证,ASGD-2027-0029；ASGD-2027-0250；ASGD-2027-0589；ASGD-2027-1483；ASGD-2027-1880
gp:虽然_但是,虽然...但是候选,虽然...但是,复句关联结构,11,虽然；但是,已由标注表锚定；结构规则需继续用权威语法文献逐条补证,ASGD-2027-0074；ASGD-2027-0343；ASGD-2027-0472；ASGD-2027-0873；ASGD-2027-0949
gp:不但_而且,不但...而且候选,不但...而且,复句关联结构,11,不但；而且,已由标注表锚定；结构规则需继续用权威语法文献逐条补证,ASGD-2027-0204；ASGD-2027-0469；ASGD-2027-0486；ASGD-2027-1083；ASGD-2027-1636
gp:一样比较,一样比较候选,一样比较,比较构式,7,一样,已由标注表锚定；结构规则需继续用权威语法文献逐条补证,ASGD-2027-0367；ASGD-2027-1256；ASGD-2027-1818；ASGD-2027-2004；ASGD-2027-2169
gp:可能补语,可能补语候选,可能补语,补语结构,5,可能,已由标注表锚定；结构规则需继续用权威语法文献逐条补证,ASGD-2027-0016；ASGD-2027-0036；ASGD-2027-0602；ASGD-2027-0816；ASGD-2027-2600
gp:之所以_是因为,之所以...是因为候选,之所以...是因为,复句关联结构,4,之所以；是因为,已由标注表锚定；结构规则需继续用权威语法文献逐条补证,ASGD-2027-0143；ASGD-2027-0305；ASGD-2027-2207；ASGD-2027-2476
gp:虽然,虽然候选,虽然,复句关联结构,3,虽然,已由标注表锚定；结构规则需继续用权威语法文献逐条补证,ASGD-2027-0480；ASGD-2027-1673；ASGD-2027-2288
gp:将字处置,将字处置候选,将字处置,处置/受事重组构式,3,将字处置,已由标注表锚定；结构规则需继续用权威语法文献逐条补证,ASGD-2027-1017；ASGD-2027-1038；ASGD-2027-2011
