item_id,label,construction,sentence,span,gold,benchmark_label
EX-0001,从字介词框架候选,目标,他从学校走回宿舍。,从学校,是目标语法点,yes
EX-0002,从字介词框架候选,目标,这趟车从北京开往上海。,从北京,是目标语法点,yes
EX-0003,从字介词框架候选,硬负例,他从前没见过雪。,从前,不是目标语法点,yes
EX-0004,从字介词框架候选,元语言,黑板上写着“从”字介词。,“从”字介词,不是目标语法点,yes
EX-0005,在字介词框架候选,目标,字典在桌子上。,在桌子上,是目标语法点,yes
EX-0006,在字介词框架候选,目标,同学们在图书馆看书。,在图书馆,是目标语法点,yes
EX-0007,在字介词框架候选,硬负例,他很在乎这次考试。,在乎,不是目标语法点,yes
EX-0008,在字介词框架候选,元语言,板书的标题是“在”字介词。,“在”字介词,不是目标语法点,yes
EX-0009,向/往/朝介词框架候选,目标,他往前走了几步。,往前,是目标语法点,yes
EX-0010,向/往/朝介词框架候选,目标,鸟儿朝南飞。,朝南,是目标语法点,yes
EX-0011,向/往/朝介词框架候选,硬负例,他往往迟到。,往往,不是目标语法点,yes
EX-0012,向/往/朝介词框架候选,元语言,这一页的标题是“往”字介词。,“往”字介词,不是目标语法点,yes
EX-0013,对字介词框架候选,目标,他对顾客很耐心。,对顾客,是目标语法点,yes
EX-0014,对字介词框架候选,目标,我对这个题目有兴趣。,对这个题目,是目标语法点,yes
EX-0015,对字介词框架候选,硬负例,这道题算对了。,对了,不是目标语法点,yes
EX-0016,对字介词框架候选,元语言,笔记第一行是“对”字介词。,“对”字介词,不是目标语法点,yes
EX-0017,给/为/关于等介词框架候选,目标,我给妈妈打了电话。,给妈妈,是目标语法点,yes
EX-0018,给/为/关于等介词框架候选,目标,他为全班唱了一首歌。,为全班,是目标语法点,yes
EX-0019,给/为/关于等介词框架候选,硬负例,市场供给不足。,供给,不是目标语法点,yes
EX-0020,给/为/关于等介词框架候选,元语言,课文题目是“给”字介词。,“给”字介词,不是目标语法点,yes
EX-0021,把字句候选,目标,他把窗户打开了。,把窗户打开,是目标语法点,yes
EX-0022,把字句候选,目标,妈妈把药放在桌上。,把药放在桌上,是目标语法点,yes
EX-0023,把字句候选,硬负例,房间里有一把椅子。,一把椅子,不是目标语法点,yes
EX-0024,把字句候选,元语言,这一课的标题是“把”字句。,“把”字句,不是目标语法点,yes
EX-0025,将字处置候选,目标,服务员将杯子放在桌上。,将杯子放在桌上,是目标语法点,yes
EX-0026,将字处置候选,目标,学校将通知贴在门口。,将通知贴在门口,是目标语法点,yes
EX-0027,将字处置候选,硬负例,他将要毕业了。,将要,不是目标语法点,yes
EX-0028,将字处置候选,元语言,这一课讲“将”字句。,“将”字句,不是目标语法点,yes
EX-0029,被字句候选,目标,杯子被他打碎了。,被他打碎,是目标语法点,yes
EX-0030,被字句候选,目标,作业被老师收走了。,被老师收走,是目标语法点,yes
EX-0031,被字句候选,硬负例,床上放着一床被单。,被单,不是目标语法点,yes
EX-0032,被字句候选,元语言,板书标题是“被”字句。,“被”字句,不是目标语法点,yes
EX-0033,一边...一边候选,目标,他一边走一边说。,一边走一边说,是目标语法点,yes
EX-0034,一边...一边候选,目标,孩子一边吃饭一边看电视。,一边吃饭一边看电视,是目标语法点,yes
EX-0035,一边...一边候选,硬负例,路的一边种着树。,一边,不是目标语法点,yes
EX-0036,一边...一边候选,元语言,课文题目是“一边……一边……”。,“一边……一边……”,不是目标语法点,yes
EX-0037,不但...而且候选,目标,他不但会说汉语，而且会写汉字。,不但会说汉语，而且会写汉字,是目标语法点,yes
EX-0038,不但...而且候选,目标,这道菜不但便宜，而且好吃。,不但便宜，而且好吃,是目标语法点,yes
EX-0039,不但...而且候选,硬负例,而且他今天没来。,而且,不是目标语法点,yes
EX-0040,不但...而且候选,元语言,标题是“不但……而且……”。,“不但……而且……”,不是目标语法点,yes
EX-0041,之所以...是因为候选,目标,他之所以迟到，是因为堵车。,之所以迟到，是因为堵车,是目标语法点,yes
EX-0042,之所以...是因为候选,目标,我之所以留下来，是因为还有工作。,之所以留下来，是因为还有工作,是目标语法点,yes
EX-0043,之所以...是因为候选,硬负例,这是因为天气不好。,是因为,不是目标语法点,yes
EX-0044,之所以...是因为候选,元语言,板书是“之所以……是因为……”。,“之所以……是因为……”,不是目标语法点,yes
EX-0045,但是候选,目标,我想去，但是没有票。,但是没有票,是目标语法点,yes
EX-0046,但是候选,目标,天气很好，但是风很大。,但是风很大,是目标语法点,yes
EX-0047,但是候选,硬负例,请把“但是”两个字写大一些。,“但是”,不是目标语法点,yes
EX-0048,但是候选,元语言,本课标题是“但是”。,“但是”,不是目标语法点,yes
EX-0049,即使候选,目标,即使下雨，他也要去。,即使下雨，他也要去,是目标语法点,yes
EX-0050,即使候选,目标,即使很难，我们也要做完。,即使很难，我们也要做完,是目标语法点,yes
EX-0051,即使候选,硬负例,使他满意并不容易。,使他,不是目标语法点,yes
EX-0052,即使候选,元语言,标题是“即使”。,“即使”,不是目标语法点,yes
EX-0053,只要候选,目标,只要努力，就能通过。,只要努力，就能通过,是目标语法点,yes
EX-0054,只要候选,目标,只要你来，我就高兴。,只要你来，我就高兴,是目标语法点,yes
EX-0055,只要候选,硬负例,他只要了一杯茶。,只要了,不是目标语法点,yes
EX-0056,只要候选,元语言,这页的标题是“只要”。,“只要”,不是目标语法点,yes
EX-0057,因为...所以候选,目标,因为下雨，所以比赛取消了。,因为下雨，所以比赛取消了,是目标语法点,yes
EX-0058,因为...所以候选,目标,因为他病了，所以没来上课。,因为他病了，所以没来上课,是目标语法点,yes
EX-0059,因为...所以候选,硬负例,他病了，所以没来。,所以没来,不是目标语法点,yes
EX-0060,因为...所以候选,元语言,板书是“因为……所以……”。,“因为……所以……”,不是目标语法点,yes
EX-0061,因为候选,目标,比赛因为下雨取消了。,因为下雨,是目标语法点,yes
EX-0062,因为候选,目标,他因为生病请假了。,因为生病,是目标语法点,yes
EX-0063,因为候选,硬负例,他因故缺席。,因故,不是目标语法点,yes
EX-0064,因为候选,元语言,生词表里有“因为”。,“因为”,不是目标语法点,yes
EX-0065,如果...就候选,目标,如果明天晴天，我们就去公园。,如果明天晴天，我们就去公园,是目标语法点,yes
EX-0066,如果...就候选,目标,你如果有时间，就来找我。,如果有时间，就来找我,是目标语法点,yes
EX-0067,如果...就候选,硬负例,他就站在门口。,就站,不是目标语法点,yes
EX-0068,如果...就候选,元语言,黑板上写着“如果……就……”。,“如果……就……”,不是目标语法点,yes
EX-0069,如果候选,目标,如果你有空，请来一趟。,如果你有空,是目标语法点,yes
EX-0070,如果候选,目标,如果我是你，我会答应。,如果我是你,是目标语法点,yes
EX-0071,如果候选,硬负例,请把如果两个字描红。,如果,不是目标语法点,yes
EX-0072,如果候选,元语言,本课标题是“如果”。,“如果”,不是目标语法点,yes
EX-0073,所以候选,目标,路太滑，所以车停了。,所以车停了,是目标语法点,yes
EX-0074,所以候选,目标,电停了，所以灯不亮。,所以灯不亮,是目标语法点,yes
EX-0075,所以候选,硬负例,他之所以离开，是因为下雨。,之所以,不是目标语法点,yes
EX-0076,所以候选,元语言,标题写着“所以”。,“所以”,不是目标语法点,yes
EX-0077,既然候选,目标,既然你来了，就一起吃饭吧。,既然你来了，就一起吃饭吧,是目标语法点,yes
EX-0078,既然候选,目标,既然决定了，就不要改。,既然决定了，就不要改,是目标语法点,yes
EX-0079,既然候选,硬负例,他既吃饭又看报。,既吃饭,不是目标语法点,yes
EX-0080,既然候选,元语言,板书是“既然”。,“既然”,不是目标语法点,yes
EX-0081,虽然...但是候选,目标,虽然下雨了，但是我们还是去了。,虽然下雨了，但是我们还是去了,是目标语法点,yes
EX-0082,虽然...但是候选,目标,他虽然累，但是没有休息。,虽然累，但是没有休息,是目标语法点,yes
EX-0083,虽然...但是候选,硬负例,但是门开着。,但是,不是目标语法点,yes
EX-0084,虽然...但是候选,元语言,课文名叫“虽然……但是……”。,“虽然……但是……”,不是目标语法点,yes
EX-0085,虽然候选,目标,虽然很晚了，他仍在工作。,虽然很晚了,是目标语法点,yes
EX-0086,虽然候选,目标,虽然贵，质量却很好。,虽然贵,是目标语法点,yes
EX-0087,虽然候选,硬负例,请描红“虽然”。,“虽然”,不是目标语法点,yes
EX-0088,虽然候选,元语言,本课标题是“虽然”。,“虽然”,不是目标语法点,yes
EX-0089,连动结构候选,目标,他开门进去了。,开门进去,是目标语法点,yes
EX-0090,连动结构候选,目标,我去食堂吃饭。,去食堂吃饭,是目标语法点,yes
EX-0091,连动结构候选,硬负例,他进了门，然后坐下。,进了门,不是目标语法点,yes
EX-0092,连动结构候选,元语言,这节课的名称是连动结构。,连动结构,不是目标语法点,yes
EX-0093,双宾/给予结构候选,目标,老师送我一本书。,送我一本书,是目标语法点,yes
EX-0094,双宾/给予结构候选,目标,妈妈给了孩子一个苹果。,给了孩子一个苹果,是目标语法点,yes
EX-0095,双宾/给予结构候选,硬负例,我看书。,看书,不是目标语法点,yes
EX-0096,双宾/给予结构候选,元语言,板书是双宾语句。,双宾语句,不是目标语法点,yes
EX-0097,兼语结构候选,目标,老师请他回答问题。,请他回答问题,是目标语法点,yes
EX-0098,兼语结构候选,目标,妈妈让孩子洗手。,让孩子洗手,是目标语法点,yes
EX-0099,兼语结构候选,硬负例,他请了一天假。,请了一天假,不是目标语法点,yes
EX-0100,兼语结构候选,元语言,笔记上写着兼语结构。,兼语结构,不是目标语法点,yes
EX-0101,处所状语候选,目标,同学们在操场上跑步。,在操场上,是目标语法点,yes
EX-0102,处所状语候选,目标,猫在沙发上睡觉。,在沙发上,是目标语法点,yes
EX-0103,处所状语候选,硬负例,他很在意这件事。,在意,不是目标语法点,yes
EX-0104,处所状语候选,元语言,板书写着处所状语。,处所状语,不是目标语法点,yes
EX-0105,时间状语候选,目标,我们明天考试。,明天,是目标语法点,yes
EX-0106,时间状语候选,目标,他晚上才回来。,晚上,是目标语法点,yes
EX-0107,时间状语候选,硬负例,明天是星期五。,明天,不是目标语法点,yes
EX-0108,时间状语候选,元语言,标题是时间状语。,时间状语,不是目标语法点,yes
EX-0109,比字比较候选,目标,这件比那件便宜。,比那件便宜,是目标语法点,yes
EX-0110,比字比较候选,目标,弟弟比哥哥高。,比哥哥高,是目标语法点,yes
EX-0111,比字比较候选,硬负例,我们比一比谁快。,比一比,不是目标语法点,yes
EX-0112,比字比较候选,元语言,今天讲“比”字句。,“比”字句,不是目标语法点,yes
EX-0113,没有比较候选,目标,我没有他高。,没有他高,是目标语法点,yes
EX-0114,没有比较候选,目标,这间没有那间大。,没有那间大,是目标语法点,yes
EX-0115,没有比较候选,硬负例,我没有书。,没有书,不是目标语法点,yes
EX-0116,没有比较候选,元语言,笔记上写着“没有”比较句。,“没有”比较句,不是目标语法点,yes
EX-0117,不如比较候选,目标,走路不如骑车快。,不如骑车快,是目标语法点,yes
EX-0118,不如比较候选,目标,我不如他细心。,不如他细心,是目标语法点,yes
EX-0119,不如比较候选,硬负例,他如约到达。,如约,不是目标语法点,yes
EX-0120,不如比较候选,元语言,今天的题目是“不如”。,“不如”,不是目标语法点,yes
EX-0121,一样比较候选,目标,这支笔跟那支一样长。,跟那支一样长,是目标语法点,yes
EX-0122,一样比较候选,目标,哥哥和弟弟一样高。,和弟弟一样高,是目标语法点,yes
EX-0123,一样比较候选,硬负例,一样的衣服挂在门口。,一样的衣服,不是目标语法点,yes
EX-0124,一样比较候选,元语言,标题是“一样”比较句。,“一样”比较句,不是目标语法点,yes
EX-0125,越...越候选,目标,雨越下越大。,越下越大,是目标语法点,yes
EX-0126,越...越候选,目标,他越说越快。,越说越快,是目标语法点,yes
EX-0127,越...越候选,硬负例,队伍越过了那条河。,越过,不是目标语法点,yes
EX-0128,越...越候选,元语言,标题是“越……越……”。,“越……越……”,不是目标语法点,yes
EX-0129,结果补语候选,目标,我听懂了。,听懂,是目标语法点,yes
EX-0130,结果补语候选,目标,房间打扫干净了。,打扫干净,是目标语法点,yes
EX-0131,结果补语候选,硬负例,他终于懂了。,懂了,不是目标语法点,yes
EX-0132,结果补语候选,元语言,标题是结果补语。,结果补语,不是目标语法点,yes
EX-0133,趋向补语候选,目标,他走进来了。,走进来,是目标语法点,yes
EX-0134,趋向补语候选,目标,请把书拿来。,拿来,是目标语法点,yes
EX-0135,趋向补语候选,硬负例,来，我们开始吧。,来,不是目标语法点,yes
EX-0136,趋向补语候选,元语言,板书“趋向补语”。,趋向补语,不是目标语法点,yes
EX-0137,得字补语候选,目标,她唱得很好。,唱得很好,是目标语法点,yes
EX-0138,得字补语候选,目标,孩子跑得很快。,跑得很快,是目标语法点,yes
EX-0139,得字补语候选,硬负例,我得走了。,得走,不是目标语法点,yes
EX-0140,得字补语候选,元语言,笔记写着“得”字补语。,“得”字补语,不是目标语法点,yes
EX-0141,数量/时量补语候选,目标,这部电影他看了三遍。,看了三遍,是目标语法点,yes
EX-0142,数量/时量补语候选,目标,我们等了两个小时。,等了两个小时,是目标语法点,yes
EX-0143,数量/时量补语候选,硬负例,三遍都写对了。,三遍,不是目标语法点,yes
EX-0144,数量/时量补语候选,元语言,标题是数量补语。,数量补语,不是目标语法点,yes
EX-0145,可能补语候选,目标,我看不见黑板上的字。,看不见,是目标语法点,yes
EX-0146,可能补语候选,目标,这么多饭，我吃不了。,吃不了,是目标语法点,yes
EX-0147,可能补语候选,硬负例,这是可能的。,可能,不是目标语法点,yes
EX-0148,可能补语候选,元语言,板书“可能补语”。,可能补语,不是目标语法点,yes
EX-0149,方位名词,目标,书在桌子上。,上,是目标语法点,no
EX-0150,方位名词,目标,猫在箱子里。,里,是目标语法点,no
EX-0151,方位名词,硬负例,上课了。,上,不是目标语法点,no
EX-0152,方位名词,元语言,生词表第一项是方位名词“上”。,方位名词“上”,不是目标语法点,no
EX-0153,能愿动词,目标,我会说汉语。,会,是目标语法点,no
EX-0154,能愿动词,目标,他能游一千米。,能,是目标语法点,no
EX-0155,能愿动词,硬负例,我们下午开会。,会,不是目标语法点,no
EX-0156,能愿动词,元语言,黑板上写着能愿动词“会、能”。,能愿动词“会、能”,不是目标语法点,no
EX-0157,数量短语,目标,我买了一个杯子。,一个杯子,是目标语法点,no
EX-0158,数量短语,目标,他借了三本书。,三本书,是目标语法点,no
EX-0159,数量短语,硬负例,个人观点不同。,个人,不是目标语法点,no
EX-0160,数量短语,元语言,今天练习数量短语。,数量短语,不是目标语法点,no
EX-0161,联合短语,目标,老师和学生都来了。,老师和学生,是目标语法点,no
EX-0162,联合短语,目标,桌子和椅子是新的。,桌子和椅子,是目标语法点,no
EX-0163,联合短语,硬负例,他和气地笑了。,和气,不是目标语法点,no
EX-0164,联合短语,元语言,笔记标题是联合短语。,联合短语,不是目标语法点,no
EX-0165,名词作主语,目标,弟弟在睡觉。,弟弟,是目标语法点,no
EX-0166,名词作主语,目标,这本词典很厚。,这本词典,是目标语法点,no
EX-0167,名词作主语,硬负例,睡觉很重要。,睡觉,不是目标语法点,no
EX-0168,名词作主语,元语言,板书是“名词作主语”。,“名词作主语”,不是目标语法点,no
EX-0169,动词作谓语,目标,孩子们唱歌。,唱歌,是目标语法点,no
EX-0170,动词作谓语,目标,他学习汉语。,学习汉语,是目标语法点,no
EX-0171,动词作谓语,硬负例,他的学习很好。,学习,不是目标语法点,no
EX-0172,动词作谓语,元语言,这一节叫动词谓语句。,动词谓语句,不是目标语法点,no
EX-0173,动词谓语句,目标,我们吃午饭。,吃午饭,是目标语法点,no
EX-0174,动词谓语句,目标,鸟在飞。,飞,是目标语法点,no
EX-0175,动词谓语句,硬负例,天气热。,热,不是目标语法点,no
EX-0176,动词谓语句,元语言,标题写着动词谓语句。,动词谓语句,不是目标语法点,no
EX-0177,形容词谓语句,目标,这件衣服很漂亮。,很漂亮,是目标语法点,no
EX-0178,形容词谓语句,目标,房间干净。,干净,是目标语法点,no
EX-0179,形容词谓语句,硬负例,他喜欢干净。,干净,不是目标语法点,no
EX-0180,形容词谓语句,元语言,板书“形容词谓语句”。,“形容词谓语句”,不是目标语法点,no
EX-0181,了2变化态,目标,下雨了。,了,是目标语法点,no
EX-0182,了2变化态,目标,花红了。,了,是目标语法点,no
EX-0183,了2变化态,硬负例,他吃了饭。,了,不是目标语法点,no
EX-0184,了2变化态,元语言,这课讲语气助词“了”。,语气助词“了”,不是目标语法点,no
EX-0185,了1完成态,目标,我买了三张票。,了,是目标语法点,no
EX-0186,了1完成态,目标,他看了一本书。,了,是目标语法点,no
EX-0187,了1完成态,硬负例,春天了。,了,不是目标语法点,no
EX-0188,了1完成态,元语言,标题是动态助词“了”。,动态助词“了”,不是目标语法点,no
EX-0189,钱数表示法,目标,这本书三十五块钱。,三十五块钱,是目标语法点,no
EX-0190,钱数表示法,目标,我付了十二元。,十二元,是目标语法点,no
EX-0191,钱数表示法,硬负例,他有三十五个苹果。,三十五,不是目标语法点,no
EX-0192,钱数表示法,元语言,今天的题目是钱数表示法。,钱数表示法,不是目标语法点,no
EX-0193,年月日星期,目标,今天是九月二十六日。,九月二十六日,是目标语法点,no
EX-0194,年月日星期,目标,会议在三月五日召开。,三月五日,是目标语法点,no
EX-0195,年月日星期,硬负例,日子过得很快。,日子,不是目标语法点,no
EX-0196,年月日星期,元语言,板书是年、月、日表示法。,年、月、日表示法,不是目标语法点,no
EX-0197,用吗提问,目标,你是老师吗？,吗,是目标语法点,no
EX-0198,用吗提问,目标,明天有课吗？,吗,是目标语法点,no
EX-0199,用吗提问,硬负例,你干吗站在这里？,干吗,不是目标语法点,no
EX-0200,用吗提问,元语言,这节课练习用“吗”提问。,用“吗”提问,不是目标语法点,no
EX-0201,疑问代词提问,目标,你叫什么名字？,什么,是目标语法点,no
EX-0202,疑问代词提问,目标,他是谁？,谁,是目标语法点,no
EX-0203,疑问代词提问,硬负例,他什么都吃。,什么,不是目标语法点,no
EX-0204,疑问代词提问,元语言,标题是疑问代词提问。,疑问代词提问,不是目标语法点,no
EX-0205,还是吧,目标,我们还是走吧。,还是走吧,是目标语法点,no
EX-0206,还是吧,目标,你还是早点休息吧。,还是早点休息吧,是目标语法点,no
EX-0207,还是吧,硬负例,茶还是咖啡？,还是,不是目标语法点,no
EX-0208,还是吧,元语言,黑板上写着“还是……吧”。,“还是……吧”,不是目标语法点,no
EX-0209,又又,目标,这件衣服又便宜又好看。,又便宜又好看,是目标语法点,no
EX-0210,又又,目标,他又高又瘦。,又高又瘦,是目标语法点,no
EX-0211,又又,硬负例,他又来了。,又来了,不是目标语法点,no
EX-0212,又又,元语言,课文题目是“又……又……”。,“又……又……”,不是目标语法点,no
EX-0213,就表示强调,目标,我就知道是他。,就,是目标语法点,no
EX-0214,就表示强调,目标,问题就出在这里。,就,是目标语法点,no
EX-0215,就表示强调,硬负例,他就要走了。,就要,不是目标语法点,no
EX-0216,就表示强调,元语言,这一节讲用“就”表示强调。,用“就”表示强调,不是目标语法点,no
EX-0217,一点儿也不,目标,他一点儿也不累。,一点儿也不累,是目标语法点,no
EX-0218,一点儿也不,目标,我一点儿也不明白。,一点儿也不明白,是目标语法点,no
EX-0219,一点儿也不,硬负例,请给我一点儿。,一点儿,不是目标语法点,no
EX-0220,一点儿也不,元语言,标题是“一点儿也不……”。,“一点儿也不……”,不是目标语法点,no
EX-0221,该了,目标,我们该出发了。,该出发了,是目标语法点,no
EX-0222,该了,目标,你该睡觉了。,该睡觉了,是目标语法点,no
EX-0223,该了,硬负例,该谁发言？,该,不是目标语法点,no
EX-0224,该了,元语言,板书“该……了”。,“该……了”,不是目标语法点,no
EX-0225,要了,目标,火车要开了。,要开了,是目标语法点,no
EX-0226,要了,目标,电影快要开始了。,快要开始了,是目标语法点,no
EX-0227,要了,硬负例,我要一杯茶。,要一杯茶,不是目标语法点,no
EX-0228,要了,元语言,这课的名称是“要……了”。,“要……了”,不是目标语法点,no
EX-0229,前缀第老小,目标,他住在第三层。,第三,是目标语法点,no
EX-0230,前缀第老小,目标,小王来了。,小王,是目标语法点,no
EX-0231,前缀第老小,硬负例,他老是迟到。,老是,不是目标语法点,no
EX-0232,前缀第老小,元语言,生词里有前缀“第、老、小”。,前缀“第、老、小”,不是目标语法点,no
EX-0233,后缀儿家们头子,目标,花儿开了。,花儿,是目标语法点,no
EX-0234,后缀儿家们头子,目标,孩子们在院子里。,孩子们,是目标语法点,no
EX-0235,后缀儿家们头子,硬负例,他家很远。,家,不是目标语法点,no
EX-0236,后缀儿家们头子,元语言,今天复习后缀“儿、子、头”。,后缀“儿、子、头”,不是目标语法点,no
EX-0237,人称代词复指,目标,李明是我的同学，他今天没来。,他,是目标语法点,no
EX-0238,人称代词复指,目标,这本书很有用，我常常看它。,它,是目标语法点,no
EX-0239,人称代词复指,硬负例,他是老师。,他,不是目标语法点,no
EX-0240,人称代词复指,元语言,标题写着人称代词复指。,人称代词复指,不是目标语法点,no
EX-0241,省略主语,目标,吃过饭了，就去图书馆。,吃过饭了,是目标语法点,no
EX-0242,省略主语,目标,看完这本书，写一篇笔记。,看完这本书,是目标语法点,no
EX-0243,省略主语,硬负例,我吃过饭了。,我吃过饭了,不是目标语法点,no
EX-0244,省略主语,元语言,板书是省略主语。,省略主语,不是目标语法点,no
