编号,gold,prediction,accepted,weak_reject,strong_reject,binding_covered,diagnosis,reasons,trace,in_benchmark_labels
EX-0001,是目标语法点,是目标语法点,1,0,0,1,目标用例,marker_present|surface_structure_present,candidate:从字介词框架候选;family:介词/框架结构;rule:KG-RULE-V02-0109;rule:KG-RULE-V02-0110;source:REF-GF0025-2021;source:REF-GRAMMAR-MANUAL-ADV;source:REF-GRAMMAR-MANUAL-ELEM;source:REF-GRAMMAR-MANUAL-INTER;source:REF-HUANG-LIAO-MODERN-CHINESE;source:REF-LU-TCSL-GRAMMAR,1
EX-0002,是目标语法点,是目标语法点,1,0,0,1,目标用例,marker_present|surface_structure_present,candidate:从字介词框架候选;family:介词/框架结构;rule:KG-RULE-V02-0109;rule:KG-RULE-V02-0110;source:REF-GF0025-2021;source:REF-GRAMMAR-MANUAL-ADV;source:REF-GRAMMAR-MANUAL-ELEM;source:REF-GRAMMAR-MANUAL-INTER;source:REF-HUANG-LIAO-MODERN-CHINESE;source:REF-LU-TCSL-GRAMMAR,1
EX-0003,不是目标语法点,是目标语法点,1,0,0,1,目标用例,marker_present|surface_structure_present,candidate:从字介词框架候选;family:介词/框架结构;rule:KG-RULE-V02-0109;rule:KG-RULE-V02-0110;source:REF-GF0025-2021;source:REF-GRAMMAR-MANUAL-ADV;source:REF-GRAMMAR-MANUAL-ELEM;source:REF-GRAMMAR-MANUAL-INTER;source:REF-HUANG-LIAO-MODERN-CHINESE;source:REF-LU-TCSL-GRAMMAR,1
EX-0004,不是目标语法点,是目标语法点,1,0,0,1,目标用例,marker_present|surface_structure_present,candidate:从字介词框架候选;family:介词/框架结构;rule:KG-RULE-V02-0109;rule:KG-RULE-V02-0110;source:REF-GF0025-2021;source:REF-GRAMMAR-MANUAL-ADV;source:REF-GRAMMAR-MANUAL-ELEM;source:REF-GRAMMAR-MANUAL-INTER;source:REF-HUANG-LIAO-MODERN-CHINESE;source:REF-LU-TCSL-GRAMMAR,1
EX-0005,是目标语法点,是目标语法点,1,0,0,1,目标用例,marker_present|surface_structure_present,candidate:在字介词框架候选;family:介词/框架结构;rule:KG-RULE-V02-0099;rule:KG-RULE-V02-0100;rule:KG-RULE-V02-0101;source:REF-GF0025-2021;source:REF-GRAMMAR-MANUAL-ADV;source:REF-GRAMMAR-MANUAL-ELEM;source:REF-GRAMMAR-MANUAL-INTER;source:REF-HUANG-LIAO-MODERN-CHINESE;source:REF-LU-TCSL-GRAMMAR,1
EX-0006,是目标语法点,是目标语法点,1,0,0,1,目标用例,marker_present|surface_structure_present,candidate:在字介词框架候选;family:介词/框架结构;rule:KG-RULE-V02-0099;rule:KG-RULE-V02-0100;rule:KG-RULE-V02-0101;source:REF-GF0025-2021;source:REF-GRAMMAR-MANUAL-ADV;source:REF-GRAMMAR-MANUAL-ELEM;source:REF-GRAMMAR-MANUAL-INTER;source:REF-HUANG-LIAO-MODERN-CHINESE;source:REF-LU-TCSL-GRAMMAR,1
EX-0007,不是目标语法点,是目标语法点,1,0,0,1,目标用例,marker_present|surface_structure_present,candidate:在字介词框架候选;family:介词/框架结构;rule:KG-RULE-V02-0099;rule:KG-RULE-V02-0100;rule:KG-RULE-V02-0101;source:REF-GF0025-2021;source:REF-GRAMMAR-MANUAL-ADV;source:REF-GRAMMAR-MANUAL-ELEM;source:REF-GRAMMAR-MANUAL-INTER;source:REF-HUANG-LIAO-MODERN-CHINESE;source:REF-LU-TCSL-GRAMMAR,1
EX-0008,不是目标语法点,是目标语法点,1,0,0,1,目标用例,marker_present|surface_structure_present,candidate:在字介词框架候选;family:介词/框架结构;rule:KG-RULE-V02-0099;rule:KG-RULE-V02-0100;rule:KG-RULE-V02-0101;source:REF-GF0025-2021;source:REF-GRAMMAR-MANUAL-ADV;source:REF-GRAMMAR-MANUAL-ELEM;source:REF-GRAMMAR-MANUAL-INTER;source:REF-HUANG-LIAO-MODERN-CHINESE;source:REF-LU-TCSL-GRAMMAR,1
EX-0009,是目标语法点,是目标语法点,1,0,0,1,目标用例,marker_present|surface_structure_present,candidate:向/往/朝介词框架候选;family:介词/框架结构;rule:KG-RULE-V02-0125;rule:KG-RULE-V02-0126;rule:KG-RULE-V02-0127;source:REF-GF0025-2021;source:REF-GRAMMAR-MANUAL-ADV;source:REF-GRAMMAR-MANUAL-ELEM;source:REF-GRAMMAR-MANUAL-INTER;source:REF-HUANG-LIAO-MODERN-CHINESE;source:REF-LU-TCSL-GRAMMAR,1
EX-0010,是目标语法点,是目标语法点,1,0,0,1,目标用例,marker_present|surface_structure_present,candidate:向/往/朝介词框架候选;family:介词/框架结构;rule:KG-RULE-V02-0125;rule:KG-RULE-V02-0126;rule:KG-RULE-V02-0127;source:REF-GF0025-2021;source:REF-GRAMMAR-MANUAL-ADV;source:REF-GRAMMAR-MANUAL-ELEM;source:REF-GRAMMAR-MANUAL-INTER;source:REF-HUANG-LIAO-MODERN-CHINESE;source:REF-LU-TCSL-GRAMMAR,1
EX-0011,不是目标语法点,是目标语法点,1,0,0,1,目标用例,marker_present|surface_structure_present,candidate:向/往/朝介词框架候选;family:介词/框架结构;rule:KG-RULE-V02-0125;rule:KG-RULE-V02-0126;rule:KG-RULE-V02-0127;source:REF-GF0025-2021;source:REF-GRAMMAR-MANUAL-ADV;source:REF-GRAMMAR-MANUAL-ELEM;source:REF-GRAMMAR-MANUAL-INTER;source:REF-HUANG-LIAO-MODERN-CHINESE;source:REF-LU-TCSL-GRAMMAR,1
EX-0012,不是目标语法点,是目标语法点,1,0,0,1,目标用例,marker_present|surface_structure_present,candidate:向/往/朝介词框架候选;family:介词/框架结构;rule:KG-RULE-V02-0125;rule:KG-RULE-V02-0126;rule:KG-RULE-V02-0127;source:REF-GF0025-2021;source:REF-GRAMMAR-MANUAL-ADV;source:REF-GRAMMAR-MANUAL-ELEM;source:REF-GRAMMAR-MANUAL-INTER;source:REF-HUANG-LIAO-MODERN-CHINESE;source:REF-LU-TCSL-GRAMMAR,1
EX-0013,是目标语法点,是目标语法点,1,0,0,1,目标用例,marker_present|surface_structure_present,candidate:对字介词框架候选;family:介词/框架结构;rule:KG-RULE-V02-0115;rule:KG-RULE-V02-0116;rule:KG-RULE-V02-0117;source:REF-GF0025-2021;source:REF-GRAMMAR-MANUAL-ADV;source:REF-GRAMMAR-MANUAL-ELEM;source:REF-GRAMMAR-MANUAL-INTER;source:REF-HUANG-LIAO-MODERN-CHINESE;source:REF-LU-TCSL-GRAMMAR,1
EX-0014,是目标语法点,是目标语法点,1,0,0,1,目标用例,marker_present|surface_structure_present,candidate:对字介词框架候选;family:介词/框架结构;rule:KG-RULE-V02-0115;rule:KG-RULE-V02-0116;rule:KG-RULE-V02-0117;source:REF-GF0025-2021;source:REF-GRAMMAR-MANUAL-ADV;source:REF-GRAMMAR-MANUAL-ELEM;source:REF-GRAMMAR-MANUAL-INTER;source:REF-HUANG-LIAO-MODERN-CHINESE;source:REF-LU-TCSL-GRAMMAR,1
EX-0015,不是目标语法点,是目标语法点,1,0,0,1,目标用例,marker_present|surface_structure_present,candidate:对字介词框架候选;family:介词/框架结构;rule:KG-RULE-V02-0115;rule:KG-RULE-V02-0116;rule:KG-RULE-V02-0117;source:REF-GF0025-2021;source:REF-GRAMMAR-MANUAL-ADV;source:REF-GRAMMAR-MANUAL-ELEM;source:REF-GRAMMAR-MANUAL-INTER;source:REF-HUANG-LIAO-MODERN-CHINESE;source:REF-LU-TCSL-GRAMMAR,1
EX-0016,不是目标语法点,是目标语法点,1,0,0,1,目标用例,marker_present|surface_structure_present,candidate:对字介词框架候选;family:介词/框架结构;rule:KG-RULE-V02-0115;rule:KG-RULE-V02-0116;rule:KG-RULE-V02-0117;source:REF-GF0025-2021;source:REF-GRAMMAR-MANUAL-ADV;source:REF-GRAMMAR-MANUAL-ELEM;source:REF-GRAMMAR-MANUAL-INTER;source:REF-HUANG-LIAO-MODERN-CHINESE;source:REF-LU-TCSL-GRAMMAR,1
EX-0017,是目标语法点,是目标语法点,1,0,0,1,目标用例,marker_present|surface_structure_present,candidate:给/为/关于等介词框架候选;family:介词/框架结构;rule:KG-RULE-V02-0135;rule:KG-RULE-V02-0136;rule:KG-RULE-V02-0137;source:REF-GF0025-2021;source:REF-GRAMMAR-MANUAL-ADV;source:REF-GRAMMAR-MANUAL-ELEM;source:REF-GRAMMAR-MANUAL-INTER;source:REF-HUANG-LIAO-MODERN-CHINESE;source:REF-LU-TCSL-GRAMMAR,1
EX-0018,是目标语法点,是目标语法点,1,0,0,1,目标用例,marker_present|surface_structure_present,candidate:给/为/关于等介词框架候选;family:介词/框架结构;rule:KG-RULE-V02-0135;rule:KG-RULE-V02-0136;rule:KG-RULE-V02-0137;source:REF-GF0025-2021;source:REF-GRAMMAR-MANUAL-ADV;source:REF-GRAMMAR-MANUAL-ELEM;source:REF-GRAMMAR-MANUAL-INTER;source:REF-HUANG-LIAO-MODERN-CHINESE;source:REF-LU-TCSL-GRAMMAR,1
EX-0019,不是目标语法点,不是目标语法点,0,1,0,1,边界问题,marker_present|surface_structure_incomplete,candidate:给/为/关于等介词框架候选;family:介词/框架结构;rule:KG-RULE-V02-0135;rule:KG-RULE-V02-0138;source:REF-GF0025-2021;source:REF-GRAMMAR-MANUAL-ADV;source:REF-GRAMMAR-MANUAL-ELEM;source:REF-GRAMMAR-MANUAL-INTER;source:REF-HUANG-LIAO-MODERN-CHINESE;source:REF-LU-TCSL-GRAMMAR,1
EX-0020,不是目标语法点,是目标语法点,1,0,0,1,目标用例,marker_present|surface_structure_present,candidate:给/为/关于等介词框架候选;family:介词/框架结构;rule:KG-RULE-V02-0135;rule:KG-RULE-V02-0136;rule:KG-RULE-V02-0137;source:REF-GF0025-2021;source:REF-GRAMMAR-MANUAL-ADV;source:REF-GRAMMAR-MANUAL-ELEM;source:REF-GRAMMAR-MANUAL-INTER;source:REF-HUANG-LIAO-MODERN-CHINESE;source:REF-LU-TCSL-GRAMMAR,1
EX-0021,是目标语法点,是目标语法点,1,0,0,1,目标用例,marker_present|surface_structure_present,candidate:把字句候选;family:处置/受事重组构式;rule:KG-RULE-V02-0001;rule:KG-RULE-V02-0002;rule:KG-RULE-V02-0003;source:REF-GF0025-2021;source:REF-GRAMMAR-MANUAL-ELEM;source:REF-GRAMMAR-MANUAL-INTER;source:REF-LIU-PRACTICAL-GRAMMAR;source:REF-LU-TCSL-GRAMMAR,1
EX-0022,是目标语法点,是目标语法点,1,0,0,1,目标用例,marker_present|surface_structure_present,candidate:把字句候选;family:处置/受事重组构式;rule:KG-RULE-V02-0001;rule:KG-RULE-V02-0002;rule:KG-RULE-V02-0003;source:REF-GF0025-2021;source:REF-GRAMMAR-MANUAL-ELEM;source:REF-GRAMMAR-MANUAL-INTER;source:REF-LIU-PRACTICAL-GRAMMAR;source:REF-LU-TCSL-GRAMMAR,1
EX-0023,不是目标语法点,是目标语法点,1,0,0,1,目标用例,marker_present|surface_structure_present,candidate:把字句候选;family:处置/受事重组构式;rule:KG-RULE-V02-0001;rule:KG-RULE-V02-0002;rule:KG-RULE-V02-0003;source:REF-GF0025-2021;source:REF-GRAMMAR-MANUAL-ELEM;source:REF-GRAMMAR-MANUAL-INTER;source:REF-LIU-PRACTICAL-GRAMMAR;source:REF-LU-TCSL-GRAMMAR,1
EX-0024,不是目标语法点,是目标语法点,1,0,0,1,目标用例,marker_present|surface_structure_present,candidate:把字句候选;family:处置/受事重组构式;rule:KG-RULE-V02-0001;rule:KG-RULE-V02-0002;rule:KG-RULE-V02-0003;source:REF-GF0025-2021;source:REF-GRAMMAR-MANUAL-ELEM;source:REF-GRAMMAR-MANUAL-INTER;source:REF-LIU-PRACTICAL-GRAMMAR;source:REF-LU-TCSL-GRAMMAR,1
EX-0025,是目标语法点,是目标语法点,1,0,0,1,目标用例,marker_present|surface_structure_present,candidate:将字处置候选;family:处置/受事重组构式;rule:KG-RULE-V02-0012;rule:KG-RULE-V02-0013;source:REF-GF0025-2021;source:REF-GRAMMAR-MANUAL-ELEM;source:REF-GRAMMAR-MANUAL-INTER;source:REF-LIU-PRACTICAL-GRAMMAR;source:REF-LU-TCSL-GRAMMAR,1
EX-0026,是目标语法点,是目标语法点,1,0,0,1,目标用例,marker_present|surface_structure_present,candidate:将字处置候选;family:处置/受事重组构式;rule:KG-RULE-V02-0012;rule:KG-RULE-V02-0013;source:REF-GF0025-2021;source:REF-GRAMMAR-MANUAL-ELEM;source:REF-GRAMMAR-MANUAL-INTER;source:REF-LIU-PRACTICAL-GRAMMAR;source:REF-LU-TCSL-GRAMMAR,1
EX-0027,不是目标语法点,不是目标语法点,0,1,0,1,边界问题,marker_present|surface_structure_incomplete,candidate:将字处置候选;family:处置/受事重组构式;rule:KG-RULE-V02-0012;rule:KG-RULE-V02-0015;source:REF-GF0025-2021;source:REF-GRAMMAR-MANUAL-ELEM;source:REF-GRAMMAR-MANUAL-INTER;source:REF-LIU-PRACTICAL-GRAMMAR;source:REF-LU-TCSL-GRAMMAR,1
EX-0028,不是目标语法点,是目标语法点,1,0,0,1,目标用例,marker_present|surface_structure_present,candidate:将字处置候选;family:处置/受事重组构式;rule:KG-RULE-V02-0012;rule:KG-RULE-V02-0013;source:REF-GF0025-2021;source:REF-GRAMMAR-MANUAL-ELEM;source:REF-GRAMMAR-MANUAL-INTER;source:REF-LIU-PRACTICAL-GRAMMAR;source:REF-LU-TCSL-GRAMMAR,1
EX-0029,是目标语法点,是目标语法点,1,0,0,1,目标用例,marker_present|surface_structure_present,candidate:被字句候选;family:被动/受事凸显构式;rule:KG-RULE-V02-0022;rule:KG-RULE-V02-0024;source:REF-GF0025-2021;source:REF-GRAMMAR-MANUAL-ADV;source:REF-GRAMMAR-MANUAL-ELEM;source:REF-GRAMMAR-MANUAL-INTER;source:REF-LIU-PRACTICAL-GRAMMAR;source:REF-LU-TCSL-GRAMMAR,1
EX-0030,是目标语法点,是目标语法点,1,0,0,1,目标用例,marker_present|surface_structure_present,candidate:被字句候选;family:被动/受事凸显构式;rule:KG-RULE-V02-0022;rule:KG-RULE-V02-0024;source:REF-GF0025-2021;source:REF-GRAMMAR-MANUAL-ADV;source:REF-GRAMMAR-MANUAL-ELEM;source:REF-GRAMMAR-MANUAL-INTER;source:REF-LIU-PRACTICAL-GRAMMAR;source:REF-LU-TCSL-GRAMMAR,1
EX-0031,不是目标语法点,是目标语法点,1,0,0,1,目标用例,marker_present|surface_structure_present,candidate:被字句候选;family:被动/受事凸显构式;rule:KG-RULE-V02-0022;rule:KG-RULE-V02-0024;source:REF-GF0025-2021;source:REF-GRAMMAR-MANUAL-ADV;source:REF-GRAMMAR-MANUAL-ELEM;source:REF-GRAMMAR-MANUAL-INTER;source:REF-LIU-PRACTICAL-GRAMMAR;source:REF-LU-TCSL-GRAMMAR,1
EX-0032,不是目标语法点,是目标语法点,1,0,0,1,目标用例,marker_present|surface_structure_present,candidate:被字句候选;family:被动/受事凸显构式;rule:KG-RULE-V02-0022;rule:KG-RULE-V02-0024;source:REF-GF0025-2021;source:REF-GRAMMAR-MANUAL-ADV;source:REF-GRAMMAR-MANUAL-ELEM;source:REF-GRAMMAR-MANUAL-INTER;source:REF-LIU-PRACTICAL-GRAMMAR;source:REF-LU-TCSL-GRAMMAR,1
EX-0033,是目标语法点,是目标语法点,1,0,0,0,目标用例,fallback_marker_present,candidate:一边...一边候选;family:复句关联结构,1
EX-0034,是目标语法点,是目标语法点,1,0,0,0,目标用例,fallback_marker_present,candidate:一边...一边候选;family:复句关联结构,1
EX-0035,不是目标语法点,不是目标语法点,0,0,0,0,不确定/需复核,fallback_marker_present,candidate:一边...一边候选;family:复句关联结构,1
EX-0036,不是目标语法点,不是目标语法点,0,0,1,0,表层触发但非目标,fallback_marker_present|metalinguistic_or_ocr,candidate:一边...一边候选;family:复句关联结构;rule:GLOBAL-META-MENTION,1
EX-0037,是目标语法点,是目标语法点,1,0,0,0,目标用例,fallback_marker_present,candidate:不但...而且候选;family:复句关联结构,1
EX-0038,是目标语法点,是目标语法点,1,0,0,0,目标用例,fallback_marker_present,candidate:不但...而且候选;family:复句关联结构,1
EX-0039,不是目标语法点,不是目标语法点,0,0,0,0,不确定/需复核,fallback_marker_present,candidate:不但...而且候选;family:复句关联结构,1
EX-0040,不是目标语法点,不是目标语法点,0,0,1,0,表层触发但非目标,fallback_marker_present|metalinguistic_or_ocr,candidate:不但...而且候选;family:复句关联结构;rule:GLOBAL-META-MENTION,1
EX-0041,是目标语法点,是目标语法点,1,0,0,0,目标用例,fallback_marker_present,candidate:之所以...是因为候选;family:复句关联结构,1
EX-0042,是目标语法点,是目标语法点,1,0,0,0,目标用例,fallback_marker_present,candidate:之所以...是因为候选;family:复句关联结构,1
EX-0043,不是目标语法点,不是目标语法点,0,0,0,0,不确定/需复核,fallback_marker_present,candidate:之所以...是因为候选;family:复句关联结构,1
EX-0044,不是目标语法点,不是目标语法点,0,0,1,0,表层触发但非目标,fallback_marker_present|metalinguistic_or_ocr,candidate:之所以...是因为候选;family:复句关联结构;rule:GLOBAL-META-MENTION,1
EX-0045,是目标语法点,是目标语法点,1,0,0,0,目标用例,fallback_marker_present,candidate:但是候选;family:复句关联结构,1
EX-0046,是目标语法点,是目标语法点,1,0,0,0,目标用例,fallback_marker_present,candidate:但是候选;family:复句关联结构,1
EX-0047,不是目标语法点,是目标语法点,1,0,0,0,目标用例,fallback_marker_present,candidate:但是候选;family:复句关联结构,1
EX-0048,不是目标语法点,是目标语法点,1,0,0,0,目标用例,fallback_marker_present,candidate:但是候选;family:复句关联结构,1
EX-0049,是目标语法点,是目标语法点,1,0,0,0,目标用例,fallback_marker_present,candidate:即使候选;family:复句关联结构,1
EX-0050,是目标语法点,是目标语法点,1,0,0,0,目标用例,fallback_marker_present,candidate:即使候选;family:复句关联结构,1
EX-0051,不是目标语法点,不是目标语法点,0,0,0,0,不确定/需复核,no_executable_point_binding,candidate:即使候选;family:复句关联结构,1
EX-0052,不是目标语法点,是目标语法点,1,0,0,0,目标用例,fallback_marker_present,candidate:即使候选;family:复句关联结构,1
EX-0053,是目标语法点,是目标语法点,1,0,0,0,目标用例,fallback_marker_present,candidate:只要候选;family:复句关联结构,1
EX-0054,是目标语法点,是目标语法点,1,0,0,0,目标用例,fallback_marker_present,candidate:只要候选;family:复句关联结构,1
EX-0055,不是目标语法点,是目标语法点,1,0,0,0,目标用例,fallback_marker_present,candidate:只要候选;family:复句关联结构,1
EX-0056,不是目标语法点,是目标语法点,1,0,0,0,目标用例,fallback_marker_present,candidate:只要候选;family:复句关联结构,1
EX-0057,是目标语法点,是目标语法点,1,0,0,0,目标用例,fallback_marker_present,candidate:因为...所以候选;family:复句关联结构,1
EX-0058,是目标语法点,是目标语法点,1,0,0,0,目标用例,fallback_marker_present,candidate:因为...所以候选;family:复句关联结构,1
EX-0059,不是目标语法点,是目标语法点,1,0,0,0,目标用例,fallback_marker_present,candidate:因为...所以候选;family:复句关联结构,1
EX-0060,不是目标语法点,不是目标语法点,0,0,1,0,表层触发但非目标,fallback_marker_present|metalinguistic_or_ocr,candidate:因为...所以候选;family:复句关联结构;rule:GLOBAL-META-MENTION,1
EX-0061,是目标语法点,是目标语法点,1,0,0,0,目标用例,fallback_marker_present,candidate:因为候选;family:复句关联结构,1
EX-0062,是目标语法点,是目标语法点,1,0,0,0,目标用例,fallback_marker_present,candidate:因为候选;family:复句关联结构,1
EX-0063,不是目标语法点,不是目标语法点,0,0,0,0,不确定/需复核,no_executable_point_binding,candidate:因为候选;family:复句关联结构,1
EX-0064,不是目标语法点,是目标语法点,1,0,0,0,目标用例,fallback_marker_present,candidate:因为候选;family:复句关联结构,1
EX-0065,是目标语法点,是目标语法点,1,0,0,0,目标用例,fallback_marker_present,candidate:如果...就候选;family:复句关联结构,1
EX-0066,是目标语法点,是目标语法点,1,0,0,0,目标用例,fallback_marker_present,candidate:如果...就候选;family:复句关联结构,1
EX-0067,不是目标语法点,是目标语法点,1,0,0,0,目标用例,fallback_marker_present,candidate:如果...就候选;family:复句关联结构,1
EX-0068,不是目标语法点,不是目标语法点,0,0,1,0,表层触发但非目标,fallback_marker_present|metalinguistic_or_ocr,candidate:如果...就候选;family:复句关联结构;rule:GLOBAL-META-MENTION,1
EX-0069,是目标语法点,是目标语法点,1,0,0,0,目标用例,fallback_marker_present,candidate:如果候选;family:复句关联结构,1
EX-0070,是目标语法点,是目标语法点,1,0,0,0,目标用例,fallback_marker_present,candidate:如果候选;family:复句关联结构,1
EX-0071,不是目标语法点,不是目标语法点,0,0,0,0,不确定/需复核,fallback_marker_present,candidate:如果候选;family:复句关联结构,1
EX-0072,不是目标语法点,是目标语法点,1,0,0,0,目标用例,fallback_marker_present,candidate:如果候选;family:复句关联结构,1
EX-0073,是目标语法点,是目标语法点,1,0,0,0,目标用例,fallback_marker_present,candidate:所以候选;family:复句关联结构,1
EX-0074,是目标语法点,是目标语法点,1,0,0,0,目标用例,fallback_marker_present,candidate:所以候选;family:复句关联结构,1
EX-0075,不是目标语法点,是目标语法点,1,0,0,0,目标用例,fallback_marker_present,candidate:所以候选;family:复句关联结构,1
EX-0076,不是目标语法点,是目标语法点,1,0,0,0,目标用例,fallback_marker_present,candidate:所以候选;family:复句关联结构,1
EX-0077,是目标语法点,是目标语法点,1,0,0,0,目标用例,fallback_marker_present,candidate:既然候选;family:复句关联结构,1
EX-0078,是目标语法点,是目标语法点,1,0,0,0,目标用例,fallback_marker_present,candidate:既然候选;family:复句关联结构,1
EX-0079,不是目标语法点,不是目标语法点,0,0,0,0,不确定/需复核,no_executable_point_binding,candidate:既然候选;family:复句关联结构,1
EX-0080,不是目标语法点,是目标语法点,1,0,0,0,目标用例,fallback_marker_present,candidate:既然候选;family:复句关联结构,1
EX-0081,是目标语法点,是目标语法点,1,0,0,0,目标用例,fallback_marker_present,candidate:虽然...但是候选;family:复句关联结构,1
EX-0082,是目标语法点,是目标语法点,1,0,0,0,目标用例,fallback_marker_present,candidate:虽然...但是候选;family:复句关联结构,1
EX-0083,不是目标语法点,不是目标语法点,0,0,0,0,不确定/需复核,fallback_marker_present,candidate:虽然...但是候选;family:复句关联结构,1
EX-0084,不是目标语法点,不是目标语法点,0,0,1,0,表层触发但非目标,fallback_marker_present|metalinguistic_or_ocr,candidate:虽然...但是候选;family:复句关联结构;rule:GLOBAL-META-MENTION,1
EX-0085,是目标语法点,是目标语法点,1,0,0,0,目标用例,fallback_marker_present,candidate:虽然候选;family:复句关联结构,1
EX-0086,是目标语法点,是目标语法点,1,0,0,0,目标用例,fallback_marker_present,candidate:虽然候选;family:复句关联结构,1
EX-0087,不是目标语法点,是目标语法点,1,0,0,0,目标用例,fallback_marker_present,candidate:虽然候选;family:复句关联结构,1
EX-0088,不是目标语法点,是目标语法点,1,0,0,0,目标用例,fallback_marker_present,candidate:虽然候选;family:复句关联结构,1
EX-0089,是目标语法点,是目标语法点,1,0,0,0,目标用例,fallback_marker_present,candidate:连动结构候选;family:多谓词/论元结构,1
EX-0090,是目标语法点,是目标语法点,1,0,0,0,目标用例,fallback_marker_present,candidate:连动结构候选;family:多谓词/论元结构,1
EX-0091,不是目标语法点,不是目标语法点,0,0,0,0,不确定/需复核,no_executable_point_binding,candidate:连动结构候选;family:多谓词/论元结构,1
EX-0092,不是目标语法点,不是目标语法点,0,0,0,0,不确定/需复核,no_executable_point_binding,candidate:连动结构候选;family:多谓词/论元结构,1
EX-0093,是目标语法点,不是目标语法点,0,0,0,0,不确定/需复核,no_executable_point_binding,candidate:双宾/给予结构候选;family:多谓词/论元结构,1
EX-0094,是目标语法点,不是目标语法点,0,0,0,0,不确定/需复核,no_executable_point_binding,candidate:双宾/给予结构候选;family:多谓词/论元结构,1
EX-0095,不是目标语法点,不是目标语法点,0,0,0,0,不确定/需复核,no_executable_point_binding,candidate:双宾/给予结构候选;family:多谓词/论元结构,1
EX-0096,不是目标语法点,不是目标语法点,0,0,0,0,不确定/需复核,no_executable_point_binding,candidate:双宾/给予结构候选;family:多谓词/论元结构,1
EX-0097,是目标语法点,不是目标语法点,0,0,0,0,不确定/需复核,no_executable_point_binding,candidate:兼语结构候选;family:多谓词/论元结构,1
EX-0098,是目标语法点,不是目标语法点,0,0,0,0,不确定/需复核,no_executable_point_binding,candidate:兼语结构候选;family:多谓词/论元结构,1
EX-0099,不是目标语法点,不是目标语法点,0,0,0,0,不确定/需复核,no_executable_point_binding,candidate:兼语结构候选;family:多谓词/论元结构,1
EX-0100,不是目标语法点,不是目标语法点,0,0,0,0,不确定/需复核,no_executable_point_binding,candidate:兼语结构候选;family:多谓词/论元结构,1
EX-0101,是目标语法点,是目标语法点,1,0,0,1,目标用例,marker_present|surface_structure_present,candidate:处所状语候选;family:时间/处所功能结构;rule:KG-RULE-V02-0039;rule:KG-RULE-V02-0040;rule:KG-RULE-V02-0041;source:REF-GF0025-2021;source:REF-GRAMMAR-MANUAL-ELEM;source:REF-GRAMMAR-MANUAL-INTER;source:REF-HUANG-LIAO-MODERN-CHINESE,1
EX-0102,是目标语法点,是目标语法点,1,0,0,1,目标用例,marker_present|surface_structure_present,candidate:处所状语候选;family:时间/处所功能结构;rule:KG-RULE-V02-0039;rule:KG-RULE-V02-0040;rule:KG-RULE-V02-0041;source:REF-GF0025-2021;source:REF-GRAMMAR-MANUAL-ELEM;source:REF-GRAMMAR-MANUAL-INTER;source:REF-HUANG-LIAO-MODERN-CHINESE,1
EX-0103,不是目标语法点,不是目标语法点,0,0,1,1,表层触发但非目标,marker_present|surface_structure_present|lexical_hard_negative,candidate:处所状语候选;family:时间/处所功能结构;rule:KG-RULE-V02-0039;rule:KG-RULE-V02-0040;rule:KG-RULE-V02-0041;rule:KG-RULE-V02-0044;source:REF-GF0025-2021;source:REF-GRAMMAR-MANUAL-ELEM;source:REF-GRAMMAR-MANUAL-INTER;source:REF-HUANG-LIAO-MODERN-CHINESE,1
EX-0104,不是目标语法点,不是目标语法点,0,1,0,1,边界问题,required_marker_missing|surface_structure_incomplete,candidate:处所状语候选;family:时间/处所功能结构;rule:KG-RULE-V02-0042;source:REF-GF0025-2021;source:REF-GRAMMAR-MANUAL-ELEM;source:REF-GRAMMAR-MANUAL-INTER;source:REF-HUANG-LIAO-MODERN-CHINESE,1
EX-0105,是目标语法点,是目标语法点,1,0,0,1,目标用例,marker_present|surface_structure_present,candidate:时间状语候选;family:时间/处所功能结构;rule:KG-RULE-V02-0030;rule:KG-RULE-V02-0031;rule:KG-RULE-V02-0032;source:REF-GF0025-2021;source:REF-GRAMMAR-MANUAL-ADV;source:REF-GRAMMAR-MANUAL-ELEM;source:REF-GRAMMAR-MANUAL-INTER;source:REF-HUANG-LIAO-MODERN-CHINESE,1
EX-0106,是目标语法点,是目标语法点,1,0,0,1,目标用例,marker_present|surface_structure_present,candidate:时间状语候选;family:时间/处所功能结构;rule:KG-RULE-V02-0030;rule:KG-RULE-V02-0031;rule:KG-RULE-V02-0032;source:REF-GF0025-2021;source:REF-GRAMMAR-MANUAL-ADV;source:REF-GRAMMAR-MANUAL-ELEM;source:REF-GRAMMAR-MANUAL-INTER;source:REF-HUANG-LIAO-MODERN-CHINESE,1
EX-0107,不是目标语法点,是目标语法点,1,0,0,1,目标用例,marker_present|surface_structure_present,candidate:时间状语候选;family:时间/处所功能结构;rule:KG-RULE-V02-0030;rule:KG-RULE-V02-0031;rule:KG-RULE-V02-0032;source:REF-GF0025-2021;source:REF-GRAMMAR-MANUAL-ADV;source:REF-GRAMMAR-MANUAL-ELEM;source:REF-GRAMMAR-MANUAL-INTER;source:REF-HUANG-LIAO-MODERN-CHINESE,1
EX-0108,不是目标语法点,不是目标语法点,0,1,0,1,边界问题,required_marker_missing|surface_structure_incomplete,candidate:时间状语候选;family:时间/处所功能结构;rule:KG-RULE-V02-0033;source:REF-GF0025-2021;source:REF-GRAMMAR-MANUAL-ADV;source:REF-GRAMMAR-MANUAL-ELEM;source:REF-GRAMMAR-MANUAL-INTER;source:REF-HUANG-LIAO-MODERN-CHINESE,1
EX-0109,是目标语法点,是目标语法点,1,0,0,1,目标用例,marker_present|surface_structure_present,candidate:比字比较候选;family:比较构式;rule:KG-RULE-V02-0053;rule:KG-RULE-V02-0054;source:REF-GF0025-2021;source:REF-GRAMMAR-MANUAL-ADV;source:REF-GRAMMAR-MANUAL-ELEM;source:REF-GRAMMAR-MANUAL-INTER;source:REF-LIU-PRACTICAL-GRAMMAR,1
EX-0110,是目标语法点,是目标语法点,1,0,0,1,目标用例,marker_present|surface_structure_present,candidate:比字比较候选;family:比较构式;rule:KG-RULE-V02-0053;rule:KG-RULE-V02-0054;source:REF-GF0025-2021;source:REF-GRAMMAR-MANUAL-ADV;source:REF-GRAMMAR-MANUAL-ELEM;source:REF-GRAMMAR-MANUAL-INTER;source:REF-LIU-PRACTICAL-GRAMMAR,1
EX-0111,不是目标语法点,是目标语法点,1,0,0,1,目标用例,marker_present|surface_structure_present,candidate:比字比较候选;family:比较构式;rule:KG-RULE-V02-0053;rule:KG-RULE-V02-0054;source:REF-GF0025-2021;source:REF-GRAMMAR-MANUAL-ADV;source:REF-GRAMMAR-MANUAL-ELEM;source:REF-GRAMMAR-MANUAL-INTER;source:REF-LIU-PRACTICAL-GRAMMAR,1
EX-0112,不是目标语法点,是目标语法点,1,0,0,1,目标用例,marker_present|surface_structure_present,candidate:比字比较候选;family:比较构式;rule:KG-RULE-V02-0053;rule:KG-RULE-V02-0054;source:REF-GF0025-2021;source:REF-GRAMMAR-MANUAL-ADV;source:REF-GRAMMAR-MANUAL-ELEM;source:REF-GRAMMAR-MANUAL-INTER;source:REF-LIU-PRACTICAL-GRAMMAR,1
EX-0113,是目标语法点,是目标语法点,1,0,0,1,目标用例,marker_present|surface_structure_present,candidate:没有比较候选;family:比较构式;rule:KG-RULE-V02-0059;rule:KG-RULE-V02-0060;rule:KG-RULE-V02-0061;source:REF-GF0025-2021;source:REF-GRAMMAR-MANUAL-ADV;source:REF-GRAMMAR-MANUAL-ELEM;source:REF-GRAMMAR-MANUAL-INTER;source:REF-LIU-PRACTICAL-GRAMMAR,1
EX-0114,是目标语法点,是目标语法点,1,0,0,1,目标用例,marker_present|surface_structure_present,candidate:没有比较候选;family:比较构式;rule:KG-RULE-V02-0059;rule:KG-RULE-V02-0060;rule:KG-RULE-V02-0061;source:REF-GF0025-2021;source:REF-GRAMMAR-MANUAL-ADV;source:REF-GRAMMAR-MANUAL-ELEM;source:REF-GRAMMAR-MANUAL-INTER;source:REF-LIU-PRACTICAL-GRAMMAR,1
EX-0115,不是目标语法点,是目标语法点,1,0,0,1,目标用例,marker_present|surface_structure_present,candidate:没有比较候选;family:比较构式;rule:KG-RULE-V02-0059;rule:KG-RULE-V02-0060;rule:KG-RULE-V02-0061;source:REF-GF0025-2021;source:REF-GRAMMAR-MANUAL-ADV;source:REF-GRAMMAR-MANUAL-ELEM;source:REF-GRAMMAR-MANUAL-INTER;source:REF-LIU-PRACTICAL-GRAMMAR,1
EX-0116,不是目标语法点,是目标语法点,1,0,0,1,目标用例,marker_present|surface_structure_present,candidate:没有比较候选;family:比较构式;rule:KG-RULE-V02-0059;rule:KG-RULE-V02-0060;rule:KG-RULE-V02-0061;source:REF-GF0025-2021;source:REF-GRAMMAR-MANUAL-ADV;source:REF-GRAMMAR-MANUAL-ELEM;source:REF-GRAMMAR-MANUAL-INTER;source:REF-LIU-PRACTICAL-GRAMMAR,1
EX-0117,是目标语法点,是目标语法点,1,0,0,1,目标用例,marker_present|surface_structure_present,candidate:不如比较候选;family:比较构式;rule:KG-RULE-V02-0079;rule:KG-RULE-V02-0080;rule:KG-RULE-V02-0081;source:REF-GF0025-2021;source:REF-GRAMMAR-MANUAL-ADV;source:REF-GRAMMAR-MANUAL-ELEM;source:REF-GRAMMAR-MANUAL-INTER;source:REF-LIU-PRACTICAL-GRAMMAR,1
EX-0118,是目标语法点,是目标语法点,1,0,0,1,目标用例,marker_present|surface_structure_present,candidate:不如比较候选;family:比较构式;rule:KG-RULE-V02-0079;rule:KG-RULE-V02-0080;rule:KG-RULE-V02-0081;source:REF-GF0025-2021;source:REF-GRAMMAR-MANUAL-ADV;source:REF-GRAMMAR-MANUAL-ELEM;source:REF-GRAMMAR-MANUAL-INTER;source:REF-LIU-PRACTICAL-GRAMMAR,1
EX-0119,不是目标语法点,不是目标语法点,0,1,0,1,边界问题,required_marker_missing|surface_structure_incomplete,candidate:不如比较候选;family:比较构式;rule:KG-RULE-V02-0082;source:REF-GF0025-2021;source:REF-GRAMMAR-MANUAL-ADV;source:REF-GRAMMAR-MANUAL-ELEM;source:REF-GRAMMAR-MANUAL-INTER;source:REF-LIU-PRACTICAL-GRAMMAR,1
EX-0120,不是目标语法点,是目标语法点,1,0,0,1,目标用例,marker_present|surface_structure_present,candidate:不如比较候选;family:比较构式;rule:KG-RULE-V02-0079;rule:KG-RULE-V02-0080;rule:KG-RULE-V02-0081;source:REF-GF0025-2021;source:REF-GRAMMAR-MANUAL-ADV;source:REF-GRAMMAR-MANUAL-ELEM;source:REF-GRAMMAR-MANUAL-INTER;source:REF-LIU-PRACTICAL-GRAMMAR,1
EX-0121,是目标语法点,是目标语法点,1,0,0,1,目标用例,marker_present|surface_structure_present,candidate:一样比较候选;family:比较构式;rule:KG-RULE-V02-0089;rule:KG-RULE-V02-0090;rule:KG-RULE-V02-0091;source:REF-GF0025-2021;source:REF-GRAMMAR-MANUAL-ADV;source:REF-GRAMMAR-MANUAL-ELEM;source:REF-GRAMMAR-MANUAL-INTER;source:REF-LIU-PRACTICAL-GRAMMAR,1
EX-0122,是目标语法点,是目标语法点,1,0,0,1,目标用例,marker_present|surface_structure_present,candidate:一样比较候选;family:比较构式;rule:KG-RULE-V02-0089;rule:KG-RULE-V02-0090;rule:KG-RULE-V02-0091;source:REF-GF0025-2021;source:REF-GRAMMAR-MANUAL-ADV;source:REF-GRAMMAR-MANUAL-ELEM;source:REF-GRAMMAR-MANUAL-INTER;source:REF-LIU-PRACTICAL-GRAMMAR,1
EX-0123,不是目标语法点,是目标语法点,1,0,0,1,目标用例,marker_present|surface_structure_present,candidate:一样比较候选;family:比较构式;rule:KG-RULE-V02-0089;rule:KG-RULE-V02-0090;rule:KG-RULE-V02-0091;source:REF-GF0025-2021;source:REF-GRAMMAR-MANUAL-ADV;source:REF-GRAMMAR-MANUAL-ELEM;source:REF-GRAMMAR-MANUAL-INTER;source:REF-LIU-PRACTICAL-GRAMMAR,1
EX-0124,不是目标语法点,是目标语法点,1,0,0,1,目标用例,marker_present|surface_structure_present,candidate:一样比较候选;family:比较构式;rule:KG-RULE-V02-0089;rule:KG-RULE-V02-0090;rule:KG-RULE-V02-0091;source:REF-GF0025-2021;source:REF-GRAMMAR-MANUAL-ADV;source:REF-GRAMMAR-MANUAL-ELEM;source:REF-GRAMMAR-MANUAL-INTER;source:REF-LIU-PRACTICAL-GRAMMAR,1
EX-0125,是目标语法点,是目标语法点,1,0,0,1,目标用例,marker_present|surface_structure_present,candidate:越...越候选;family:比较构式;rule:KG-RULE-V02-0069;rule:KG-RULE-V02-0070;rule:KG-RULE-V02-0071;source:REF-GF0025-2021;source:REF-GRAMMAR-MANUAL-ADV;source:REF-GRAMMAR-MANUAL-ELEM;source:REF-GRAMMAR-MANUAL-INTER;source:REF-LIU-PRACTICAL-GRAMMAR,1
EX-0126,是目标语法点,是目标语法点,1,0,0,1,目标用例,marker_present|surface_structure_present,candidate:越...越候选;family:比较构式;rule:KG-RULE-V02-0069;rule:KG-RULE-V02-0070;rule:KG-RULE-V02-0071;source:REF-GF0025-2021;source:REF-GRAMMAR-MANUAL-ADV;source:REF-GRAMMAR-MANUAL-ELEM;source:REF-GRAMMAR-MANUAL-INTER;source:REF-LIU-PRACTICAL-GRAMMAR,1
EX-0127,不是目标语法点,不是目标语法点,0,1,0,1,边界问题,marker_present|surface_structure_incomplete,candidate:越...越候选;family:比较构式;rule:KG-RULE-V02-0069;rule:KG-RULE-V02-0072;source:REF-GF0025-2021;source:REF-GRAMMAR-MANUAL-ADV;source:REF-GRAMMAR-MANUAL-ELEM;source:REF-GRAMMAR-MANUAL-INTER;source:REF-LIU-PRACTICAL-GRAMMAR,1
EX-0128,不是目标语法点,不是目标语法点,0,0,1,1,表层触发但非目标,marker_present|surface_structure_present|metalinguistic_or_ocr,candidate:越...越候选;family:比较构式;rule:KG-RULE-V02-0069;rule:KG-RULE-V02-0070;rule:KG-RULE-V02-0071;rule:KG-RULE-V02-0074;source:REF-GF0025-2021;source:REF-GRAMMAR-MANUAL-ADV;source:REF-GRAMMAR-MANUAL-ELEM;source:REF-GRAMMAR-MANUAL-INTER;source:REF-LIU-PRACTICAL-GRAMMAR,1
EX-0129,是目标语法点,不是目标语法点,0,0,0,0,不确定/需复核,no_executable_point_binding,candidate:结果补语候选;family:补语结构,1
EX-0130,是目标语法点,不是目标语法点,0,0,0,0,不确定/需复核,no_executable_point_binding,candidate:结果补语候选;family:补语结构,1
EX-0131,不是目标语法点,不是目标语法点,0,0,0,0,不确定/需复核,no_executable_point_binding,candidate:结果补语候选;family:补语结构,1
EX-0132,不是目标语法点,不是目标语法点,0,0,0,0,不确定/需复核,no_executable_point_binding,candidate:结果补语候选;family:补语结构,1
EX-0133,是目标语法点,不是目标语法点,0,0,0,0,不确定/需复核,no_executable_point_binding,candidate:趋向补语候选;family:补语结构,1
EX-0134,是目标语法点,不是目标语法点,0,0,0,0,不确定/需复核,no_executable_point_binding,candidate:趋向补语候选;family:补语结构,1
EX-0135,不是目标语法点,不是目标语法点,0,0,0,0,不确定/需复核,no_executable_point_binding,candidate:趋向补语候选;family:补语结构,1
EX-0136,不是目标语法点,不是目标语法点,0,0,0,0,不确定/需复核,no_executable_point_binding,candidate:趋向补语候选;family:补语结构,1
EX-0137,是目标语法点,是目标语法点,1,0,0,1,目标用例,marker_present|surface_structure_present,candidate:得字补语候选;family:补语结构;rule:KG-RULE-V02-0047;rule:KG-RULE-V02-0048;source:REF-GF0025-2021;source:REF-GRAMMAR-MANUAL-ADV;source:REF-GRAMMAR-MANUAL-ELEM;source:REF-GRAMMAR-MANUAL-INTER;source:REF-HUANG-LIAO-MODERN-CHINESE;source:REF-LIU-PRACTICAL-GRAMMAR,1
EX-0138,是目标语法点,是目标语法点,1,0,0,1,目标用例,marker_present|surface_structure_present,candidate:得字补语候选;family:补语结构;rule:KG-RULE-V02-0047;rule:KG-RULE-V02-0048;source:REF-GF0025-2021;source:REF-GRAMMAR-MANUAL-ADV;source:REF-GRAMMAR-MANUAL-ELEM;source:REF-GRAMMAR-MANUAL-INTER;source:REF-HUANG-LIAO-MODERN-CHINESE;source:REF-LIU-PRACTICAL-GRAMMAR,1
EX-0139,不是目标语法点,不是目标语法点,0,1,0,1,边界问题,marker_present|surface_structure_incomplete,candidate:得字补语候选;family:补语结构;rule:KG-RULE-V02-0047;rule:KG-RULE-V02-0049;source:REF-GF0025-2021;source:REF-GRAMMAR-MANUAL-ADV;source:REF-GRAMMAR-MANUAL-ELEM;source:REF-GRAMMAR-MANUAL-INTER;source:REF-HUANG-LIAO-MODERN-CHINESE;source:REF-LIU-PRACTICAL-GRAMMAR,1
EX-0140,不是目标语法点,是目标语法点,1,0,0,1,目标用例,marker_present|surface_structure_present,candidate:得字补语候选;family:补语结构;rule:KG-RULE-V02-0047;rule:KG-RULE-V02-0048;source:REF-GF0025-2021;source:REF-GRAMMAR-MANUAL-ADV;source:REF-GRAMMAR-MANUAL-ELEM;source:REF-GRAMMAR-MANUAL-INTER;source:REF-HUANG-LIAO-MODERN-CHINESE;source:REF-LIU-PRACTICAL-GRAMMAR,1
EX-0141,是目标语法点,不是目标语法点,0,0,0,0,不确定/需复核,no_executable_point_binding,candidate:数量/时量补语候选;family:补语结构,1
EX-0142,是目标语法点,不是目标语法点,0,0,0,0,不确定/需复核,no_executable_point_binding,candidate:数量/时量补语候选;family:补语结构,1
EX-0143,不是目标语法点,不是目标语法点,0,0,0,0,不确定/需复核,no_executable_point_binding,candidate:数量/时量补语候选;family:补语结构,1
EX-0144,不是目标语法点,不是目标语法点,0,0,0,0,不确定/需复核,no_executable_point_binding,candidate:数量/时量补语候选;family:补语结构,1
EX-0145,是目标语法点,不是目标语法点,0,0,0,0,不确定/需复核,no_executable_point_binding,candidate:可能补语候选;family:补语结构,1
EX-0146,是目标语法点,不是目标语法点,0,0,0,0,不确定/需复核,no_executable_point_binding,candidate:可能补语候选;family:补语结构,1
EX-0147,不是目标语法点,不是目标语法点,0,0,0,0,不确定/需复核,no_executable_point_binding,candidate:可能补语候选;family:补语结构,1
EX-0148,不是目标语法点,不是目标语法点,0,0,0,0,不确定/需复核,no_executable_point_binding,candidate:可能补语候选;family:补语结构,1
EX-0149,是目标语法点,不是目标语法点,0,0,0,0,不确定/需复核,no_executable_point_binding,candidate:方位名词;family:,0
EX-0150,是目标语法点,不是目标语法点,0,0,0,0,不确定/需复核,no_executable_point_binding,candidate:方位名词;family:,0
EX-0151,不是目标语法点,不是目标语法点,0,0,0,0,不确定/需复核,no_executable_point_binding,candidate:方位名词;family:,0
EX-0152,不是目标语法点,不是目标语法点,0,0,0,0,不确定/需复核,no_executable_point_binding,candidate:方位名词;family:,0
EX-0153,是目标语法点,不是目标语法点,0,0,0,0,不确定/需复核,no_executable_point_binding,candidate:能愿动词;family:,0
EX-0154,是目标语法点,不是目标语法点,0,0,0,0,不确定/需复核,no_executable_point_binding,candidate:能愿动词;family:,0
EX-0155,不是目标语法点,不是目标语法点,0,0,0,0,不确定/需复核,no_executable_point_binding,candidate:能愿动词;family:,0
EX-0156,不是目标语法点,不是目标语法点,0,0,0,0,不确定/需复核,no_executable_point_binding,candidate:能愿动词;family:,0
EX-0157,是目标语法点,不是目标语法点,0,0,0,0,不确定/需复核,no_executable_point_binding,candidate:数量短语;family:,0
EX-0158,是目标语法点,不是目标语法点,0,0,0,0,不确定/需复核,no_executable_point_binding,candidate:数量短语;family:,0
EX-0159,不是目标语法点,不是目标语法点,0,0,0,0,不确定/需复核,no_executable_point_binding,candidate:数量短语;family:,0
EX-0160,不是目标语法点,不是目标语法点,0,0,0,0,不确定/需复核,no_executable_point_binding,candidate:数量短语;family:,0
EX-0161,是目标语法点,不是目标语法点,0,0,0,0,不确定/需复核,no_executable_point_binding,candidate:联合短语;family:,0
EX-0162,是目标语法点,不是目标语法点,0,0,0,0,不确定/需复核,no_executable_point_binding,candidate:联合短语;family:,0
EX-0163,不是目标语法点,不是目标语法点,0,0,0,0,不确定/需复核,no_executable_point_binding,candidate:联合短语;family:,0
EX-0164,不是目标语法点,不是目标语法点,0,0,0,0,不确定/需复核,no_executable_point_binding,candidate:联合短语;family:,0
EX-0165,是目标语法点,不是目标语法点,0,0,0,0,不确定/需复核,no_executable_point_binding,candidate:名词作主语;family:,0
EX-0166,是目标语法点,不是目标语法点,0,0,0,0,不确定/需复核,no_executable_point_binding,candidate:名词作主语;family:,0
EX-0167,不是目标语法点,不是目标语法点,0,0,0,0,不确定/需复核,no_executable_point_binding,candidate:名词作主语;family:,0
EX-0168,不是目标语法点,不是目标语法点,0,0,0,0,不确定/需复核,no_executable_point_binding,candidate:名词作主语;family:,0
EX-0169,是目标语法点,不是目标语法点,0,0,0,0,不确定/需复核,no_executable_point_binding,candidate:动词作谓语;family:,0
EX-0170,是目标语法点,不是目标语法点,0,0,0,0,不确定/需复核,no_executable_point_binding,candidate:动词作谓语;family:,0
EX-0171,不是目标语法点,不是目标语法点,0,0,0,0,不确定/需复核,no_executable_point_binding,candidate:动词作谓语;family:,0
EX-0172,不是目标语法点,不是目标语法点,0,0,0,0,不确定/需复核,no_executable_point_binding,candidate:动词作谓语;family:,0
EX-0173,是目标语法点,不是目标语法点,0,0,0,0,不确定/需复核,no_executable_point_binding,candidate:动词谓语句;family:,0
EX-0174,是目标语法点,不是目标语法点,0,0,0,0,不确定/需复核,no_executable_point_binding,candidate:动词谓语句;family:,0
EX-0175,不是目标语法点,不是目标语法点,0,0,0,0,不确定/需复核,no_executable_point_binding,candidate:动词谓语句;family:,0
EX-0176,不是目标语法点,不是目标语法点,0,0,0,0,不确定/需复核,no_executable_point_binding,candidate:动词谓语句;family:,0
EX-0177,是目标语法点,不是目标语法点,0,0,0,0,不确定/需复核,no_executable_point_binding,candidate:形容词谓语句;family:,0
EX-0178,是目标语法点,不是目标语法点,0,0,0,0,不确定/需复核,no_executable_point_binding,candidate:形容词谓语句;family:,0
EX-0179,不是目标语法点,不是目标语法点,0,0,0,0,不确定/需复核,no_executable_point_binding,candidate:形容词谓语句;family:,0
EX-0180,不是目标语法点,不是目标语法点,0,0,0,0,不确定/需复核,no_executable_point_binding,candidate:形容词谓语句;family:,0
EX-0181,是目标语法点,不是目标语法点,0,0,0,0,不确定/需复核,no_executable_point_binding,candidate:了2变化态;family:,0
EX-0182,是目标语法点,不是目标语法点,0,0,0,0,不确定/需复核,no_executable_point_binding,candidate:了2变化态;family:,0
EX-0183,不是目标语法点,不是目标语法点,0,0,0,0,不确定/需复核,no_executable_point_binding,candidate:了2变化态;family:,0
EX-0184,不是目标语法点,不是目标语法点,0,0,0,0,不确定/需复核,no_executable_point_binding,candidate:了2变化态;family:,0
EX-0185,是目标语法点,不是目标语法点,0,0,0,0,不确定/需复核,no_executable_point_binding,candidate:了1完成态;family:,0
EX-0186,是目标语法点,不是目标语法点,0,0,0,0,不确定/需复核,no_executable_point_binding,candidate:了1完成态;family:,0
EX-0187,不是目标语法点,不是目标语法点,0,0,0,0,不确定/需复核,no_executable_point_binding,candidate:了1完成态;family:,0
EX-0188,不是目标语法点,不是目标语法点,0,0,0,0,不确定/需复核,no_executable_point_binding,candidate:了1完成态;family:,0
EX-0189,是目标语法点,不是目标语法点,0,0,0,0,不确定/需复核,no_executable_point_binding,candidate:钱数表示法;family:,0
EX-0190,是目标语法点,不是目标语法点,0,0,0,0,不确定/需复核,no_executable_point_binding,candidate:钱数表示法;family:,0
EX-0191,不是目标语法点,不是目标语法点,0,0,0,0,不确定/需复核,no_executable_point_binding,candidate:钱数表示法;family:,0
EX-0192,不是目标语法点,不是目标语法点,0,0,0,0,不确定/需复核,no_executable_point_binding,candidate:钱数表示法;family:,0
EX-0193,是目标语法点,不是目标语法点,0,0,0,0,不确定/需复核,no_executable_point_binding,candidate:年月日星期;family:,0
EX-0194,是目标语法点,不是目标语法点,0,0,0,0,不确定/需复核,no_executable_point_binding,candidate:年月日星期;family:,0
EX-0195,不是目标语法点,不是目标语法点,0,0,0,0,不确定/需复核,no_executable_point_binding,candidate:年月日星期;family:,0
EX-0196,不是目标语法点,不是目标语法点,0,0,0,0,不确定/需复核,no_executable_point_binding,candidate:年月日星期;family:,0
EX-0197,是目标语法点,不是目标语法点,0,0,0,0,不确定/需复核,no_executable_point_binding,candidate:用吗提问;family:,0
EX-0198,是目标语法点,不是目标语法点,0,0,0,0,不确定/需复核,no_executable_point_binding,candidate:用吗提问;family:,0
EX-0199,不是目标语法点,不是目标语法点,0,0,0,0,不确定/需复核,no_executable_point_binding,candidate:用吗提问;family:,0
EX-0200,不是目标语法点,不是目标语法点,0,0,1,0,表层触发但非目标,no_executable_point_binding|metalinguistic_or_ocr,candidate:用吗提问;family:;rule:GLOBAL-META-MENTION,0
EX-0201,是目标语法点,不是目标语法点,0,0,0,0,不确定/需复核,no_executable_point_binding,candidate:疑问代词提问;family:,0
EX-0202,是目标语法点,不是目标语法点,0,0,0,0,不确定/需复核,no_executable_point_binding,candidate:疑问代词提问;family:,0
EX-0203,不是目标语法点,不是目标语法点,0,0,0,0,不确定/需复核,no_executable_point_binding,candidate:疑问代词提问;family:,0
EX-0204,不是目标语法点,不是目标语法点,0,0,0,0,不确定/需复核,no_executable_point_binding,candidate:疑问代词提问;family:,0
EX-0205,是目标语法点,不是目标语法点,0,0,0,0,不确定/需复核,no_executable_point_binding,candidate:还是吧;family:,0
EX-0206,是目标语法点,不是目标语法点,0,0,0,0,不确定/需复核,no_executable_point_binding,candidate:还是吧;family:,0
EX-0207,不是目标语法点,不是目标语法点,0,0,0,0,不确定/需复核,no_executable_point_binding,candidate:还是吧;family:,0
EX-0208,不是目标语法点,不是目标语法点,0,0,1,0,表层触发但非目标,no_executable_point_binding|metalinguistic_or_ocr,candidate:还是吧;family:;rule:GLOBAL-META-MENTION,0
EX-0209,是目标语法点,不是目标语法点,0,0,0,0,不确定/需复核,no_executable_point_binding,candidate:又又;family:,0
EX-0210,是目标语法点,不是目标语法点,0,0,0,0,不确定/需复核,no_executable_point_binding,candidate:又又;family:,0
EX-0211,不是目标语法点,不是目标语法点,0,0,0,0,不确定/需复核,no_executable_point_binding,candidate:又又;family:,0
EX-0212,不是目标语法点,不是目标语法点,0,0,1,0,表层触发但非目标,no_executable_point_binding|metalinguistic_or_ocr,candidate:又又;family:;rule:GLOBAL-META-MENTION,0
EX-0213,是目标语法点,不是目标语法点,0,0,0,0,不确定/需复核,no_executable_point_binding,candidate:就表示强调;family:,0
EX-0214,是目标语法点,不是目标语法点,0,0,0,0,不确定/需复核,no_executable_point_binding,candidate:就表示强调;family:,0
EX-0215,不是目标语法点,不是目标语法点,0,0,0,0,不确定/需复核,no_executable_point_binding,candidate:就表示强调;family:,0
EX-0216,不是目标语法点,不是目标语法点,0,0,1,0,表层触发但非目标,no_executable_point_binding|metalinguistic_or_ocr,candidate:就表示强调;family:;rule:GLOBAL-META-MENTION,0
EX-0217,是目标语法点,不是目标语法点,0,0,0,0,不确定/需复核,no_executable_point_binding,candidate:一点儿也不;family:,0
EX-0218,是目标语法点,不是目标语法点,0,0,0,0,不确定/需复核,no_executable_point_binding,candidate:一点儿也不;family:,0
EX-0219,不是目标语法点,不是目标语法点,0,0,0,0,不确定/需复核,no_executable_point_binding,candidate:一点儿也不;family:,0
EX-0220,不是目标语法点,不是目标语法点,0,0,1,0,表层触发但非目标,no_executable_point_binding|metalinguistic_or_ocr,candidate:一点儿也不;family:;rule:GLOBAL-META-MENTION,0
EX-0221,是目标语法点,不是目标语法点,0,0,0,0,不确定/需复核,no_executable_point_binding,candidate:该了;family:,0
EX-0222,是目标语法点,不是目标语法点,0,0,0,0,不确定/需复核,no_executable_point_binding,candidate:该了;family:,0
EX-0223,不是目标语法点,不是目标语法点,0,0,0,0,不确定/需复核,no_executable_point_binding,candidate:该了;family:,0
EX-0224,不是目标语法点,不是目标语法点,0,0,1,0,表层触发但非目标,no_executable_point_binding|metalinguistic_or_ocr,candidate:该了;family:;rule:GLOBAL-META-MENTION,0
EX-0225,是目标语法点,不是目标语法点,0,0,0,0,不确定/需复核,no_executable_point_binding,candidate:要了;family:,0
EX-0226,是目标语法点,不是目标语法点,0,0,0,0,不确定/需复核,no_executable_point_binding,candidate:要了;family:,0
EX-0227,不是目标语法点,不是目标语法点,0,0,0,0,不确定/需复核,no_executable_point_binding,candidate:要了;family:,0
EX-0228,不是目标语法点,不是目标语法点,0,0,1,0,表层触发但非目标,no_executable_point_binding|metalinguistic_or_ocr,candidate:要了;family:;rule:GLOBAL-META-MENTION,0
EX-0229,是目标语法点,不是目标语法点,0,0,0,0,不确定/需复核,no_executable_point_binding,candidate:前缀第老小;family:,0
EX-0230,是目标语法点,不是目标语法点,0,0,0,0,不确定/需复核,no_executable_point_binding,candidate:前缀第老小;family:,0
EX-0231,不是目标语法点,不是目标语法点,0,0,0,0,不确定/需复核,no_executable_point_binding,candidate:前缀第老小;family:,0
EX-0232,不是目标语法点,不是目标语法点,0,0,0,0,不确定/需复核,no_executable_point_binding,candidate:前缀第老小;family:,0
EX-0233,是目标语法点,不是目标语法点,0,0,0,0,不确定/需复核,no_executable_point_binding,candidate:后缀儿家们头子;family:,0
EX-0234,是目标语法点,不是目标语法点,0,0,0,0,不确定/需复核,no_executable_point_binding,candidate:后缀儿家们头子;family:,0
EX-0235,不是目标语法点,不是目标语法点,0,0,0,0,不确定/需复核,no_executable_point_binding,candidate:后缀儿家们头子;family:,0
EX-0236,不是目标语法点,不是目标语法点,0,0,0,0,不确定/需复核,no_executable_point_binding,candidate:后缀儿家们头子;family:,0
EX-0237,是目标语法点,不是目标语法点,0,0,0,0,不确定/需复核,no_executable_point_binding,candidate:人称代词复指;family:,0
EX-0238,是目标语法点,不是目标语法点,0,0,0,0,不确定/需复核,no_executable_point_binding,candidate:人称代词复指;family:,0
EX-0239,不是目标语法点,不是目标语法点,0,0,0,0,不确定/需复核,no_executable_point_binding,candidate:人称代词复指;family:,0
EX-0240,不是目标语法点,不是目标语法点,0,0,0,0,不确定/需复核,no_executable_point_binding,candidate:人称代词复指;family:,0
EX-0241,是目标语法点,不是目标语法点,0,0,0,0,不确定/需复核,no_executable_point_binding,candidate:省略主语;family:,0
EX-0242,是目标语法点,不是目标语法点,0,0,0,0,不确定/需复核,no_executable_point_binding,candidate:省略主语;family:,0
EX-0243,不是目标语法点,不是目标语法点,0,0,0,0,不确定/需复核,no_executable_point_binding,candidate:省略主语;family:,0
EX-0244,不是目标语法点,不是目标语法点,0,0,0,0,不确定/需复核,no_executable_point_binding,candidate:省略主语;family:,0
