unit_id,evaluated_release_id,specification_judgment,anchor_precision,revision_id,runtime_binding_changed,affected_benchmark_items
RV-0001,compiler-inputs-2026-09-26,wording_repair_condition_unchanged,cited_page_used_for_judgment,,false,0
RV-0002,compiler-inputs-2026-09-26,consistent_with_cited_page,cited_page_used_for_judgment,,false,0
RV-0003,compiler-inputs-2026-09-26,consistent_with_cited_page,cited_page_used_for_judgment,,false,0
RV-0004,compiler-inputs-2026-09-26,consistent_with_cited_page,cited_page_used_for_judgment,,false,0
RV-0005,compiler-inputs-2026-09-26,consistent_with_cited_page,cited_page_used_for_judgment,,false,0
RV-0006,compiler-inputs-2026-09-26,consistent_with_cited_page,cited_page_used_for_judgment,,false,0
RV-0007,compiler-inputs-2026-09-26,consistent_with_cited_page,cited_page_used_for_judgment,,false,0
RV-0008,compiler-inputs-2026-09-26,consistent_with_cited_page,cited_page_used_for_judgment,,false,0
RV-0009,compiler-inputs-2026-09-26,consistent_with_cited_page,cited_page_used_for_judgment,,false,0
RV-0010,compiler-inputs-2026-09-26,anchor_too_coarse,coarse_appendix_range,,false,0
RV-0011,compiler-inputs-2026-09-26,wording_repair_condition_unchanged,cited_page_used_for_judgment,,false,0
RV-0012,compiler-inputs-2026-09-26,consistent_with_cited_page,cited_page_used_for_judgment,,false,0
RV-0013,compiler-inputs-2026-09-26,consistent_with_cited_page,cited_page_used_for_judgment,,false,0
RV-0014,compiler-inputs-2026-09-26,anchor_too_coarse,coarse_appendix_range,,false,0
RV-0015,compiler-inputs-2026-09-26,anchor_too_coarse,coarse_appendix_range,,false,0
RV-0016,compiler-inputs-2026-09-26,consistent_with_cited_page,cited_page_used_for_judgment,,false,0
RV-0017,compiler-inputs-2026-09-26,consistent_with_cited_page,cited_page_used_for_judgment,,false,0
RV-0018,compiler-inputs-2026-09-26,consistent_with_cited_page,cited_page_used_for_judgment,,false,0
RV-0019,compiler-inputs-2026-09-26,consistent_with_cited_page,cited_page_used_for_judgment,,false,0
RV-0020,compiler-inputs-2026-09-26,consistent_with_cited_page,cited_page_used_for_judgment,,false,0
RV-0021,compiler-inputs-2026-09-26,consistent_with_cited_page,cited_page_used_for_judgment,,false,0
RV-0022,compiler-inputs-2026-09-26,consistent_with_cited_page,cited_page_used_for_judgment,,false,0
RV-0023,compiler-inputs-2026-09-26,consistent_with_cited_page,cited_page_used_for_judgment,,false,0
RV-0024,compiler-inputs-2026-09-26,consistent_with_cited_page,cited_page_used_for_judgment,,false,0
RV-0025,compiler-inputs-2026-09-26,consistent_with_cited_page,cited_page_used_for_judgment,,false,0
RV-0026,compiler-inputs-2026-09-26,consistent_with_cited_page,cited_page_used_for_judgment,,false,0
RV-0027,compiler-inputs-2026-09-26,consistent_with_cited_page,cited_page_used_for_judgment,,false,0
RV-0028,compiler-inputs-2026-09-26,consistent_with_cited_page,cited_page_used_for_judgment,,false,0
RV-0029,compiler-inputs-2026-09-26,consistent_with_cited_page,cited_page_used_for_judgment,,false,0
RV-0030,compiler-inputs-2026-09-26,consistent_with_cited_page,cited_page_used_for_judgment,,false,0
RV-0031,compiler-inputs-2026-09-26,anchor_too_coarse,coarse_appendix_range,,false,0
RV-0032,compiler-inputs-2026-09-26,consistent_with_cited_page,cited_page_used_for_judgment,,false,0
RV-0033,compiler-inputs-2026-09-26,consistent_with_cited_page,cited_page_used_for_judgment,,false,0
RV-0034,compiler-inputs-2026-09-26,consistent_with_cited_page,cited_page_used_for_judgment,,false,0
RV-0035,compiler-inputs-2026-09-26,consistent_with_cited_page,cited_page_used_for_judgment,,false,0
RV-0036,compiler-inputs-2026-09-26,consistent_with_cited_page,cited_page_used_for_judgment,,false,0
RV-0037,compiler-inputs-2026-09-26,consistent_with_cited_page,cited_page_used_for_judgment,,false,0
RV-0038,compiler-inputs-2026-09-26,consistent_with_cited_page,cited_page_used_for_judgment,,false,0
RV-0039,compiler-inputs-2026-09-26,wording_repair_condition_unchanged,cited_page_used_for_judgment,,false,0
RV-0040,compiler-inputs-2026-09-26,wording_repair_condition_unchanged,cited_page_used_for_judgment,,false,0
RV-0041,compiler-inputs-2026-09-26,wording_repair_condition_unchanged,cited_page_used_for_judgment,,false,0
RV-0042,compiler-inputs-2026-09-26,wording_repair_condition_unchanged,cited_page_used_for_judgment,,false,0
RV-0043,compiler-inputs-2026-09-26,wording_repair_condition_unchanged,cited_page_used_for_judgment,,false,0
RV-0044,compiler-inputs-2026-09-26,consistent_with_cited_page,cited_page_used_for_judgment,,false,0
RV-0045,compiler-inputs-2026-09-26,consistent_with_cited_page,cited_page_used_for_judgment,,false,0
RV-0046,compiler-inputs-2026-09-26,anchor_too_coarse,coarse_appendix_range,,false,0
RV-0047,compiler-inputs-2026-09-26,wording_repair_condition_unchanged,cited_page_used_for_judgment,,false,0
RV-0048,compiler-inputs-2026-09-26,wording_repair_condition_unchanged,cited_page_used_for_judgment,,false,0
RV-0049,compiler-inputs-2026-09-26,wording_repair_condition_unchanged,cited_page_used_for_judgment,,false,0
RV-0050,compiler-inputs-2026-09-26,consistent_with_cited_page,cited_page_used_for_judgment,,false,0
RV-0051,compiler-inputs-2026-09-26,consistent_with_cited_page,cited_page_used_for_judgment,,false,0
RV-0052,compiler-inputs-2026-09-26,consistent_with_cited_page,cited_page_used_for_judgment,,false,0
RV-0053,compiler-inputs-2026-09-26,consistent_with_cited_page,cited_page_used_for_judgment,,false,0
RV-0054,compiler-inputs-2026-09-26,consistent_with_cited_page,cited_page_used_for_judgment,,false,0
RV-0055,compiler-inputs-2026-09-26,consistent_with_cited_page,cited_page_used_for_judgment,,false,0
RV-0056,compiler-inputs-2026-09-26,consistent_with_cited_page,cited_page_used_for_judgment,,false,0
RV-0057,compiler-inputs-2026-09-26,consistent_with_cited_page,cited_page_used_for_judgment,,false,0
RV-0058,compiler-inputs-2026-09-26,consistent_with_cited_page,cited_page_used_for_judgment,,false,0
RV-0059,compiler-inputs-2026-09-26,consistent_with_cited_page,cited_page_used_for_judgment,,false,0
RV-0060,compiler-inputs-2026-09-26,consistent_with_cited_page,cited_page_used_for_judgment,,false,0
RV-0061,compiler-inputs-2026-09-26,consistent_with_cited_page,cited_page_used_for_judgment,,false,0
RV-0062,compiler-inputs-2026-09-26,consistent_with_cited_page,cited_page_used_for_judgment,,false,0
RV-0063,compiler-inputs-2026-09-26,consistent_with_cited_page,cited_page_used_for_judgment,,false,0
RV-0064,compiler-inputs-2026-09-26,consistent_with_cited_page,cited_page_used_for_judgment,,false,0
RV-0065,compiler-inputs-2026-09-26,consistent_with_cited_page,cited_page_used_for_judgment,,false,0
RV-0066,compiler-inputs-2026-09-26,consistent_with_cited_page,cited_page_used_for_judgment,,false,0
RV-0067,compiler-inputs-2026-09-26,consistent_with_cited_page,cited_page_used_for_judgment,,false,0
RV-0068,compiler-inputs-2026-09-26,consistent_with_cited_page,cited_page_used_for_judgment,,false,0
RV-0069,compiler-inputs-2026-09-26,consistent_with_cited_page,cited_page_used_for_judgment,,false,0
RV-0070,compiler-inputs-2026-09-26,consistent_with_cited_page,cited_page_used_for_judgment,,false,0
RV-0071,compiler-inputs-2026-09-26,consistent_with_cited_page,cited_page_used_for_judgment,,false,0
RV-0072,compiler-inputs-2026-09-26,anchor_too_coarse,coarse_appendix_range,,false,0
RV-0073,compiler-inputs-2026-09-26,consistent_with_cited_page,cited_page_used_for_judgment,,false,0
RV-0074,compiler-inputs-2026-09-26,anchor_too_coarse,coarse_appendix_range,,false,0
RV-0075,compiler-inputs-2026-09-26,wording_repair_condition_unchanged,cited_page_used_for_judgment,,false,0
RV-0076,compiler-inputs-2026-09-26,consistent_with_cited_page,cited_page_used_for_judgment,,false,0
RV-0077,compiler-inputs-2026-09-26,consistent_with_cited_page,cited_page_used_for_judgment,,false,0
RV-0078,compiler-inputs-2026-09-26,anchor_too_coarse,coarse_appendix_range,,false,0
RV-0079,compiler-inputs-2026-09-26,consistent_with_cited_page,cited_page_used_for_judgment,,false,0
RV-0080,compiler-inputs-2026-09-26,consistent_with_cited_page,cited_page_used_for_judgment,,false,0
RV-0081,compiler-inputs-2026-09-26,wording_repair_condition_unchanged,cited_page_used_for_judgment,,false,0
RV-0082,compiler-inputs-2026-09-26,consistent_with_cited_page,cited_page_used_for_judgment,,false,0
RV-0083,compiler-inputs-2026-09-26,consistent_with_cited_page,cited_page_used_for_judgment,,false,0
RV-0084,compiler-inputs-2026-09-26,condition_mismatch,point_page,RW-20260926-RV-0084,false,0
RV-0085,compiler-inputs-2026-09-26,consistent_with_cited_page,cited_page_used_for_judgment,,false,0
RV-0086,compiler-inputs-2026-09-26,consistent_with_cited_page,cited_page_used_for_judgment,,false,0
RV-0087,compiler-inputs-2026-09-26,consistent_with_cited_page,cited_page_used_for_judgment,,false,0
RV-0088,compiler-inputs-2026-09-26,consistent_with_cited_page,cited_page_used_for_judgment,,false,0
RV-0089,compiler-inputs-2026-09-26,consistent_with_cited_page,cited_page_used_for_judgment,,false,0
RV-0090,compiler-inputs-2026-09-26,consistent_with_cited_page,cited_page_used_for_judgment,,false,0
RV-0091,compiler-inputs-2026-09-26,consistent_with_cited_page,cited_page_used_for_judgment,,false,0
RV-0092,compiler-inputs-2026-09-26,consistent_with_cited_page,cited_page_used_for_judgment,,false,0
RV-0093,compiler-inputs-2026-09-26,consistent_with_cited_page,cited_page_used_for_judgment,,false,0
RV-0094,compiler-inputs-2026-09-26,consistent_with_cited_page,cited_page_used_for_judgment,,false,0
RV-0095,compiler-inputs-2026-09-26,consistent_with_cited_page,cited_page_used_for_judgment,,false,0
RV-0096,compiler-inputs-2026-09-26,consistent_with_cited_page,cited_page_used_for_judgment,,false,0
RV-0097,compiler-inputs-2026-09-26,consistent_with_cited_page,cited_page_used_for_judgment,,false,0
RV-0098,compiler-inputs-2026-09-26,consistent_with_cited_page,cited_page_used_for_judgment,,false,0
RV-0099,compiler-inputs-2026-09-26,consistent_with_cited_page,cited_page_used_for_judgment,,false,0
RV-0100,compiler-inputs-2026-09-26,consistent_with_cited_page,cited_page_used_for_judgment,,false,0
RV-0101,compiler-inputs-2026-09-26,consistent_with_cited_page,cited_page_used_for_judgment,,false,0
RV-0102,compiler-inputs-2026-09-26,consistent_with_cited_page,cited_page_used_for_judgment,,false,0
RV-0103,compiler-inputs-2026-09-26,consistent_with_cited_page,cited_page_used_for_judgment,,false,0
RV-0104,compiler-inputs-2026-09-26,consistent_with_cited_page,cited_page_used_for_judgment,,false,0
RV-0105,compiler-inputs-2026-09-26,consistent_with_cited_page,cited_page_used_for_judgment,,false,0
RV-0106,compiler-inputs-2026-09-26,consistent_with_cited_page,cited_page_used_for_judgment,,false,0
RV-0107,compiler-inputs-2026-09-26,consistent_with_cited_page,cited_page_used_for_judgment,,false,0
RV-0108,compiler-inputs-2026-09-26,consistent_with_cited_page,cited_page_used_for_judgment,,false,0
RV-0109,compiler-inputs-2026-09-26,consistent_with_cited_page,cited_page_used_for_judgment,,false,0
RV-0110,compiler-inputs-2026-09-26,consistent_with_cited_page,cited_page_used_for_judgment,,false,0
RV-0111,compiler-inputs-2026-09-26,anchor_too_coarse,coarse_appendix_range,,false,0
RV-0112,compiler-inputs-2026-09-26,anchor_too_coarse,coarse_appendix_range,,false,0
RV-0113,compiler-inputs-2026-09-26,consistent_with_cited_page,cited_page_used_for_judgment,,false,0
RV-0114,compiler-inputs-2026-09-26,consistent_with_cited_page,cited_page_used_for_judgment,,false,0
RV-0115,compiler-inputs-2026-09-26,consistent_with_cited_page,cited_page_used_for_judgment,,false,0
RV-0116,compiler-inputs-2026-09-26,consistent_with_cited_page,cited_page_used_for_judgment,,false,0
RV-0117,compiler-inputs-2026-09-26,wording_repair_condition_unchanged,cited_page_used_for_judgment,,false,0
RV-0118,compiler-inputs-2026-09-26,consistent_with_cited_page,cited_page_used_for_judgment,,false,0
RV-0119,compiler-inputs-2026-09-26,consistent_with_cited_page,cited_page_used_for_judgment,,false,0
RV-0120,compiler-inputs-2026-09-26,consistent_with_cited_page,cited_page_used_for_judgment,,false,0
RV-0121,compiler-inputs-2026-09-26,wording_repair_condition_unchanged,cited_page_used_for_judgment,,false,0
RV-0122,compiler-inputs-2026-09-26,wording_repair_condition_unchanged,cited_page_used_for_judgment,,false,0
RV-0123,compiler-inputs-2026-09-26,wording_repair_condition_unchanged,cited_page_used_for_judgment,,false,0
RV-0124,compiler-inputs-2026-09-26,wording_repair_condition_unchanged,cited_page_used_for_judgment,,false,0
RV-0125,compiler-inputs-2026-09-26,consistent_with_cited_page,cited_page_used_for_judgment,,false,0
RV-0126,compiler-inputs-2026-09-26,anchor_too_coarse,coarse_appendix_range,,false,0
RV-0127,compiler-inputs-2026-09-26,anchor_too_coarse,coarse_appendix_range,,false,0
RV-0128,compiler-inputs-2026-09-26,anchor_too_coarse,coarse_appendix_range,,false,0
RV-0129,compiler-inputs-2026-09-26,anchor_too_coarse,coarse_appendix_range,,false,0
RV-0130,compiler-inputs-2026-09-26,consistent_with_cited_page,cited_page_used_for_judgment,,false,0
RV-0131,compiler-inputs-2026-09-26,consistent_with_cited_page,cited_page_used_for_judgment,,false,0
RV-0132,compiler-inputs-2026-09-26,wording_repair_condition_unchanged,cited_page_used_for_judgment,,false,0
RV-0133,compiler-inputs-2026-09-26,consistent_with_cited_page,cited_page_used_for_judgment,,false,0
RV-0134,compiler-inputs-2026-09-26,consistent_with_cited_page,cited_page_used_for_judgment,,false,0
RV-0135,compiler-inputs-2026-09-26,consistent_with_cited_page,cited_page_used_for_judgment,,false,0
RV-0136,compiler-inputs-2026-09-26,consistent_with_cited_page,cited_page_used_for_judgment,,false,0
RV-0137,compiler-inputs-2026-09-26,consistent_with_cited_page,cited_page_used_for_judgment,,false,0
RV-0138,compiler-inputs-2026-09-26,wording_repair_condition_unchanged,cited_page_used_for_judgment,,false,0
RV-0139,compiler-inputs-2026-09-26,consistent_with_cited_page,cited_page_used_for_judgment,,false,0
RV-0140,compiler-inputs-2026-09-26,consistent_with_cited_page,cited_page_used_for_judgment,,false,0
RV-0141,compiler-inputs-2026-09-26,consistent_with_cited_page,cited_page_used_for_judgment,,false,0
RV-0142,compiler-inputs-2026-09-26,wording_repair_condition_unchanged,cited_page_used_for_judgment,,false,0
RV-0143,compiler-inputs-2026-09-26,consistent_with_cited_page,cited_page_used_for_judgment,,false,0
RV-0144,compiler-inputs-2026-09-26,consistent_with_cited_page,cited_page_used_for_judgment,,false,0
RV-0145,compiler-inputs-2026-09-26,consistent_with_cited_page,cited_page_used_for_judgment,,false,0
RV-0146,compiler-inputs-2026-09-26,consistent_with_cited_page,cited_page_used_for_judgment,,false,0
RV-0147,compiler-inputs-2026-09-26,consistent_with_cited_page,cited_page_used_for_judgment,,false,0
RV-0148,compiler-inputs-2026-09-26,consistent_with_cited_page,cited_page_used_for_judgment,,false,0
RV-0149,compiler-inputs-2026-09-26,wording_repair_condition_unchanged,cited_page_used_for_judgment,,false,0
RV-0150,compiler-inputs-2026-09-26,wording_repair_condition_unchanged,cited_page_used_for_judgment,,false,0
RV-0151,compiler-inputs-2026-09-26,wording_repair_condition_unchanged,cited_page_used_for_judgment,,false,0
RV-0152,compiler-inputs-2026-09-26,consistent_with_cited_page,cited_page_used_for_judgment,,false,0
RV-0153,compiler-inputs-2026-09-26,consistent_with_cited_page,cited_page_used_for_judgment,,false,0
RV-0154,compiler-inputs-2026-09-26,consistent_with_cited_page,cited_page_used_for_judgment,,false,0
RV-0155,compiler-inputs-2026-09-26,consistent_with_cited_page,cited_page_used_for_judgment,,false,0
RV-0156,compiler-inputs-2026-09-26,consistent_with_cited_page,cited_page_used_for_judgment,,false,0
RV-0157,compiler-inputs-2026-09-26,consistent_with_cited_page,cited_page_used_for_judgment,,false,0
RV-0158,compiler-inputs-2026-09-26,consistent_with_cited_page,cited_page_used_for_judgment,,false,0
RV-0159,compiler-inputs-2026-09-26,consistent_with_cited_page,cited_page_used_for_judgment,,false,0
RV-0160,compiler-inputs-2026-09-26,consistent_with_cited_page,cited_page_used_for_judgment,,false,0
RV-0161,compiler-inputs-2026-09-26,consistent_with_cited_page,cited_page_used_for_judgment,,false,0
RV-0162,compiler-inputs-2026-09-26,anchor_too_coarse,coarse_appendix_range,,false,0
RV-0163,compiler-inputs-2026-09-26,consistent_with_cited_page,cited_page_used_for_judgment,,false,0
RV-0164,compiler-inputs-2026-09-26,consistent_with_cited_page,cited_page_used_for_judgment,,false,0
RV-0165,compiler-inputs-2026-09-26,anchor_too_coarse,coarse_appendix_range,,false,0
RV-0166,compiler-inputs-2026-09-26,consistent_with_cited_page,cited_page_used_for_judgment,,false,0
RV-0167,compiler-inputs-2026-09-26,anchor_too_coarse,coarse_appendix_range,,false,0
RV-0168,compiler-inputs-2026-09-26,consistent_with_cited_page,cited_page_used_for_judgment,,false,0
RV-0169,compiler-inputs-2026-09-26,consistent_with_cited_page,cited_page_used_for_judgment,,false,0
RV-0170,compiler-inputs-2026-09-26,consistent_with_cited_page,cited_page_used_for_judgment,,false,0
RV-0171,compiler-inputs-2026-09-26,consistent_with_cited_page,cited_page_used_for_judgment,,false,0
RV-0172,compiler-inputs-2026-09-26,consistent_with_cited_page,cited_page_used_for_judgment,,false,0
RV-0173,compiler-inputs-2026-09-26,consistent_with_cited_page,cited_page_used_for_judgment,,false,0
RV-0174,compiler-inputs-2026-09-26,anchor_too_coarse,coarse_appendix_range,,false,0
RV-0175,compiler-inputs-2026-09-26,anchor_too_coarse,coarse_appendix_range,,false,0
RV-0176,compiler-inputs-2026-09-26,anchor_too_coarse,coarse_appendix_range,,false,0
RV-0177,compiler-inputs-2026-09-26,anchor_too_coarse,coarse_appendix_range,,false,0
RV-0178,compiler-inputs-2026-09-26,wording_repair_condition_unchanged,cited_page_used_for_judgment,,false,0
RV-0179,compiler-inputs-2026-09-26,anchor_too_coarse,coarse_appendix_range,,false,0
RV-0180,compiler-inputs-2026-09-26,consistent_with_cited_page,cited_page_used_for_judgment,,false,0
RV-0181,compiler-inputs-2026-09-26,anchor_too_coarse,coarse_appendix_range,,false,0
RV-0182,compiler-inputs-2026-09-26,anchor_too_coarse,coarse_appendix_range,,false,0
RV-0183,compiler-inputs-2026-09-26,consistent_with_cited_page,cited_page_used_for_judgment,,false,0
RV-0184,compiler-inputs-2026-09-26,wording_repair_condition_unchanged,cited_page_used_for_judgment,,false,0
RV-0185,compiler-inputs-2026-09-26,wording_repair_condition_unchanged,cited_page_used_for_judgment,,false,0
RV-0186,compiler-inputs-2026-09-26,consistent_with_cited_page,cited_page_used_for_judgment,,false,0
RV-0187,compiler-inputs-2026-09-26,consistent_with_cited_page,cited_page_used_for_judgment,,false,0
RV-0188,compiler-inputs-2026-09-26,consistent_with_cited_page,cited_page_used_for_judgment,,false,0
RV-0189,compiler-inputs-2026-09-26,consistent_with_cited_page,cited_page_used_for_judgment,,false,0
RV-0190,compiler-inputs-2026-09-26,consistent_with_cited_page,cited_page_used_for_judgment,,false,0
RV-0191,compiler-inputs-2026-09-26,consistent_with_cited_page,cited_page_used_for_judgment,,false,0
RV-0192,compiler-inputs-2026-09-26,wording_repair_condition_unchanged,cited_page_used_for_judgment,,false,0
RV-0193,compiler-inputs-2026-09-26,consistent_with_cited_page,cited_page_used_for_judgment,,false,0
RV-0194,compiler-inputs-2026-09-26,consistent_with_cited_page,cited_page_used_for_judgment,,false,0
RV-0195,compiler-inputs-2026-09-26,consistent_with_cited_page,cited_page_used_for_judgment,,false,0
RV-0196,compiler-inputs-2026-09-26,consistent_with_cited_page,cited_page_used_for_judgment,,false,0
RV-0197,compiler-inputs-2026-09-26,wording_repair_condition_unchanged,cited_page_used_for_judgment,,false,0
RV-0198,compiler-inputs-2026-09-26,consistent_with_cited_page,cited_page_used_for_judgment,,false,0
RV-0199,compiler-inputs-2026-09-26,consistent_with_cited_page,cited_page_used_for_judgment,,false,0
RV-0200,compiler-inputs-2026-09-26,anchor_too_coarse,coarse_appendix_range,,false,0
RV-0201,compiler-inputs-2026-09-26,consistent_with_cited_page,cited_page_used_for_judgment,,false,0
RV-0202,compiler-inputs-2026-09-26,consistent_with_cited_page,cited_page_used_for_judgment,,false,0
RV-0203,compiler-inputs-2026-09-26,consistent_with_cited_page,cited_page_used_for_judgment,,false,0
RV-0204,compiler-inputs-2026-09-26,consistent_with_cited_page,cited_page_used_for_judgment,,false,0
RV-0205,compiler-inputs-2026-09-26,anchor_too_coarse,coarse_appendix_range,,false,0
RV-0206,compiler-inputs-2026-09-26,consistent_with_cited_page,cited_page_used_for_judgment,,false,0
RV-0207,compiler-inputs-2026-09-26,consistent_with_cited_page,cited_page_used_for_judgment,,false,0
RV-0208,compiler-inputs-2026-09-26,anchor_too_coarse,coarse_appendix_range,,false,0
RV-0209,compiler-inputs-2026-09-26,anchor_too_coarse,coarse_appendix_range,,false,0
RV-0210,compiler-inputs-2026-09-26,consistent_with_cited_page,cited_page_used_for_judgment,,false,0
RV-0211,compiler-inputs-2026-09-26,consistent_with_cited_page,cited_page_used_for_judgment,,false,0
RV-0212,compiler-inputs-2026-09-26,consistent_with_cited_page,cited_page_used_for_judgment,,false,0
RV-0213,compiler-inputs-2026-09-26,consistent_with_cited_page,cited_page_used_for_judgment,,false,0
RV-0214,compiler-inputs-2026-09-26,consistent_with_cited_page,cited_page_used_for_judgment,,false,0
RV-0215,compiler-inputs-2026-09-26,anchor_too_coarse,coarse_appendix_range,,false,0
RV-0216,compiler-inputs-2026-09-26,condition_mismatch,point_page,RW-20260926-RV-0216,false,0
RV-0217,compiler-inputs-2026-09-26,anchor_too_coarse,coarse_appendix_range,,false,0
RV-0218,compiler-inputs-2026-09-26,anchor_too_coarse,coarse_appendix_range,,false,0
RV-0219,compiler-inputs-2026-09-26,anchor_too_coarse,coarse_appendix_range,,false,0
RV-0220,compiler-inputs-2026-09-26,anchor_too_coarse,coarse_appendix_range,,false,0
RV-0221,compiler-inputs-2026-09-26,consistent_with_cited_page,cited_page_used_for_judgment,,false,0
RV-0222,compiler-inputs-2026-09-26,consistent_with_cited_page,cited_page_used_for_judgment,,false,0
RV-0223,compiler-inputs-2026-09-26,consistent_with_cited_page,cited_page_used_for_judgment,,false,0
RV-0224,compiler-inputs-2026-09-26,wording_repair_condition_unchanged,cited_page_used_for_judgment,,false,0
RV-0225,compiler-inputs-2026-09-26,wording_repair_condition_unchanged,cited_page_used_for_judgment,,false,0
RV-0226,compiler-inputs-2026-09-26,consistent_with_cited_page,cited_page_used_for_judgment,,false,0
RV-0227,compiler-inputs-2026-09-26,consistent_with_cited_page,cited_page_used_for_judgment,,false,0
RV-0228,compiler-inputs-2026-09-26,consistent_with_cited_page,cited_page_used_for_judgment,,false,0
RV-0229,compiler-inputs-2026-09-26,wording_repair_condition_unchanged,cited_page_used_for_judgment,,false,0
RV-0230,compiler-inputs-2026-09-26,consistent_with_cited_page,cited_page_used_for_judgment,,false,0
RV-0231,compiler-inputs-2026-09-26,consistent_with_cited_page,cited_page_used_for_judgment,,false,0
RV-0232,compiler-inputs-2026-09-26,anchor_too_coarse,coarse_appendix_range,,false,0
RV-0233,compiler-inputs-2026-09-26,anchor_too_coarse,coarse_appendix_range,,false,0
RV-0234,compiler-inputs-2026-09-26,anchor_too_coarse,coarse_appendix_range,,false,0
RV-0235,compiler-inputs-2026-09-26,consistent_with_cited_page,cited_page_used_for_judgment,,false,0
RV-0236,compiler-inputs-2026-09-26,anchor_too_coarse,coarse_appendix_range,,false,0
RV-0237,compiler-inputs-2026-09-26,consistent_with_cited_page,cited_page_used_for_judgment,,false,0
RV-0238,compiler-inputs-2026-09-26,consistent_with_cited_page,cited_page_used_for_judgment,,false,0
RV-0239,compiler-inputs-2026-09-26,consistent_with_cited_page,cited_page_used_for_judgment,,false,0
RV-0240,compiler-inputs-2026-09-26,consistent_with_cited_page,cited_page_used_for_judgment,,false,0
RV-0241,compiler-inputs-2026-09-26,consistent_with_cited_page,cited_page_used_for_judgment,,false,0
RV-0242,compiler-inputs-2026-09-26,consistent_with_cited_page,cited_page_used_for_judgment,,false,0
RV-0243,compiler-inputs-2026-09-26,anchor_too_coarse,coarse_appendix_range,,false,0
RV-0244,compiler-inputs-2026-09-26,wording_repair_condition_unchanged,cited_page_used_for_judgment,,false,0
RV-0245,compiler-inputs-2026-09-26,consistent_with_cited_page,cited_page_used_for_judgment,,false,0
RV-0246,compiler-inputs-2026-09-26,anchor_too_coarse,coarse_appendix_range,,false,0
RV-0247,compiler-inputs-2026-09-26,anchor_too_coarse,coarse_appendix_range,,false,0
RV-0248,compiler-inputs-2026-09-26,anchor_too_coarse,coarse_appendix_range,,false,0
RV-0249,compiler-inputs-2026-09-26,anchor_too_coarse,coarse_appendix_range,,false,0
RV-0250,compiler-inputs-2026-09-26,consistent_with_cited_page,cited_page_used_for_judgment,,false,0
RV-0251,compiler-inputs-2026-09-26,consistent_with_cited_page,cited_page_used_for_judgment,,false,0
RV-0252,compiler-inputs-2026-09-26,consistent_with_cited_page,cited_page_used_for_judgment,,false,0
RV-0253,compiler-inputs-2026-09-26,consistent_with_cited_page,cited_page_used_for_judgment,,false,0
RV-0254,compiler-inputs-2026-09-26,anchor_too_coarse,coarse_appendix_range,,false,0
RV-0255,compiler-inputs-2026-09-26,consistent_with_cited_page,cited_page_used_for_judgment,,false,0
RV-0256,compiler-inputs-2026-09-26,consistent_with_cited_page,cited_page_used_for_judgment,,false,0
RV-0257,compiler-inputs-2026-09-26,consistent_with_cited_page,cited_page_used_for_judgment,,false,0
RV-0258,compiler-inputs-2026-09-26,consistent_with_cited_page,cited_page_used_for_judgment,,false,0
RV-0259,compiler-inputs-2026-09-26,consistent_with_cited_page,cited_page_used_for_judgment,,false,0
RV-0260,compiler-inputs-2026-09-26,consistent_with_cited_page,cited_page_used_for_judgment,,false,0
RV-0261,compiler-inputs-2026-09-26,consistent_with_cited_page,cited_page_used_for_judgment,,false,0
RV-0262,compiler-inputs-2026-09-26,consistent_with_cited_page,cited_page_used_for_judgment,,false,0
RV-0263,compiler-inputs-2026-09-26,consistent_with_cited_page,cited_page_used_for_judgment,,false,0
RV-0264,compiler-inputs-2026-09-26,wording_repair_condition_unchanged,cited_page_used_for_judgment,,false,0
RV-0265,compiler-inputs-2026-09-26,consistent_with_cited_page,cited_page_used_for_judgment,,false,0
RV-0266,compiler-inputs-2026-09-26,consistent_with_cited_page,cited_page_used_for_judgment,,false,0
RV-0267,compiler-inputs-2026-09-26,anchor_too_coarse,coarse_appendix_range,,false,0
RV-0268,compiler-inputs-2026-09-26,consistent_with_cited_page,cited_page_used_for_judgment,,false,0
RV-0269,compiler-inputs-2026-09-26,consistent_with_cited_page,cited_page_used_for_judgment,,false,0
RV-0270,compiler-inputs-2026-09-26,wording_repair_condition_unchanged,cited_page_used_for_judgment,,false,0
RV-0271,compiler-inputs-2026-09-26,consistent_with_cited_page,cited_page_used_for_judgment,,false,0
RV-0272,compiler-inputs-2026-09-26,anchor_too_coarse,coarse_appendix_range,,false,0
RV-0273,compiler-inputs-2026-09-26,consistent_with_cited_page,cited_page_used_for_judgment,,false,0
RV-0274,compiler-inputs-2026-09-26,consistent_with_cited_page,cited_page_used_for_judgment,,false,0
RV-0275,compiler-inputs-2026-09-26,consistent_with_cited_page,cited_page_used_for_judgment,,false,0
RV-0276,compiler-inputs-2026-09-26,consistent_with_cited_page,cited_page_used_for_judgment,,false,0
RV-0277,compiler-inputs-2026-09-26,consistent_with_cited_page,cited_page_used_for_judgment,,false,0
RV-0278,compiler-inputs-2026-09-26,consistent_with_cited_page,cited_page_used_for_judgment,,false,0
RV-0279,compiler-inputs-2026-09-26,consistent_with_cited_page,cited_page_used_for_judgment,,false,0
RV-0280,compiler-inputs-2026-09-26,consistent_with_cited_page,cited_page_used_for_judgment,,false,0
RV-0281,compiler-inputs-2026-09-26,consistent_with_cited_page,cited_page_used_for_judgment,,false,0
RV-0282,compiler-inputs-2026-09-26,anchor_too_coarse,coarse_appendix_range,,false,0
RV-0283,compiler-inputs-2026-09-26,anchor_too_coarse,coarse_appendix_range,,false,0
RV-0284,compiler-inputs-2026-09-26,anchor_too_coarse,coarse_appendix_range,,false,0
RV-0285,compiler-inputs-2026-09-26,anchor_too_coarse,coarse_appendix_range,,false,0
RV-0286,compiler-inputs-2026-09-26,anchor_too_coarse,coarse_appendix_range,,false,0
RV-0287,compiler-inputs-2026-09-26,consistent_with_cited_page,cited_page_used_for_judgment,,false,0
RV-0288,compiler-inputs-2026-09-26,consistent_with_cited_page,cited_page_used_for_judgment,,false,0
RV-0289,compiler-inputs-2026-09-26,consistent_with_cited_page,cited_page_used_for_judgment,,false,0
RV-0290,compiler-inputs-2026-09-26,anchor_too_coarse,coarse_appendix_range,,false,0
RV-0291,compiler-inputs-2026-09-26,anchor_too_coarse,coarse_appendix_range,,false,0
RV-0292,compiler-inputs-2026-09-26,consistent_with_cited_page,cited_page_used_for_judgment,,false,0
RV-0293,compiler-inputs-2026-09-26,consistent_with_cited_page,cited_page_used_for_judgment,,false,0
RV-0294,compiler-inputs-2026-09-26,consistent_with_cited_page,cited_page_used_for_judgment,,false,0
RV-0295,compiler-inputs-2026-09-26,wording_repair_condition_unchanged,cited_page_used_for_judgment,,false,0
RV-0296,compiler-inputs-2026-09-26,wording_repair_condition_unchanged,cited_page_used_for_judgment,,false,0
RV-0297,compiler-inputs-2026-09-26,consistent_with_cited_page,cited_page_used_for_judgment,,false,0
RV-0298,compiler-inputs-2026-09-26,anchor_too_coarse,coarse_appendix_range,,false,0
RV-0299,compiler-inputs-2026-09-26,wording_repair_condition_unchanged,cited_page_used_for_judgment,,false,0
RV-0300,compiler-inputs-2026-09-26,wording_repair_condition_unchanged,cited_page_used_for_judgment,,false,0
RV-0301,compiler-inputs-2026-09-26,consistent_with_cited_page,cited_page_used_for_judgment,,false,0
RV-0302,compiler-inputs-2026-09-26,consistent_with_cited_page,cited_page_used_for_judgment,,false,0
RV-0303,compiler-inputs-2026-09-26,wording_repair_condition_unchanged,cited_page_used_for_judgment,,false,0
RV-0304,compiler-inputs-2026-09-26,consistent_with_cited_page,cited_page_used_for_judgment,,false,0
RV-0305,compiler-inputs-2026-09-26,consistent_with_cited_page,cited_page_used_for_judgment,,false,0
RV-0306,compiler-inputs-2026-09-26,consistent_with_cited_page,cited_page_used_for_judgment,,false,0
RV-0307,compiler-inputs-2026-09-26,consistent_with_cited_page,cited_page_used_for_judgment,,false,0
RV-0308,compiler-inputs-2026-09-26,consistent_with_cited_page,cited_page_used_for_judgment,,false,0
RV-0309,compiler-inputs-2026-09-26,consistent_with_cited_page,cited_page_used_for_judgment,,false,0
RV-0310,compiler-inputs-2026-09-26,consistent_with_cited_page,cited_page_used_for_judgment,,false,0
RV-0311,compiler-inputs-2026-09-26,consistent_with_cited_page,cited_page_used_for_judgment,,false,0
RV-0312,compiler-inputs-2026-09-26,anchor_too_coarse,coarse_appendix_range,,false,0
RV-0313,compiler-inputs-2026-09-26,consistent_with_cited_page,cited_page_used_for_judgment,,false,0
RV-0314,compiler-inputs-2026-09-26,anchor_too_coarse,coarse_appendix_range,,false,0
RV-0315,compiler-inputs-2026-09-26,anchor_too_coarse,coarse_appendix_range,,false,0
RV-0316,compiler-inputs-2026-09-26,consistent_with_cited_page,cited_page_used_for_judgment,,false,0
RV-0317,compiler-inputs-2026-09-26,consistent_with_cited_page,cited_page_used_for_judgment,,false,0
RV-0318,compiler-inputs-2026-09-26,anchor_too_coarse,coarse_appendix_range,,false,0
RV-0319,compiler-inputs-2026-09-26,anchor_too_coarse,coarse_appendix_range,,false,0
RV-0320,compiler-inputs-2026-09-26,anchor_too_coarse,coarse_appendix_range,,false,0
RV-0321,compiler-inputs-2026-09-26,anchor_too_coarse,coarse_appendix_range,,false,0
RV-0322,compiler-inputs-2026-09-26,consistent_with_cited_page,cited_page_used_for_judgment,,false,0
RV-0323,compiler-inputs-2026-09-26,consistent_with_cited_page,cited_page_used_for_judgment,,false,0
RV-0324,compiler-inputs-2026-09-26,consistent_with_cited_page,cited_page_used_for_judgment,,false,0
RV-0325,compiler-inputs-2026-09-26,consistent_with_cited_page,cited_page_used_for_judgment,,false,0
RV-0326,compiler-inputs-2026-09-26,consistent_with_cited_page,cited_page_used_for_judgment,,false,0
RV-0327,compiler-inputs-2026-09-26,anchor_too_coarse,coarse_appendix_range,,false,0
RV-0328,compiler-inputs-2026-09-26,consistent_with_cited_page,cited_page_used_for_judgment,,false,0
RV-0329,compiler-inputs-2026-09-26,consistent_with_cited_page,cited_page_used_for_judgment,,false,0
RV-0330,compiler-inputs-2026-09-26,consistent_with_cited_page,cited_page_used_for_judgment,,false,0
RV-0331,compiler-inputs-2026-09-26,consistent_with_cited_page,cited_page_used_for_judgment,,false,0
RV-0332,compiler-inputs-2026-09-26,anchor_too_coarse,coarse_appendix_range,,false,0
RV-0333,compiler-inputs-2026-09-26,anchor_too_coarse,coarse_appendix_range,,false,0
RV-0334,compiler-inputs-2026-09-26,anchor_too_coarse,coarse_appendix_range,,false,0
RV-0335,compiler-inputs-2026-09-26,consistent_with_cited_page,cited_page_used_for_judgment,,false,0
RV-0336,compiler-inputs-2026-09-26,consistent_with_cited_page,cited_page_used_for_judgment,,false,0
RV-0337,compiler-inputs-2026-09-26,consistent_with_cited_page,cited_page_used_for_judgment,,false,0
RV-0338,compiler-inputs-2026-09-26,consistent_with_cited_page,cited_page_used_for_judgment,,false,0
RV-0339,compiler-inputs-2026-09-26,consistent_with_cited_page,cited_page_used_for_judgment,,false,0
RV-0340,compiler-inputs-2026-09-26,consistent_with_cited_page,cited_page_used_for_judgment,,false,0
RV-0341,compiler-inputs-2026-09-26,consistent_with_cited_page,cited_page_used_for_judgment,,false,0
RV-0342,compiler-inputs-2026-09-26,wording_repair_condition_unchanged,cited_page_used_for_judgment,,false,0
RV-0343,compiler-inputs-2026-09-26,consistent_with_cited_page,cited_page_used_for_judgment,,false,0
RV-0344,compiler-inputs-2026-09-26,consistent_with_cited_page,cited_page_used_for_judgment,,false,0
RV-0345,compiler-inputs-2026-09-26,consistent_with_cited_page,cited_page_used_for_judgment,,false,0
RV-0346,compiler-inputs-2026-09-26,wording_repair_condition_unchanged,cited_page_used_for_judgment,,false,0
RV-0347,compiler-inputs-2026-09-26,consistent_with_cited_page,cited_page_used_for_judgment,,false,0
RV-0348,compiler-inputs-2026-09-26,consistent_with_cited_page,cited_page_used_for_judgment,,false,0
RV-0349,compiler-inputs-2026-09-26,consistent_with_cited_page,cited_page_used_for_judgment,,false,0
RV-0350,compiler-inputs-2026-09-26,consistent_with_cited_page,cited_page_used_for_judgment,,false,0
RV-0351,compiler-inputs-2026-09-26,consistent_with_cited_page,cited_page_used_for_judgment,,false,0
RV-0352,compiler-inputs-2026-09-26,anchor_too_coarse,coarse_appendix_range,,false,0
RV-0353,compiler-inputs-2026-09-26,consistent_with_cited_page,cited_page_used_for_judgment,,false,0
RV-0354,compiler-inputs-2026-09-26,consistent_with_cited_page,cited_page_used_for_judgment,,false,0
RV-0355,compiler-inputs-2026-09-26,consistent_with_cited_page,cited_page_used_for_judgment,,false,0
RV-0356,compiler-inputs-2026-09-26,consistent_with_cited_page,cited_page_used_for_judgment,,false,0
RV-0357,compiler-inputs-2026-09-26,consistent_with_cited_page,cited_page_used_for_judgment,,false,0
RV-0358,compiler-inputs-2026-09-26,consistent_with_cited_page,cited_page_used_for_judgment,,false,0
RV-0359,compiler-inputs-2026-09-26,anchor_too_coarse,coarse_appendix_range,,false,0
RV-0360,compiler-inputs-2026-09-26,anchor_too_coarse,coarse_appendix_range,,false,0
RV-0361,compiler-inputs-2026-09-26,consistent_with_cited_page,cited_page_used_for_judgment,,false,0
RV-0362,compiler-inputs-2026-09-26,consistent_with_cited_page,cited_page_used_for_judgment,,false,0
RV-0363,compiler-inputs-2026-09-26,anchor_too_coarse,coarse_appendix_range,,false,0
RV-0364,compiler-inputs-2026-09-26,consistent_with_cited_page,cited_page_used_for_judgment,,false,0
RV-0365,compiler-inputs-2026-09-26,anchor_too_coarse,coarse_appendix_range,,false,0
RV-0366,compiler-inputs-2026-09-26,consistent_with_cited_page,cited_page_used_for_judgment,,false,0
RV-0367,compiler-inputs-2026-09-26,consistent_with_cited_page,cited_page_used_for_judgment,,false,0
RV-0368,compiler-inputs-2026-09-26,consistent_with_cited_page,cited_page_used_for_judgment,,false,0
RV-0369,compiler-inputs-2026-09-26,consistent_with_cited_page,cited_page_used_for_judgment,,false,0
RV-0370,compiler-inputs-2026-09-26,consistent_with_cited_page,cited_page_used_for_judgment,,false,0
RV-0371,compiler-inputs-2026-09-26,consistent_with_cited_page,cited_page_used_for_judgment,,false,0
RV-0372,compiler-inputs-2026-09-26,consistent_with_cited_page,cited_page_used_for_judgment,,false,0
RV-0373,compiler-inputs-2026-09-26,consistent_with_cited_page,cited_page_used_for_judgment,,false,0
RV-0374,compiler-inputs-2026-09-26,consistent_with_cited_page,cited_page_used_for_judgment,,false,0
RV-0375,compiler-inputs-2026-09-26,consistent_with_cited_page,cited_page_used_for_judgment,,false,0
RV-0376,compiler-inputs-2026-09-26,consistent_with_cited_page,cited_page_used_for_judgment,,false,0
RV-0377,compiler-inputs-2026-09-26,consistent_with_cited_page,cited_page_used_for_judgment,,false,0
RV-0378,compiler-inputs-2026-09-26,consistent_with_cited_page,cited_page_used_for_judgment,,false,0
RV-0379,compiler-inputs-2026-09-26,consistent_with_cited_page,cited_page_used_for_judgment,,false,0
RV-0380,compiler-inputs-2026-09-26,wording_repair_condition_unchanged,cited_page_used_for_judgment,,false,0
RV-0381,compiler-inputs-2026-09-26,wording_repair_condition_unchanged,cited_page_used_for_judgment,,false,0
RV-0382,compiler-inputs-2026-09-26,wording_repair_condition_unchanged,cited_page_used_for_judgment,,false,0
RV-0383,compiler-inputs-2026-09-26,wording_repair_condition_unchanged,cited_page_used_for_judgment,,false,0
RV-0384,compiler-inputs-2026-09-26,wording_repair_condition_unchanged,cited_page_used_for_judgment,,false,0
RV-0385,compiler-inputs-2026-09-26,consistent_with_cited_page,cited_page_used_for_judgment,,false,0
RV-0386,compiler-inputs-2026-09-26,condition_mismatch,coarse_appendix_range,RW-20260926-RV-0386,false,0
RV-0387,compiler-inputs-2026-09-26,condition_mismatch,coarse_appendix_range,RW-20260926-RV-0387,false,0
RV-0388,compiler-inputs-2026-09-26,consistent_with_cited_page,cited_page_used_for_judgment,,false,0
RV-0389,compiler-inputs-2026-09-26,consistent_with_cited_page,cited_page_used_for_judgment,,false,0
RV-0390,compiler-inputs-2026-09-26,consistent_with_cited_page,cited_page_used_for_judgment,,false,0
RV-0391,compiler-inputs-2026-09-26,consistent_with_cited_page,cited_page_used_for_judgment,,false,0
RV-0392,compiler-inputs-2026-09-26,consistent_with_cited_page,cited_page_used_for_judgment,,false,0
RV-0393,compiler-inputs-2026-09-26,anchor_too_coarse,coarse_appendix_range,,false,0
RV-0394,compiler-inputs-2026-09-26,anchor_too_coarse,coarse_appendix_range,,false,0
RV-0395,compiler-inputs-2026-09-26,consistent_with_cited_page,cited_page_used_for_judgment,,false,0
RV-0396,compiler-inputs-2026-09-26,consistent_with_cited_page,cited_page_used_for_judgment,,false,0
RV-0397,compiler-inputs-2026-09-26,consistent_with_cited_page,cited_page_used_for_judgment,,false,0
RV-0398,compiler-inputs-2026-09-26,anchor_too_coarse,coarse_appendix_range,,false,0
RV-0399,compiler-inputs-2026-09-26,consistent_with_cited_page,cited_page_used_for_judgment,,false,0
RV-0400,compiler-inputs-2026-09-26,consistent_with_cited_page,cited_page_used_for_judgment,,false,0
RV-0401,compiler-inputs-2026-09-26,consistent_with_cited_page,cited_page_used_for_judgment,,false,0
RV-0402,compiler-inputs-2026-09-26,anchor_too_coarse,coarse_appendix_range,,false,0
RV-0403,compiler-inputs-2026-09-26,consistent_with_cited_page,cited_page_used_for_judgment,,false,0
RV-0404,compiler-inputs-2026-09-26,consistent_with_cited_page,cited_page_used_for_judgment,,false,0
RV-0405,compiler-inputs-2026-09-26,consistent_with_cited_page,cited_page_used_for_judgment,,false,0
RV-0406,compiler-inputs-2026-09-26,consistent_with_cited_page,cited_page_used_for_judgment,,false,0
RV-0407,compiler-inputs-2026-09-26,anchor_too_coarse,coarse_appendix_range,,false,0
RV-0408,compiler-inputs-2026-09-26,anchor_too_coarse,coarse_appendix_range,,false,0
RV-0409,compiler-inputs-2026-09-26,consistent_with_cited_page,cited_page_used_for_judgment,,false,0
RV-0410,compiler-inputs-2026-09-26,consistent_with_cited_page,cited_page_used_for_judgment,,false,0
RV-0411,compiler-inputs-2026-09-26,consistent_with_cited_page,cited_page_used_for_judgment,,false,0
RV-0412,compiler-inputs-2026-09-26,anchor_too_coarse,coarse_appendix_range,,false,0
RV-0413,compiler-inputs-2026-09-26,anchor_too_coarse,coarse_appendix_range,,false,0
RV-0414,compiler-inputs-2026-09-26,consistent_with_cited_page,cited_page_used_for_judgment,,false,0
RV-0415,compiler-inputs-2026-09-26,consistent_with_cited_page,cited_page_used_for_judgment,,false,0
RV-0416,compiler-inputs-2026-09-26,anchor_too_coarse,coarse_appendix_range,,false,0
RV-0417,compiler-inputs-2026-09-26,consistent_with_cited_page,cited_page_used_for_judgment,,false,0
RV-0418,compiler-inputs-2026-09-26,consistent_with_cited_page,cited_page_used_for_judgment,,false,0
RV-0419,compiler-inputs-2026-09-26,consistent_with_cited_page,cited_page_used_for_judgment,,false,0
RV-0420,compiler-inputs-2026-09-26,consistent_with_cited_page,cited_page_used_for_judgment,,false,0
RV-0421,compiler-inputs-2026-09-26,consistent_with_cited_page,cited_page_used_for_judgment,,false,0
RV-0422,compiler-inputs-2026-09-26,consistent_with_cited_page,cited_page_used_for_judgment,,false,0
RV-0423,compiler-inputs-2026-09-26,consistent_with_cited_page,cited_page_used_for_judgment,,false,0
RV-0424,compiler-inputs-2026-09-26,consistent_with_cited_page,cited_page_used_for_judgment,,false,0
RV-0425,compiler-inputs-2026-09-26,consistent_with_cited_page,cited_page_used_for_judgment,,false,0
RV-0426,compiler-inputs-2026-09-26,consistent_with_cited_page,cited_page_used_for_judgment,,false,0
RV-0427,compiler-inputs-2026-09-26,consistent_with_cited_page,cited_page_used_for_judgment,,false,0
RV-0428,compiler-inputs-2026-09-26,consistent_with_cited_page,cited_page_used_for_judgment,,false,0
RV-0429,compiler-inputs-2026-09-26,wording_repair_condition_unchanged,cited_page_used_for_judgment,,false,0
RV-0430,compiler-inputs-2026-09-26,consistent_with_cited_page,cited_page_used_for_judgment,,false,0
RV-0431,compiler-inputs-2026-09-26,consistent_with_cited_page,cited_page_used_for_judgment,,false,0
RV-0432,compiler-inputs-2026-09-26,consistent_with_cited_page,cited_page_used_for_judgment,,false,0
RV-0433,compiler-inputs-2026-09-26,consistent_with_cited_page,cited_page_used_for_judgment,,false,0
RV-0434,compiler-inputs-2026-09-26,wording_repair_condition_unchanged,cited_page_used_for_judgment,,false,0
RV-0435,compiler-inputs-2026-09-26,consistent_with_cited_page,cited_page_used_for_judgment,,false,0
RV-0436,compiler-inputs-2026-09-26,anchor_too_coarse,coarse_appendix_range,,false,0
RV-0437,compiler-inputs-2026-09-26,consistent_with_cited_page,cited_page_used_for_judgment,,false,0
RV-0438,compiler-inputs-2026-09-26,consistent_with_cited_page,cited_page_used_for_judgment,,false,0
RV-0439,compiler-inputs-2026-09-26,wording_repair_condition_unchanged,cited_page_used_for_judgment,,false,0
RV-0440,compiler-inputs-2026-09-26,consistent_with_cited_page,cited_page_used_for_judgment,,false,0
RV-0441,compiler-inputs-2026-09-26,consistent_with_cited_page,cited_page_used_for_judgment,,false,0
RV-0442,compiler-inputs-2026-09-26,consistent_with_cited_page,cited_page_used_for_judgment,,false,0
RV-0443,compiler-inputs-2026-09-26,consistent_with_cited_page,cited_page_used_for_judgment,,false,0
RV-0444,compiler-inputs-2026-09-26,consistent_with_cited_page,cited_page_used_for_judgment,,false,0
RV-0445,compiler-inputs-2026-09-26,consistent_with_cited_page,cited_page_used_for_judgment,,false,0
RV-0446,compiler-inputs-2026-09-26,consistent_with_cited_page,cited_page_used_for_judgment,,false,0
RV-0447,compiler-inputs-2026-09-26,consistent_with_cited_page,cited_page_used_for_judgment,,false,0
RV-0448,compiler-inputs-2026-09-26,consistent_with_cited_page,cited_page_used_for_judgment,,false,0
RV-0449,compiler-inputs-2026-09-26,consistent_with_cited_page,cited_page_used_for_judgment,,false,0
RV-0450,compiler-inputs-2026-09-26,consistent_with_cited_page,cited_page_used_for_judgment,,false,0
RV-0451,compiler-inputs-2026-09-26,anchor_too_coarse,coarse_appendix_range,,false,0
RV-0452,compiler-inputs-2026-09-26,consistent_with_cited_page,cited_page_used_for_judgment,,false,0
RV-0453,compiler-inputs-2026-09-26,anchor_too_coarse,coarse_appendix_range,,false,0
RV-0454,compiler-inputs-2026-09-26,consistent_with_cited_page,cited_page_used_for_judgment,,false,0
RV-0455,compiler-inputs-2026-09-26,anchor_too_coarse,coarse_appendix_range,,false,0
RV-0456,compiler-inputs-2026-09-26,anchor_too_coarse,coarse_appendix_range,,false,0
RV-0457,compiler-inputs-2026-09-26,consistent_with_cited_page,cited_page_used_for_judgment,,false,0
RV-0458,compiler-inputs-2026-09-26,anchor_too_coarse,coarse_appendix_range,,false,0
RV-0459,compiler-inputs-2026-09-26,anchor_too_coarse,coarse_appendix_range,,false,0
RV-0460,compiler-inputs-2026-09-26,anchor_too_coarse,coarse_appendix_range,,false,0
RV-0461,compiler-inputs-2026-09-26,consistent_with_cited_page,cited_page_used_for_judgment,,false,0
RV-0462,compiler-inputs-2026-09-26,condition_mismatch,point_page,RW-20260926-RV-0462,false,0
RV-0463,compiler-inputs-2026-09-26,condition_mismatch,point_page,RW-20260926-RV-0463,false,0
RV-0464,compiler-inputs-2026-09-26,wording_repair_condition_unchanged,cited_page_used_for_judgment,,false,0
RV-0465,compiler-inputs-2026-09-26,consistent_with_cited_page,cited_page_used_for_judgment,,false,0
RV-0466,compiler-inputs-2026-09-26,consistent_with_cited_page,cited_page_used_for_judgment,,false,0
RV-0467,compiler-inputs-2026-09-26,anchor_too_coarse,coarse_appendix_range,,false,0
RV-0468,compiler-inputs-2026-09-26,consistent_with_cited_page,cited_page_used_for_judgment,,false,0
RV-0469,compiler-inputs-2026-09-26,consistent_with_cited_page,cited_page_used_for_judgment,,false,0
RV-0470,compiler-inputs-2026-09-26,anchor_too_coarse,coarse_appendix_range,,false,0
RV-0471,compiler-inputs-2026-09-26,anchor_too_coarse,coarse_appendix_range,,false,0
RV-0472,compiler-inputs-2026-09-26,anchor_too_coarse,coarse_appendix_range,,false,0
RV-0473,compiler-inputs-2026-09-26,anchor_too_coarse,coarse_appendix_range,,false,0
RV-0474,compiler-inputs-2026-09-26,consistent_with_cited_page,cited_page_used_for_judgment,,false,0
RV-0475,compiler-inputs-2026-09-26,consistent_with_cited_page,cited_page_used_for_judgment,,false,0
RV-0476,compiler-inputs-2026-09-26,anchor_too_coarse,coarse_appendix_range,,false,0
RV-0477,compiler-inputs-2026-09-26,consistent_with_cited_page,cited_page_used_for_judgment,,false,0
RV-0478,compiler-inputs-2026-09-26,consistent_with_cited_page,cited_page_used_for_judgment,,false,0
RV-0479,compiler-inputs-2026-09-26,consistent_with_cited_page,cited_page_used_for_judgment,,false,0
RV-0480,compiler-inputs-2026-09-26,consistent_with_cited_page,cited_page_used_for_judgment,,false,0
RV-0481,compiler-inputs-2026-09-26,consistent_with_cited_page,cited_page_used_for_judgment,,false,0
RV-0482,compiler-inputs-2026-09-26,consistent_with_cited_page,cited_page_used_for_judgment,,false,0
RV-0483,compiler-inputs-2026-09-26,consistent_with_cited_page,cited_page_used_for_judgment,,false,0
RV-0484,compiler-inputs-2026-09-26,consistent_with_cited_page,cited_page_used_for_judgment,,false,0
RV-0485,compiler-inputs-2026-09-26,consistent_with_cited_page,cited_page_used_for_judgment,,false,0
RV-0486,compiler-inputs-2026-09-26,anchor_too_coarse,coarse_appendix_range,,false,0
RV-0487,compiler-inputs-2026-09-26,anchor_too_coarse,coarse_appendix_range,,false,0
RV-0488,compiler-inputs-2026-09-26,anchor_too_coarse,coarse_appendix_range,,false,0
RV-0489,compiler-inputs-2026-09-26,anchor_too_coarse,coarse_appendix_range,,false,0
RV-0490,compiler-inputs-2026-09-26,consistent_with_cited_page,cited_page_used_for_judgment,,false,0
RV-0491,compiler-inputs-2026-09-26,consistent_with_cited_page,cited_page_used_for_judgment,,false,0
RV-0492,compiler-inputs-2026-09-26,anchor_too_coarse,coarse_appendix_range,,false,0
RV-0493,compiler-inputs-2026-09-26,anchor_too_coarse,coarse_appendix_range,,false,0
RV-0494,compiler-inputs-2026-09-26,anchor_too_coarse,coarse_appendix_range,,false,0
RV-0495,compiler-inputs-2026-09-26,anchor_too_coarse,coarse_appendix_range,,false,0
RV-0496,compiler-inputs-2026-09-26,anchor_too_coarse,coarse_appendix_range,,false,0
RV-0497,compiler-inputs-2026-09-26,anchor_too_coarse,coarse_appendix_range,,false,0
RV-0498,compiler-inputs-2026-09-26,anchor_too_coarse,coarse_appendix_range,,false,0
RV-0499,compiler-inputs-2026-09-26,anchor_too_coarse,coarse_appendix_range,,false,0
RV-0500,compiler-inputs-2026-09-26,anchor_too_coarse,coarse_appendix_range,,false,0
RV-0501,compiler-inputs-2026-09-26,anchor_too_coarse,coarse_appendix_range,,false,0
RV-0502,compiler-inputs-2026-09-26,anchor_too_coarse,coarse_appendix_range,,false,0
RV-0503,compiler-inputs-2026-09-26,anchor_too_coarse,coarse_appendix_range,,false,0
RV-0504,compiler-inputs-2026-09-26,anchor_too_coarse,coarse_appendix_range,,false,0
RV-0505,compiler-inputs-2026-09-26,anchor_too_coarse,coarse_appendix_range,,false,0
RV-0506,compiler-inputs-2026-09-26,anchor_too_coarse,coarse_appendix_range,,false,0
RV-0507,compiler-inputs-2026-09-26,anchor_too_coarse,coarse_appendix_range,,false,0
RV-0508,compiler-inputs-2026-09-26,anchor_too_coarse,coarse_appendix_range,,false,0
RV-0509,compiler-inputs-2026-09-26,anchor_too_coarse,coarse_appendix_range,,false,0
RV-0510,compiler-inputs-2026-09-26,anchor_too_coarse,coarse_appendix_range,,false,0
RV-0511,compiler-inputs-2026-09-26,anchor_too_coarse,coarse_appendix_range,,false,0
RV-0512,compiler-inputs-2026-09-26,anchor_too_coarse,coarse_appendix_range,,false,0
RV-0513,compiler-inputs-2026-09-26,anchor_too_coarse,coarse_appendix_range,,false,0
RV-0514,compiler-inputs-2026-09-26,anchor_too_coarse,coarse_appendix_range,,false,0
RV-0515,compiler-inputs-2026-09-26,anchor_too_coarse,coarse_appendix_range,,false,0
RV-0516,compiler-inputs-2026-09-26,anchor_too_coarse,coarse_appendix_range,,false,0
RV-0517,compiler-inputs-2026-09-26,anchor_too_coarse,coarse_appendix_range,,false,0
RV-0518,compiler-inputs-2026-09-26,anchor_too_coarse,coarse_appendix_range,,false,0
RV-0519,compiler-inputs-2026-09-26,anchor_too_coarse,coarse_appendix_range,,false,0
RV-0520,compiler-inputs-2026-09-26,anchor_too_coarse,coarse_appendix_range,,false,0
RV-0521,compiler-inputs-2026-09-26,anchor_too_coarse,coarse_appendix_range,,false,0
RV-0522,compiler-inputs-2026-09-26,anchor_too_coarse,coarse_appendix_range,,false,0
RV-0523,compiler-inputs-2026-09-26,anchor_too_coarse,coarse_appendix_range,,false,0
RV-0524,compiler-inputs-2026-09-26,anchor_too_coarse,coarse_appendix_range,,false,0
RV-0525,compiler-inputs-2026-09-26,anchor_too_coarse,coarse_appendix_range,,false,0
RV-0526,compiler-inputs-2026-09-26,anchor_too_coarse,coarse_appendix_range,,false,0
RV-0527,compiler-inputs-2026-09-26,anchor_too_coarse,coarse_appendix_range,,false,0
RV-0528,compiler-inputs-2026-09-26,anchor_too_coarse,coarse_appendix_range,,false,0
RV-0529,compiler-inputs-2026-09-26,anchor_too_coarse,coarse_appendix_range,,false,0
RV-0530,compiler-inputs-2026-09-26,condition_mismatch,coarse_appendix_range,RW-20260926-RV-0530,false,0
RV-0531,compiler-inputs-2026-09-26,wording_repair_condition_unchanged,cited_page_used_for_judgment,,false,0
RV-0532,compiler-inputs-2026-09-26,condition_mismatch,coarse_appendix_range,RW-20260926-RV-0532,false,0
RV-0533,compiler-inputs-2026-09-26,anchor_too_coarse,coarse_appendix_range,,false,0
RV-0534,compiler-inputs-2026-09-26,anchor_too_coarse,coarse_appendix_range,,false,0
RV-0535,compiler-inputs-2026-09-26,anchor_too_coarse,coarse_appendix_range,,false,0
RV-0536,compiler-inputs-2026-09-26,anchor_too_coarse,coarse_appendix_range,,false,0
RV-0537,compiler-inputs-2026-09-26,anchor_too_coarse,coarse_appendix_range,,false,0
RV-0538,compiler-inputs-2026-09-26,anchor_too_coarse,coarse_appendix_range,,false,0
RV-0539,compiler-inputs-2026-09-26,anchor_too_coarse,coarse_appendix_range,,false,0
RV-0540,compiler-inputs-2026-09-26,anchor_too_coarse,coarse_appendix_range,,false,0
RV-0541,compiler-inputs-2026-09-26,anchor_too_coarse,coarse_appendix_range,,false,0
RV-0542,compiler-inputs-2026-09-26,anchor_too_coarse,coarse_appendix_range,,false,0
RV-0543,compiler-inputs-2026-09-26,anchor_too_coarse,coarse_appendix_range,,false,0
RV-0544,compiler-inputs-2026-09-26,anchor_too_coarse,coarse_appendix_range,,false,0
RV-0545,compiler-inputs-2026-09-26,anchor_too_coarse,coarse_appendix_range,,false,0
RV-0546,compiler-inputs-2026-09-26,anchor_too_coarse,coarse_appendix_range,,false,0
RV-0547,compiler-inputs-2026-09-26,anchor_too_coarse,coarse_appendix_range,,false,0
RV-0548,compiler-inputs-2026-09-26,anchor_too_coarse,coarse_appendix_range,,false,0
RV-0549,compiler-inputs-2026-09-26,anchor_too_coarse,coarse_appendix_range,,false,0
RV-0550,compiler-inputs-2026-09-26,anchor_too_coarse,coarse_appendix_range,,false,0
RV-0551,compiler-inputs-2026-09-26,anchor_too_coarse,coarse_appendix_range,,false,0
RV-0552,compiler-inputs-2026-09-26,anchor_too_coarse,coarse_appendix_range,,false,0
RV-0553,compiler-inputs-2026-09-26,anchor_too_coarse,coarse_appendix_range,,false,0
RV-0554,compiler-inputs-2026-09-26,anchor_too_coarse,coarse_appendix_range,,false,0
RV-0555,compiler-inputs-2026-09-26,anchor_too_coarse,coarse_appendix_range,,false,0
RV-0556,compiler-inputs-2026-09-26,anchor_too_coarse,coarse_appendix_range,,false,0
RV-0557,compiler-inputs-2026-09-26,anchor_too_coarse,coarse_appendix_range,,false,0
RV-0558,compiler-inputs-2026-09-26,anchor_too_coarse,coarse_appendix_range,,false,0
RV-0559,compiler-inputs-2026-09-26,anchor_too_coarse,coarse_appendix_range,,false,0
RV-0560,compiler-inputs-2026-09-26,anchor_too_coarse,coarse_appendix_range,,false,0
RV-0561,compiler-inputs-2026-09-26,anchor_too_coarse,coarse_appendix_range,,false,0
RV-0562,compiler-inputs-2026-09-26,anchor_too_coarse,coarse_appendix_range,,false,0
RV-0563,compiler-inputs-2026-09-26,anchor_too_coarse,coarse_appendix_range,,false,0
RV-0564,compiler-inputs-2026-09-26,anchor_too_coarse,coarse_appendix_range,,false,0
RV-0565,compiler-inputs-2026-09-26,anchor_too_coarse,coarse_appendix_range,,false,0
RV-0566,compiler-inputs-2026-09-26,anchor_too_coarse,coarse_appendix_range,,false,0
RV-0567,compiler-inputs-2026-09-26,anchor_too_coarse,coarse_appendix_range,,false,0
RV-0568,compiler-inputs-2026-09-26,anchor_too_coarse,coarse_appendix_range,,false,0
RV-0569,compiler-inputs-2026-09-26,anchor_too_coarse,coarse_appendix_range,,false,0
RV-0570,compiler-inputs-2026-09-26,anchor_too_coarse,coarse_appendix_range,,false,0
RV-0571,compiler-inputs-2026-09-26,anchor_too_coarse,coarse_appendix_range,,false,0
RV-0572,compiler-inputs-2026-09-26,anchor_too_coarse,coarse_appendix_range,,false,0
RV-0573,compiler-inputs-2026-09-26,anchor_too_coarse,coarse_appendix_range,,false,0
RV-0574,compiler-inputs-2026-09-26,anchor_too_coarse,coarse_appendix_range,,false,0
RV-0575,compiler-inputs-2026-09-26,anchor_too_coarse,coarse_appendix_range,,false,0
RV-0576,compiler-inputs-2026-09-26,anchor_too_coarse,coarse_appendix_range,,false,0
RV-0577,compiler-inputs-2026-09-26,anchor_too_coarse,coarse_appendix_range,,false,0
RV-0578,compiler-inputs-2026-09-26,anchor_too_coarse,coarse_appendix_range,,false,0
RV-0579,compiler-inputs-2026-09-26,anchor_too_coarse,coarse_appendix_range,,false,0
RV-0580,compiler-inputs-2026-09-26,anchor_too_coarse,coarse_appendix_range,,false,0
RV-0581,compiler-inputs-2026-09-26,anchor_too_coarse,coarse_appendix_range,,false,0
RV-0582,compiler-inputs-2026-09-26,anchor_too_coarse,coarse_appendix_range,,false,0
RV-0583,compiler-inputs-2026-09-26,anchor_too_coarse,coarse_appendix_range,,false,0
RV-0584,compiler-inputs-2026-09-26,anchor_too_coarse,coarse_appendix_range,,false,0
RV-0585,compiler-inputs-2026-09-26,anchor_too_coarse,coarse_appendix_range,,false,0
RV-0586,compiler-inputs-2026-09-26,anchor_too_coarse,coarse_appendix_range,,false,0
RV-0587,compiler-inputs-2026-09-26,anchor_too_coarse,coarse_appendix_range,,false,0
RV-0588,compiler-inputs-2026-09-26,anchor_too_coarse,coarse_appendix_range,,false,0
RV-0589,compiler-inputs-2026-09-26,anchor_too_coarse,coarse_appendix_range,,false,0
RV-0590,compiler-inputs-2026-09-26,anchor_too_coarse,coarse_appendix_range,,false,0
RV-0591,compiler-inputs-2026-09-26,anchor_too_coarse,coarse_appendix_range,,false,0
RV-0592,compiler-inputs-2026-09-26,anchor_too_coarse,coarse_appendix_range,,false,0
RV-0593,compiler-inputs-2026-09-26,anchor_too_coarse,coarse_appendix_range,,false,0
RV-0594,compiler-inputs-2026-09-26,anchor_too_coarse,coarse_appendix_range,,false,0
RV-0595,compiler-inputs-2026-09-26,anchor_too_coarse,coarse_appendix_range,,false,0
RV-0596,compiler-inputs-2026-09-26,anchor_too_coarse,coarse_appendix_range,,false,0
RV-0597,compiler-inputs-2026-09-26,anchor_too_coarse,coarse_appendix_range,,false,0
RV-0598,compiler-inputs-2026-09-26,anchor_too_coarse,coarse_appendix_range,,false,0
RV-0599,compiler-inputs-2026-09-26,anchor_too_coarse,coarse_appendix_range,,false,0
RV-0600,compiler-inputs-2026-09-26,anchor_too_coarse,coarse_appendix_range,,false,0
RV-0601,compiler-inputs-2026-09-26,anchor_too_coarse,coarse_appendix_range,,false,0
RV-0602,compiler-inputs-2026-09-26,anchor_too_coarse,coarse_appendix_range,,false,0
RV-0603,compiler-inputs-2026-09-26,anchor_too_coarse,coarse_appendix_range,,false,0
RV-0604,compiler-inputs-2026-09-26,anchor_too_coarse,coarse_appendix_range,,false,0
RV-0605,compiler-inputs-2026-09-26,anchor_too_coarse,coarse_appendix_range,,false,0
RV-0606,compiler-inputs-2026-09-26,anchor_too_coarse,coarse_appendix_range,,false,0
RV-0607,compiler-inputs-2026-09-26,anchor_too_coarse,coarse_appendix_range,,false,0
RV-0608,compiler-inputs-2026-09-26,anchor_too_coarse,coarse_appendix_range,,false,0
RV-0609,compiler-inputs-2026-09-26,anchor_too_coarse,coarse_appendix_range,,false,0
RV-0610,compiler-inputs-2026-09-26,anchor_too_coarse,coarse_appendix_range,,false,0
RV-0611,compiler-inputs-2026-09-26,anchor_too_coarse,coarse_appendix_range,,false,0
RV-0612,compiler-inputs-2026-09-26,anchor_too_coarse,coarse_appendix_range,,false,0
RV-0613,compiler-inputs-2026-09-26,anchor_too_coarse,coarse_appendix_range,,false,0
RV-0614,compiler-inputs-2026-09-26,consistent_with_cited_page,cited_page_used_for_judgment,,false,0
RV-0615,compiler-inputs-2026-09-26,consistent_with_cited_page,cited_page_used_for_judgment,,false,0
RV-0616,compiler-inputs-2026-09-26,consistent_with_cited_page,cited_page_used_for_judgment,,false,0
RV-0617,compiler-inputs-2026-09-26,consistent_with_cited_page,cited_page_used_for_judgment,,false,0
RV-0618,compiler-inputs-2026-09-26,consistent_with_cited_page,cited_page_used_for_judgment,,false,0
RV-0619,compiler-inputs-2026-09-26,consistent_with_cited_page,cited_page_used_for_judgment,,false,0
RV-0620,compiler-inputs-2026-09-26,consistent_with_cited_page,cited_page_used_for_judgment,,false,0
RV-0621,compiler-inputs-2026-09-26,wording_repair_condition_unchanged,cited_page_used_for_judgment,,false,0
RV-0622,compiler-inputs-2026-09-26,wording_repair_condition_unchanged,cited_page_used_for_judgment,,false,0
RV-0623,compiler-inputs-2026-09-26,wording_repair_condition_unchanged,cited_page_used_for_judgment,,false,0
RV-0624,compiler-inputs-2026-09-26,wording_repair_condition_unchanged,cited_page_used_for_judgment,,false,0
RV-0625,compiler-inputs-2026-09-26,consistent_with_cited_page,cited_page_used_for_judgment,,false,0
RV-0626,compiler-inputs-2026-09-26,consistent_with_cited_page,cited_page_used_for_judgment,,false,0
RV-0627,compiler-inputs-2026-09-26,consistent_with_cited_page,cited_page_used_for_judgment,,false,0
RV-0628,compiler-inputs-2026-09-26,consistent_with_cited_page,cited_page_used_for_judgment,,false,0
RV-0629,compiler-inputs-2026-09-26,consistent_with_cited_page,cited_page_used_for_judgment,,false,0
RV-0630,compiler-inputs-2026-09-26,consistent_with_cited_page,cited_page_used_for_judgment,,false,0
RV-0631,compiler-inputs-2026-09-26,consistent_with_cited_page,cited_page_used_for_judgment,,false,0
RV-0632,compiler-inputs-2026-09-26,consistent_with_cited_page,cited_page_used_for_judgment,,false,0
RV-0633,compiler-inputs-2026-09-26,consistent_with_cited_page,cited_page_used_for_judgment,,false,0
RV-0634,compiler-inputs-2026-09-26,consistent_with_cited_page,cited_page_used_for_judgment,,false,0
RV-0635,compiler-inputs-2026-09-26,consistent_with_cited_page,cited_page_used_for_judgment,,false,0
RV-0636,compiler-inputs-2026-09-26,consistent_with_cited_page,cited_page_used_for_judgment,,false,0
RV-0637,compiler-inputs-2026-09-26,consistent_with_cited_page,cited_page_used_for_judgment,,false,0
RV-0638,compiler-inputs-2026-09-26,consistent_with_cited_page,cited_page_used_for_judgment,,false,0
RV-0639,compiler-inputs-2026-09-26,consistent_with_cited_page,cited_page_used_for_judgment,,false,0
RV-0640,compiler-inputs-2026-09-26,consistent_with_cited_page,cited_page_used_for_judgment,,false,0
RV-0641,compiler-inputs-2026-09-26,consistent_with_cited_page,cited_page_used_for_judgment,,false,0
RV-0642,compiler-inputs-2026-09-26,consistent_with_cited_page,cited_page_used_for_judgment,,false,0
RV-0643,compiler-inputs-2026-09-26,consistent_with_cited_page,cited_page_used_for_judgment,,false,0
RV-0644,compiler-inputs-2026-09-26,consistent_with_cited_page,cited_page_used_for_judgment,,false,0
RV-0645,compiler-inputs-2026-09-26,consistent_with_cited_page,cited_page_used_for_judgment,,false,0
RV-0646,compiler-inputs-2026-09-26,consistent_with_cited_page,cited_page_used_for_judgment,,false,0
