seed,model,编号,gold,prediction,in_benchmark_labels
13,char_tfidf_svm,EX-0001,是目标语法点,是目标语法点,1
13,char_tfidf_svm,EX-0002,是目标语法点,是目标语法点,1
13,char_tfidf_svm,EX-0003,不是目标语法点,是目标语法点,1
13,char_tfidf_svm,EX-0004,不是目标语法点,是目标语法点,1
13,char_tfidf_svm,EX-0005,是目标语法点,是目标语法点,1
13,char_tfidf_svm,EX-0006,是目标语法点,是目标语法点,1
13,char_tfidf_svm,EX-0007,不是目标语法点,是目标语法点,1
13,char_tfidf_svm,EX-0008,不是目标语法点,是目标语法点,1
13,char_tfidf_svm,EX-0009,是目标语法点,是目标语法点,1
13,char_tfidf_svm,EX-0010,是目标语法点,是目标语法点,1
13,char_tfidf_svm,EX-0011,不是目标语法点,是目标语法点,1
13,char_tfidf_svm,EX-0012,不是目标语法点,是目标语法点,1
13,char_tfidf_svm,EX-0013,是目标语法点,是目标语法点,1
13,char_tfidf_svm,EX-0014,是目标语法点,是目标语法点,1
13,char_tfidf_svm,EX-0015,不是目标语法点,是目标语法点,1
13,char_tfidf_svm,EX-0016,不是目标语法点,不是目标语法点,1
13,char_tfidf_svm,EX-0017,是目标语法点,是目标语法点,1
13,char_tfidf_svm,EX-0018,是目标语法点,是目标语法点,1
13,char_tfidf_svm,EX-0019,不是目标语法点,是目标语法点,1
13,char_tfidf_svm,EX-0020,不是目标语法点,是目标语法点,1
13,char_tfidf_svm,EX-0021,是目标语法点,是目标语法点,1
13,char_tfidf_svm,EX-0022,是目标语法点,是目标语法点,1
13,char_tfidf_svm,EX-0023,不是目标语法点,是目标语法点,1
13,char_tfidf_svm,EX-0024,不是目标语法点,不是目标语法点,1
13,char_tfidf_svm,EX-0025,是目标语法点,是目标语法点,1
13,char_tfidf_svm,EX-0026,是目标语法点,是目标语法点,1
13,char_tfidf_svm,EX-0027,不是目标语法点,是目标语法点,1
13,char_tfidf_svm,EX-0028,不是目标语法点,是目标语法点,1
13,char_tfidf_svm,EX-0029,是目标语法点,是目标语法点,1
13,char_tfidf_svm,EX-0030,是目标语法点,是目标语法点,1
13,char_tfidf_svm,EX-0031,不是目标语法点,是目标语法点,1
13,char_tfidf_svm,EX-0032,不是目标语法点,是目标语法点,1
13,char_tfidf_svm,EX-0033,是目标语法点,是目标语法点,1
13,char_tfidf_svm,EX-0034,是目标语法点,是目标语法点,1
13,char_tfidf_svm,EX-0035,不是目标语法点,是目标语法点,1
13,char_tfidf_svm,EX-0036,不是目标语法点,是目标语法点,1
13,char_tfidf_svm,EX-0037,是目标语法点,是目标语法点,1
13,char_tfidf_svm,EX-0038,是目标语法点,是目标语法点,1
13,char_tfidf_svm,EX-0039,不是目标语法点,是目标语法点,1
13,char_tfidf_svm,EX-0040,不是目标语法点,是目标语法点,1
13,char_tfidf_svm,EX-0041,是目标语法点,是目标语法点,1
13,char_tfidf_svm,EX-0042,是目标语法点,是目标语法点,1
13,char_tfidf_svm,EX-0043,不是目标语法点,是目标语法点,1
13,char_tfidf_svm,EX-0044,不是目标语法点,是目标语法点,1
13,char_tfidf_svm,EX-0045,是目标语法点,是目标语法点,1
13,char_tfidf_svm,EX-0046,是目标语法点,是目标语法点,1
13,char_tfidf_svm,EX-0047,不是目标语法点,是目标语法点,1
13,char_tfidf_svm,EX-0048,不是目标语法点,是目标语法点,1
13,char_tfidf_svm,EX-0049,是目标语法点,是目标语法点,1
13,char_tfidf_svm,EX-0050,是目标语法点,是目标语法点,1
13,char_tfidf_svm,EX-0051,不是目标语法点,是目标语法点,1
13,char_tfidf_svm,EX-0052,不是目标语法点,是目标语法点,1
13,char_tfidf_svm,EX-0053,是目标语法点,是目标语法点,1
13,char_tfidf_svm,EX-0054,是目标语法点,是目标语法点,1
13,char_tfidf_svm,EX-0055,不是目标语法点,是目标语法点,1
13,char_tfidf_svm,EX-0056,不是目标语法点,是目标语法点,1
13,char_tfidf_svm,EX-0057,是目标语法点,是目标语法点,1
13,char_tfidf_svm,EX-0058,是目标语法点,是目标语法点,1
13,char_tfidf_svm,EX-0059,不是目标语法点,是目标语法点,1
13,char_tfidf_svm,EX-0060,不是目标语法点,是目标语法点,1
13,char_tfidf_svm,EX-0061,是目标语法点,是目标语法点,1
13,char_tfidf_svm,EX-0062,是目标语法点,是目标语法点,1
13,char_tfidf_svm,EX-0063,不是目标语法点,是目标语法点,1
13,char_tfidf_svm,EX-0064,不是目标语法点,是目标语法点,1
13,char_tfidf_svm,EX-0065,是目标语法点,是目标语法点,1
13,char_tfidf_svm,EX-0066,是目标语法点,是目标语法点,1
13,char_tfidf_svm,EX-0067,不是目标语法点,是目标语法点,1
13,char_tfidf_svm,EX-0068,不是目标语法点,是目标语法点,1
13,char_tfidf_svm,EX-0069,是目标语法点,是目标语法点,1
13,char_tfidf_svm,EX-0070,是目标语法点,是目标语法点,1
13,char_tfidf_svm,EX-0071,不是目标语法点,是目标语法点,1
13,char_tfidf_svm,EX-0072,不是目标语法点,是目标语法点,1
13,char_tfidf_svm,EX-0073,是目标语法点,是目标语法点,1
13,char_tfidf_svm,EX-0074,是目标语法点,是目标语法点,1
13,char_tfidf_svm,EX-0075,不是目标语法点,是目标语法点,1
13,char_tfidf_svm,EX-0076,不是目标语法点,是目标语法点,1
13,char_tfidf_svm,EX-0077,是目标语法点,是目标语法点,1
13,char_tfidf_svm,EX-0078,是目标语法点,是目标语法点,1
13,char_tfidf_svm,EX-0079,不是目标语法点,是目标语法点,1
13,char_tfidf_svm,EX-0080,不是目标语法点,是目标语法点,1
13,char_tfidf_svm,EX-0081,是目标语法点,是目标语法点,1
13,char_tfidf_svm,EX-0082,是目标语法点,是目标语法点,1
13,char_tfidf_svm,EX-0083,不是目标语法点,是目标语法点,1
13,char_tfidf_svm,EX-0084,不是目标语法点,是目标语法点,1
13,char_tfidf_svm,EX-0085,是目标语法点,是目标语法点,1
13,char_tfidf_svm,EX-0086,是目标语法点,是目标语法点,1
13,char_tfidf_svm,EX-0087,不是目标语法点,是目标语法点,1
13,char_tfidf_svm,EX-0088,不是目标语法点,是目标语法点,1
13,char_tfidf_svm,EX-0089,是目标语法点,是目标语法点,1
13,char_tfidf_svm,EX-0090,是目标语法点,是目标语法点,1
13,char_tfidf_svm,EX-0091,不是目标语法点,是目标语法点,1
13,char_tfidf_svm,EX-0092,不是目标语法点,是目标语法点,1
13,char_tfidf_svm,EX-0093,是目标语法点,是目标语法点,1
13,char_tfidf_svm,EX-0094,是目标语法点,是目标语法点,1
13,char_tfidf_svm,EX-0095,不是目标语法点,是目标语法点,1
13,char_tfidf_svm,EX-0096,不是目标语法点,是目标语法点,1
13,char_tfidf_svm,EX-0097,是目标语法点,是目标语法点,1
13,char_tfidf_svm,EX-0098,是目标语法点,是目标语法点,1
13,char_tfidf_svm,EX-0099,不是目标语法点,是目标语法点,1
13,char_tfidf_svm,EX-0100,不是目标语法点,是目标语法点,1
13,char_tfidf_svm,EX-0101,是目标语法点,是目标语法点,1
13,char_tfidf_svm,EX-0102,是目标语法点,是目标语法点,1
13,char_tfidf_svm,EX-0103,不是目标语法点,是目标语法点,1
13,char_tfidf_svm,EX-0104,不是目标语法点,不是目标语法点,1
13,char_tfidf_svm,EX-0105,是目标语法点,是目标语法点,1
13,char_tfidf_svm,EX-0106,是目标语法点,是目标语法点,1
13,char_tfidf_svm,EX-0107,不是目标语法点,是目标语法点,1
13,char_tfidf_svm,EX-0108,不是目标语法点,是目标语法点,1
13,char_tfidf_svm,EX-0109,是目标语法点,是目标语法点,1
13,char_tfidf_svm,EX-0110,是目标语法点,是目标语法点,1
13,char_tfidf_svm,EX-0111,不是目标语法点,是目标语法点,1
13,char_tfidf_svm,EX-0112,不是目标语法点,不是目标语法点,1
13,char_tfidf_svm,EX-0113,是目标语法点,不是目标语法点,1
13,char_tfidf_svm,EX-0114,是目标语法点,不是目标语法点,1
13,char_tfidf_svm,EX-0115,不是目标语法点,不是目标语法点,1
13,char_tfidf_svm,EX-0116,不是目标语法点,不是目标语法点,1
13,char_tfidf_svm,EX-0117,是目标语法点,是目标语法点,1
13,char_tfidf_svm,EX-0118,是目标语法点,是目标语法点,1
13,char_tfidf_svm,EX-0119,不是目标语法点,是目标语法点,1
13,char_tfidf_svm,EX-0120,不是目标语法点,是目标语法点,1
13,char_tfidf_svm,EX-0121,是目标语法点,是目标语法点,1
13,char_tfidf_svm,EX-0122,是目标语法点,是目标语法点,1
13,char_tfidf_svm,EX-0123,不是目标语法点,是目标语法点,1
13,char_tfidf_svm,EX-0124,不是目标语法点,不是目标语法点,1
13,char_tfidf_svm,EX-0125,是目标语法点,是目标语法点,1
13,char_tfidf_svm,EX-0126,是目标语法点,是目标语法点,1
13,char_tfidf_svm,EX-0127,不是目标语法点,是目标语法点,1
13,char_tfidf_svm,EX-0128,不是目标语法点,是目标语法点,1
13,char_tfidf_svm,EX-0129,是目标语法点,是目标语法点,1
13,char_tfidf_svm,EX-0130,是目标语法点,是目标语法点,1
13,char_tfidf_svm,EX-0131,不是目标语法点,是目标语法点,1
13,char_tfidf_svm,EX-0132,不是目标语法点,是目标语法点,1
13,char_tfidf_svm,EX-0133,是目标语法点,是目标语法点,1
13,char_tfidf_svm,EX-0134,是目标语法点,是目标语法点,1
13,char_tfidf_svm,EX-0135,不是目标语法点,是目标语法点,1
13,char_tfidf_svm,EX-0136,不是目标语法点,是目标语法点,1
13,char_tfidf_svm,EX-0137,是目标语法点,是目标语法点,1
13,char_tfidf_svm,EX-0138,是目标语法点,是目标语法点,1
13,char_tfidf_svm,EX-0139,不是目标语法点,是目标语法点,1
13,char_tfidf_svm,EX-0140,不是目标语法点,是目标语法点,1
13,char_tfidf_svm,EX-0141,是目标语法点,是目标语法点,1
13,char_tfidf_svm,EX-0142,是目标语法点,是目标语法点,1
13,char_tfidf_svm,EX-0143,不是目标语法点,是目标语法点,1
13,char_tfidf_svm,EX-0144,不是目标语法点,是目标语法点,1
13,char_tfidf_svm,EX-0145,是目标语法点,是目标语法点,1
13,char_tfidf_svm,EX-0146,是目标语法点,是目标语法点,1
13,char_tfidf_svm,EX-0147,不是目标语法点,是目标语法点,1
13,char_tfidf_svm,EX-0148,不是目标语法点,是目标语法点,1
13,char_tfidf_svm,EX-0149,是目标语法点,是目标语法点,0
13,char_tfidf_svm,EX-0150,是目标语法点,是目标语法点,0
13,char_tfidf_svm,EX-0151,不是目标语法点,不是目标语法点,0
13,char_tfidf_svm,EX-0152,不是目标语法点,不是目标语法点,0
13,char_tfidf_svm,EX-0153,是目标语法点,是目标语法点,0
13,char_tfidf_svm,EX-0154,是目标语法点,是目标语法点,0
13,char_tfidf_svm,EX-0155,不是目标语法点,是目标语法点,0
13,char_tfidf_svm,EX-0156,不是目标语法点,是目标语法点,0
13,char_tfidf_svm,EX-0157,是目标语法点,是目标语法点,0
13,char_tfidf_svm,EX-0158,是目标语法点,是目标语法点,0
13,char_tfidf_svm,EX-0159,不是目标语法点,是目标语法点,0
13,char_tfidf_svm,EX-0160,不是目标语法点,是目标语法点,0
13,char_tfidf_svm,EX-0161,是目标语法点,是目标语法点,0
13,char_tfidf_svm,EX-0162,是目标语法点,是目标语法点,0
13,char_tfidf_svm,EX-0163,不是目标语法点,是目标语法点,0
13,char_tfidf_svm,EX-0164,不是目标语法点,是目标语法点,0
13,char_tfidf_svm,EX-0165,是目标语法点,是目标语法点,0
13,char_tfidf_svm,EX-0166,是目标语法点,是目标语法点,0
13,char_tfidf_svm,EX-0167,不是目标语法点,是目标语法点,0
13,char_tfidf_svm,EX-0168,不是目标语法点,是目标语法点,0
13,char_tfidf_svm,EX-0169,是目标语法点,是目标语法点,0
13,char_tfidf_svm,EX-0170,是目标语法点,是目标语法点,0
13,char_tfidf_svm,EX-0171,不是目标语法点,是目标语法点,0
13,char_tfidf_svm,EX-0172,不是目标语法点,是目标语法点,0
13,char_tfidf_svm,EX-0173,是目标语法点,是目标语法点,0
13,char_tfidf_svm,EX-0174,是目标语法点,是目标语法点,0
13,char_tfidf_svm,EX-0175,不是目标语法点,是目标语法点,0
13,char_tfidf_svm,EX-0176,不是目标语法点,是目标语法点,0
13,char_tfidf_svm,EX-0177,是目标语法点,是目标语法点,0
13,char_tfidf_svm,EX-0178,是目标语法点,是目标语法点,0
13,char_tfidf_svm,EX-0179,不是目标语法点,是目标语法点,0
13,char_tfidf_svm,EX-0180,不是目标语法点,是目标语法点,0
13,char_tfidf_svm,EX-0181,是目标语法点,是目标语法点,0
13,char_tfidf_svm,EX-0182,是目标语法点,是目标语法点,0
13,char_tfidf_svm,EX-0183,不是目标语法点,是目标语法点,0
13,char_tfidf_svm,EX-0184,不是目标语法点,是目标语法点,0
13,char_tfidf_svm,EX-0185,是目标语法点,是目标语法点,0
13,char_tfidf_svm,EX-0186,是目标语法点,是目标语法点,0
13,char_tfidf_svm,EX-0187,不是目标语法点,是目标语法点,0
13,char_tfidf_svm,EX-0188,不是目标语法点,不是目标语法点,0
13,char_tfidf_svm,EX-0189,是目标语法点,是目标语法点,0
13,char_tfidf_svm,EX-0190,是目标语法点,是目标语法点,0
13,char_tfidf_svm,EX-0191,不是目标语法点,是目标语法点,0
13,char_tfidf_svm,EX-0192,不是目标语法点,不是目标语法点,0
13,char_tfidf_svm,EX-0193,是目标语法点,是目标语法点,0
13,char_tfidf_svm,EX-0194,是目标语法点,是目标语法点,0
13,char_tfidf_svm,EX-0195,不是目标语法点,是目标语法点,0
13,char_tfidf_svm,EX-0196,不是目标语法点,不是目标语法点,0
13,char_tfidf_svm,EX-0197,是目标语法点,是目标语法点,0
13,char_tfidf_svm,EX-0198,是目标语法点,是目标语法点,0
13,char_tfidf_svm,EX-0199,不是目标语法点,是目标语法点,0
13,char_tfidf_svm,EX-0200,不是目标语法点,是目标语法点,0
13,char_tfidf_svm,EX-0201,是目标语法点,是目标语法点,0
13,char_tfidf_svm,EX-0202,是目标语法点,是目标语法点,0
13,char_tfidf_svm,EX-0203,不是目标语法点,是目标语法点,0
13,char_tfidf_svm,EX-0204,不是目标语法点,是目标语法点,0
13,char_tfidf_svm,EX-0205,是目标语法点,不是目标语法点,0
13,char_tfidf_svm,EX-0206,是目标语法点,不是目标语法点,0
13,char_tfidf_svm,EX-0207,不是目标语法点,不是目标语法点,0
13,char_tfidf_svm,EX-0208,不是目标语法点,不是目标语法点,0
13,char_tfidf_svm,EX-0209,是目标语法点,是目标语法点,0
13,char_tfidf_svm,EX-0210,是目标语法点,是目标语法点,0
13,char_tfidf_svm,EX-0211,不是目标语法点,是目标语法点,0
13,char_tfidf_svm,EX-0212,不是目标语法点,是目标语法点,0
13,char_tfidf_svm,EX-0213,是目标语法点,是目标语法点,0
13,char_tfidf_svm,EX-0214,是目标语法点,是目标语法点,0
13,char_tfidf_svm,EX-0215,不是目标语法点,是目标语法点,0
13,char_tfidf_svm,EX-0216,不是目标语法点,是目标语法点,0
13,char_tfidf_svm,EX-0217,是目标语法点,是目标语法点,0
13,char_tfidf_svm,EX-0218,是目标语法点,是目标语法点,0
13,char_tfidf_svm,EX-0219,不是目标语法点,是目标语法点,0
13,char_tfidf_svm,EX-0220,不是目标语法点,是目标语法点,0
13,char_tfidf_svm,EX-0221,是目标语法点,是目标语法点,0
13,char_tfidf_svm,EX-0222,是目标语法点,是目标语法点,0
13,char_tfidf_svm,EX-0223,不是目标语法点,是目标语法点,0
13,char_tfidf_svm,EX-0224,不是目标语法点,是目标语法点,0
13,char_tfidf_svm,EX-0225,是目标语法点,是目标语法点,0
13,char_tfidf_svm,EX-0226,是目标语法点,是目标语法点,0
13,char_tfidf_svm,EX-0227,不是目标语法点,是目标语法点,0
13,char_tfidf_svm,EX-0228,不是目标语法点,是目标语法点,0
13,char_tfidf_svm,EX-0229,是目标语法点,是目标语法点,0
13,char_tfidf_svm,EX-0230,是目标语法点,是目标语法点,0
13,char_tfidf_svm,EX-0231,不是目标语法点,是目标语法点,0
13,char_tfidf_svm,EX-0232,不是目标语法点,是目标语法点,0
13,char_tfidf_svm,EX-0233,是目标语法点,是目标语法点,0
13,char_tfidf_svm,EX-0234,是目标语法点,是目标语法点,0
13,char_tfidf_svm,EX-0235,不是目标语法点,是目标语法点,0
13,char_tfidf_svm,EX-0236,不是目标语法点,是目标语法点,0
13,char_tfidf_svm,EX-0237,是目标语法点,是目标语法点,0
13,char_tfidf_svm,EX-0238,是目标语法点,是目标语法点,0
13,char_tfidf_svm,EX-0239,不是目标语法点,是目标语法点,0
13,char_tfidf_svm,EX-0240,不是目标语法点,是目标语法点,0
13,char_tfidf_svm,EX-0241,是目标语法点,是目标语法点,0
13,char_tfidf_svm,EX-0242,是目标语法点,是目标语法点,0
13,char_tfidf_svm,EX-0243,不是目标语法点,是目标语法点,0
13,char_tfidf_svm,EX-0244,不是目标语法点,是目标语法点,0
13,char_svm_plus_kg_constraints,EX-0001,是目标语法点,是目标语法点,1
13,char_svm_plus_kg_constraints,EX-0002,是目标语法点,是目标语法点,1
13,char_svm_plus_kg_constraints,EX-0003,不是目标语法点,是目标语法点,1
13,char_svm_plus_kg_constraints,EX-0004,不是目标语法点,是目标语法点,1
13,char_svm_plus_kg_constraints,EX-0005,是目标语法点,是目标语法点,1
13,char_svm_plus_kg_constraints,EX-0006,是目标语法点,是目标语法点,1
13,char_svm_plus_kg_constraints,EX-0007,不是目标语法点,是目标语法点,1
13,char_svm_plus_kg_constraints,EX-0008,不是目标语法点,是目标语法点,1
13,char_svm_plus_kg_constraints,EX-0009,是目标语法点,是目标语法点,1
13,char_svm_plus_kg_constraints,EX-0010,是目标语法点,是目标语法点,1
13,char_svm_plus_kg_constraints,EX-0011,不是目标语法点,是目标语法点,1
13,char_svm_plus_kg_constraints,EX-0012,不是目标语法点,是目标语法点,1
13,char_svm_plus_kg_constraints,EX-0013,是目标语法点,是目标语法点,1
13,char_svm_plus_kg_constraints,EX-0014,是目标语法点,是目标语法点,1
13,char_svm_plus_kg_constraints,EX-0015,不是目标语法点,是目标语法点,1
13,char_svm_plus_kg_constraints,EX-0016,不是目标语法点,不是目标语法点,1
13,char_svm_plus_kg_constraints,EX-0017,是目标语法点,是目标语法点,1
13,char_svm_plus_kg_constraints,EX-0018,是目标语法点,是目标语法点,1
13,char_svm_plus_kg_constraints,EX-0019,不是目标语法点,是目标语法点,1
13,char_svm_plus_kg_constraints,EX-0020,不是目标语法点,是目标语法点,1
13,char_svm_plus_kg_constraints,EX-0021,是目标语法点,是目标语法点,1
13,char_svm_plus_kg_constraints,EX-0022,是目标语法点,是目标语法点,1
13,char_svm_plus_kg_constraints,EX-0023,不是目标语法点,是目标语法点,1
13,char_svm_plus_kg_constraints,EX-0024,不是目标语法点,不是目标语法点,1
13,char_svm_plus_kg_constraints,EX-0025,是目标语法点,是目标语法点,1
13,char_svm_plus_kg_constraints,EX-0026,是目标语法点,是目标语法点,1
13,char_svm_plus_kg_constraints,EX-0027,不是目标语法点,是目标语法点,1
13,char_svm_plus_kg_constraints,EX-0028,不是目标语法点,是目标语法点,1
13,char_svm_plus_kg_constraints,EX-0029,是目标语法点,是目标语法点,1
13,char_svm_plus_kg_constraints,EX-0030,是目标语法点,是目标语法点,1
13,char_svm_plus_kg_constraints,EX-0031,不是目标语法点,是目标语法点,1
13,char_svm_plus_kg_constraints,EX-0032,不是目标语法点,不是目标语法点,1
13,char_svm_plus_kg_constraints,EX-0033,是目标语法点,是目标语法点,1
13,char_svm_plus_kg_constraints,EX-0034,是目标语法点,是目标语法点,1
13,char_svm_plus_kg_constraints,EX-0035,不是目标语法点,是目标语法点,1
13,char_svm_plus_kg_constraints,EX-0036,不是目标语法点,是目标语法点,1
13,char_svm_plus_kg_constraints,EX-0037,是目标语法点,是目标语法点,1
13,char_svm_plus_kg_constraints,EX-0038,是目标语法点,是目标语法点,1
13,char_svm_plus_kg_constraints,EX-0039,不是目标语法点,是目标语法点,1
13,char_svm_plus_kg_constraints,EX-0040,不是目标语法点,是目标语法点,1
13,char_svm_plus_kg_constraints,EX-0041,是目标语法点,是目标语法点,1
13,char_svm_plus_kg_constraints,EX-0042,是目标语法点,是目标语法点,1
13,char_svm_plus_kg_constraints,EX-0043,不是目标语法点,是目标语法点,1
13,char_svm_plus_kg_constraints,EX-0044,不是目标语法点,是目标语法点,1
13,char_svm_plus_kg_constraints,EX-0045,是目标语法点,是目标语法点,1
13,char_svm_plus_kg_constraints,EX-0046,是目标语法点,是目标语法点,1
13,char_svm_plus_kg_constraints,EX-0047,不是目标语法点,是目标语法点,1
13,char_svm_plus_kg_constraints,EX-0048,不是目标语法点,是目标语法点,1
13,char_svm_plus_kg_constraints,EX-0049,是目标语法点,是目标语法点,1
13,char_svm_plus_kg_constraints,EX-0050,是目标语法点,是目标语法点,1
13,char_svm_plus_kg_constraints,EX-0051,不是目标语法点,是目标语法点,1
13,char_svm_plus_kg_constraints,EX-0052,不是目标语法点,是目标语法点,1
13,char_svm_plus_kg_constraints,EX-0053,是目标语法点,是目标语法点,1
13,char_svm_plus_kg_constraints,EX-0054,是目标语法点,是目标语法点,1
13,char_svm_plus_kg_constraints,EX-0055,不是目标语法点,是目标语法点,1
13,char_svm_plus_kg_constraints,EX-0056,不是目标语法点,是目标语法点,1
13,char_svm_plus_kg_constraints,EX-0057,是目标语法点,是目标语法点,1
13,char_svm_plus_kg_constraints,EX-0058,是目标语法点,是目标语法点,1
13,char_svm_plus_kg_constraints,EX-0059,不是目标语法点,是目标语法点,1
13,char_svm_plus_kg_constraints,EX-0060,不是目标语法点,是目标语法点,1
13,char_svm_plus_kg_constraints,EX-0061,是目标语法点,是目标语法点,1
13,char_svm_plus_kg_constraints,EX-0062,是目标语法点,是目标语法点,1
13,char_svm_plus_kg_constraints,EX-0063,不是目标语法点,是目标语法点,1
13,char_svm_plus_kg_constraints,EX-0064,不是目标语法点,是目标语法点,1
13,char_svm_plus_kg_constraints,EX-0065,是目标语法点,是目标语法点,1
13,char_svm_plus_kg_constraints,EX-0066,是目标语法点,是目标语法点,1
13,char_svm_plus_kg_constraints,EX-0067,不是目标语法点,是目标语法点,1
13,char_svm_plus_kg_constraints,EX-0068,不是目标语法点,是目标语法点,1
13,char_svm_plus_kg_constraints,EX-0069,是目标语法点,是目标语法点,1
13,char_svm_plus_kg_constraints,EX-0070,是目标语法点,是目标语法点,1
13,char_svm_plus_kg_constraints,EX-0071,不是目标语法点,是目标语法点,1
13,char_svm_plus_kg_constraints,EX-0072,不是目标语法点,是目标语法点,1
13,char_svm_plus_kg_constraints,EX-0073,是目标语法点,是目标语法点,1
13,char_svm_plus_kg_constraints,EX-0074,是目标语法点,是目标语法点,1
13,char_svm_plus_kg_constraints,EX-0075,不是目标语法点,是目标语法点,1
13,char_svm_plus_kg_constraints,EX-0076,不是目标语法点,是目标语法点,1
13,char_svm_plus_kg_constraints,EX-0077,是目标语法点,是目标语法点,1
13,char_svm_plus_kg_constraints,EX-0078,是目标语法点,是目标语法点,1
13,char_svm_plus_kg_constraints,EX-0079,不是目标语法点,是目标语法点,1
13,char_svm_plus_kg_constraints,EX-0080,不是目标语法点,是目标语法点,1
13,char_svm_plus_kg_constraints,EX-0081,是目标语法点,是目标语法点,1
13,char_svm_plus_kg_constraints,EX-0082,是目标语法点,是目标语法点,1
13,char_svm_plus_kg_constraints,EX-0083,不是目标语法点,是目标语法点,1
13,char_svm_plus_kg_constraints,EX-0084,不是目标语法点,是目标语法点,1
13,char_svm_plus_kg_constraints,EX-0085,是目标语法点,是目标语法点,1
13,char_svm_plus_kg_constraints,EX-0086,是目标语法点,是目标语法点,1
13,char_svm_plus_kg_constraints,EX-0087,不是目标语法点,是目标语法点,1
13,char_svm_plus_kg_constraints,EX-0088,不是目标语法点,是目标语法点,1
13,char_svm_plus_kg_constraints,EX-0089,是目标语法点,是目标语法点,1
13,char_svm_plus_kg_constraints,EX-0090,是目标语法点,是目标语法点,1
13,char_svm_plus_kg_constraints,EX-0091,不是目标语法点,是目标语法点,1
13,char_svm_plus_kg_constraints,EX-0092,不是目标语法点,是目标语法点,1
13,char_svm_plus_kg_constraints,EX-0093,是目标语法点,是目标语法点,1
13,char_svm_plus_kg_constraints,EX-0094,是目标语法点,是目标语法点,1
13,char_svm_plus_kg_constraints,EX-0095,不是目标语法点,是目标语法点,1
13,char_svm_plus_kg_constraints,EX-0096,不是目标语法点,是目标语法点,1
13,char_svm_plus_kg_constraints,EX-0097,是目标语法点,是目标语法点,1
13,char_svm_plus_kg_constraints,EX-0098,是目标语法点,是目标语法点,1
13,char_svm_plus_kg_constraints,EX-0099,不是目标语法点,是目标语法点,1
13,char_svm_plus_kg_constraints,EX-0100,不是目标语法点,是目标语法点,1
13,char_svm_plus_kg_constraints,EX-0101,是目标语法点,是目标语法点,1
13,char_svm_plus_kg_constraints,EX-0102,是目标语法点,是目标语法点,1
13,char_svm_plus_kg_constraints,EX-0103,不是目标语法点,不是目标语法点,1
13,char_svm_plus_kg_constraints,EX-0104,不是目标语法点,是目标语法点,1
13,char_svm_plus_kg_constraints,EX-0105,是目标语法点,是目标语法点,1
13,char_svm_plus_kg_constraints,EX-0106,是目标语法点,是目标语法点,1
13,char_svm_plus_kg_constraints,EX-0107,不是目标语法点,是目标语法点,1
13,char_svm_plus_kg_constraints,EX-0108,不是目标语法点,是目标语法点,1
13,char_svm_plus_kg_constraints,EX-0109,是目标语法点,是目标语法点,1
13,char_svm_plus_kg_constraints,EX-0110,是目标语法点,是目标语法点,1
13,char_svm_plus_kg_constraints,EX-0111,不是目标语法点,是目标语法点,1
13,char_svm_plus_kg_constraints,EX-0112,不是目标语法点,是目标语法点,1
13,char_svm_plus_kg_constraints,EX-0113,是目标语法点,不是目标语法点,1
13,char_svm_plus_kg_constraints,EX-0114,是目标语法点,不是目标语法点,1
13,char_svm_plus_kg_constraints,EX-0115,不是目标语法点,不是目标语法点,1
13,char_svm_plus_kg_constraints,EX-0116,不是目标语法点,不是目标语法点,1
13,char_svm_plus_kg_constraints,EX-0117,是目标语法点,是目标语法点,1
13,char_svm_plus_kg_constraints,EX-0118,是目标语法点,是目标语法点,1
13,char_svm_plus_kg_constraints,EX-0119,不是目标语法点,是目标语法点,1
13,char_svm_plus_kg_constraints,EX-0120,不是目标语法点,是目标语法点,1
13,char_svm_plus_kg_constraints,EX-0121,是目标语法点,是目标语法点,1
13,char_svm_plus_kg_constraints,EX-0122,是目标语法点,是目标语法点,1
13,char_svm_plus_kg_constraints,EX-0123,不是目标语法点,是目标语法点,1
13,char_svm_plus_kg_constraints,EX-0124,不是目标语法点,是目标语法点,1
13,char_svm_plus_kg_constraints,EX-0125,是目标语法点,是目标语法点,1
13,char_svm_plus_kg_constraints,EX-0126,是目标语法点,是目标语法点,1
13,char_svm_plus_kg_constraints,EX-0127,不是目标语法点,是目标语法点,1
13,char_svm_plus_kg_constraints,EX-0128,不是目标语法点,是目标语法点,1
13,char_svm_plus_kg_constraints,EX-0129,是目标语法点,是目标语法点,1
13,char_svm_plus_kg_constraints,EX-0130,是目标语法点,是目标语法点,1
13,char_svm_plus_kg_constraints,EX-0131,不是目标语法点,是目标语法点,1
13,char_svm_plus_kg_constraints,EX-0132,不是目标语法点,是目标语法点,1
13,char_svm_plus_kg_constraints,EX-0133,是目标语法点,是目标语法点,1
13,char_svm_plus_kg_constraints,EX-0134,是目标语法点,是目标语法点,1
13,char_svm_plus_kg_constraints,EX-0135,不是目标语法点,是目标语法点,1
13,char_svm_plus_kg_constraints,EX-0136,不是目标语法点,是目标语法点,1
13,char_svm_plus_kg_constraints,EX-0137,是目标语法点,是目标语法点,1
13,char_svm_plus_kg_constraints,EX-0138,是目标语法点,是目标语法点,1
13,char_svm_plus_kg_constraints,EX-0139,不是目标语法点,是目标语法点,1
13,char_svm_plus_kg_constraints,EX-0140,不是目标语法点,是目标语法点,1
13,char_svm_plus_kg_constraints,EX-0141,是目标语法点,是目标语法点,1
13,char_svm_plus_kg_constraints,EX-0142,是目标语法点,是目标语法点,1
13,char_svm_plus_kg_constraints,EX-0143,不是目标语法点,是目标语法点,1
13,char_svm_plus_kg_constraints,EX-0144,不是目标语法点,是目标语法点,1
13,char_svm_plus_kg_constraints,EX-0145,是目标语法点,是目标语法点,1
13,char_svm_plus_kg_constraints,EX-0146,是目标语法点,是目标语法点,1
13,char_svm_plus_kg_constraints,EX-0147,不是目标语法点,是目标语法点,1
13,char_svm_plus_kg_constraints,EX-0148,不是目标语法点,是目标语法点,1
13,char_svm_plus_kg_constraints,EX-0149,是目标语法点,是目标语法点,0
13,char_svm_plus_kg_constraints,EX-0150,是目标语法点,是目标语法点,0
13,char_svm_plus_kg_constraints,EX-0151,不是目标语法点,是目标语法点,0
13,char_svm_plus_kg_constraints,EX-0152,不是目标语法点,是目标语法点,0
13,char_svm_plus_kg_constraints,EX-0153,是目标语法点,是目标语法点,0
13,char_svm_plus_kg_constraints,EX-0154,是目标语法点,是目标语法点,0
13,char_svm_plus_kg_constraints,EX-0155,不是目标语法点,是目标语法点,0
13,char_svm_plus_kg_constraints,EX-0156,不是目标语法点,是目标语法点,0
13,char_svm_plus_kg_constraints,EX-0157,是目标语法点,是目标语法点,0
13,char_svm_plus_kg_constraints,EX-0158,是目标语法点,是目标语法点,0
13,char_svm_plus_kg_constraints,EX-0159,不是目标语法点,是目标语法点,0
13,char_svm_plus_kg_constraints,EX-0160,不是目标语法点,是目标语法点,0
13,char_svm_plus_kg_constraints,EX-0161,是目标语法点,是目标语法点,0
13,char_svm_plus_kg_constraints,EX-0162,是目标语法点,是目标语法点,0
13,char_svm_plus_kg_constraints,EX-0163,不是目标语法点,是目标语法点,0
13,char_svm_plus_kg_constraints,EX-0164,不是目标语法点,是目标语法点,0
13,char_svm_plus_kg_constraints,EX-0165,是目标语法点,是目标语法点,0
13,char_svm_plus_kg_constraints,EX-0166,是目标语法点,是目标语法点,0
13,char_svm_plus_kg_constraints,EX-0167,不是目标语法点,是目标语法点,0
13,char_svm_plus_kg_constraints,EX-0168,不是目标语法点,是目标语法点,0
13,char_svm_plus_kg_constraints,EX-0169,是目标语法点,是目标语法点,0
13,char_svm_plus_kg_constraints,EX-0170,是目标语法点,是目标语法点,0
13,char_svm_plus_kg_constraints,EX-0171,不是目标语法点,是目标语法点,0
13,char_svm_plus_kg_constraints,EX-0172,不是目标语法点,是目标语法点,0
13,char_svm_plus_kg_constraints,EX-0173,是目标语法点,是目标语法点,0
13,char_svm_plus_kg_constraints,EX-0174,是目标语法点,是目标语法点,0
13,char_svm_plus_kg_constraints,EX-0175,不是目标语法点,是目标语法点,0
13,char_svm_plus_kg_constraints,EX-0176,不是目标语法点,是目标语法点,0
13,char_svm_plus_kg_constraints,EX-0177,是目标语法点,是目标语法点,0
13,char_svm_plus_kg_constraints,EX-0178,是目标语法点,是目标语法点,0
13,char_svm_plus_kg_constraints,EX-0179,不是目标语法点,是目标语法点,0
13,char_svm_plus_kg_constraints,EX-0180,不是目标语法点,是目标语法点,0
13,char_svm_plus_kg_constraints,EX-0181,是目标语法点,是目标语法点,0
13,char_svm_plus_kg_constraints,EX-0182,是目标语法点,是目标语法点,0
13,char_svm_plus_kg_constraints,EX-0183,不是目标语法点,是目标语法点,0
13,char_svm_plus_kg_constraints,EX-0184,不是目标语法点,是目标语法点,0
13,char_svm_plus_kg_constraints,EX-0185,是目标语法点,是目标语法点,0
13,char_svm_plus_kg_constraints,EX-0186,是目标语法点,是目标语法点,0
13,char_svm_plus_kg_constraints,EX-0187,不是目标语法点,是目标语法点,0
13,char_svm_plus_kg_constraints,EX-0188,不是目标语法点,是目标语法点,0
13,char_svm_plus_kg_constraints,EX-0189,是目标语法点,是目标语法点,0
13,char_svm_plus_kg_constraints,EX-0190,是目标语法点,是目标语法点,0
13,char_svm_plus_kg_constraints,EX-0191,不是目标语法点,是目标语法点,0
13,char_svm_plus_kg_constraints,EX-0192,不是目标语法点,是目标语法点,0
13,char_svm_plus_kg_constraints,EX-0193,是目标语法点,是目标语法点,0
13,char_svm_plus_kg_constraints,EX-0194,是目标语法点,是目标语法点,0
13,char_svm_plus_kg_constraints,EX-0195,不是目标语法点,是目标语法点,0
13,char_svm_plus_kg_constraints,EX-0196,不是目标语法点,是目标语法点,0
13,char_svm_plus_kg_constraints,EX-0197,是目标语法点,是目标语法点,0
13,char_svm_plus_kg_constraints,EX-0198,是目标语法点,是目标语法点,0
13,char_svm_plus_kg_constraints,EX-0199,不是目标语法点,是目标语法点,0
13,char_svm_plus_kg_constraints,EX-0200,不是目标语法点,是目标语法点,0
13,char_svm_plus_kg_constraints,EX-0201,是目标语法点,是目标语法点,0
13,char_svm_plus_kg_constraints,EX-0202,是目标语法点,是目标语法点,0
13,char_svm_plus_kg_constraints,EX-0203,不是目标语法点,是目标语法点,0
13,char_svm_plus_kg_constraints,EX-0204,不是目标语法点,是目标语法点,0
13,char_svm_plus_kg_constraints,EX-0205,是目标语法点,不是目标语法点,0
13,char_svm_plus_kg_constraints,EX-0206,是目标语法点,不是目标语法点,0
13,char_svm_plus_kg_constraints,EX-0207,不是目标语法点,不是目标语法点,0
13,char_svm_plus_kg_constraints,EX-0208,不是目标语法点,不是目标语法点,0
13,char_svm_plus_kg_constraints,EX-0209,是目标语法点,是目标语法点,0
13,char_svm_plus_kg_constraints,EX-0210,是目标语法点,是目标语法点,0
13,char_svm_plus_kg_constraints,EX-0211,不是目标语法点,是目标语法点,0
13,char_svm_plus_kg_constraints,EX-0212,不是目标语法点,是目标语法点,0
13,char_svm_plus_kg_constraints,EX-0213,是目标语法点,是目标语法点,0
13,char_svm_plus_kg_constraints,EX-0214,是目标语法点,是目标语法点,0
13,char_svm_plus_kg_constraints,EX-0215,不是目标语法点,是目标语法点,0
13,char_svm_plus_kg_constraints,EX-0216,不是目标语法点,是目标语法点,0
13,char_svm_plus_kg_constraints,EX-0217,是目标语法点,是目标语法点,0
13,char_svm_plus_kg_constraints,EX-0218,是目标语法点,是目标语法点,0
13,char_svm_plus_kg_constraints,EX-0219,不是目标语法点,是目标语法点,0
13,char_svm_plus_kg_constraints,EX-0220,不是目标语法点,是目标语法点,0
13,char_svm_plus_kg_constraints,EX-0221,是目标语法点,是目标语法点,0
13,char_svm_plus_kg_constraints,EX-0222,是目标语法点,是目标语法点,0
13,char_svm_plus_kg_constraints,EX-0223,不是目标语法点,是目标语法点,0
13,char_svm_plus_kg_constraints,EX-0224,不是目标语法点,是目标语法点,0
13,char_svm_plus_kg_constraints,EX-0225,是目标语法点,是目标语法点,0
13,char_svm_plus_kg_constraints,EX-0226,是目标语法点,是目标语法点,0
13,char_svm_plus_kg_constraints,EX-0227,不是目标语法点,是目标语法点,0
13,char_svm_plus_kg_constraints,EX-0228,不是目标语法点,是目标语法点,0
13,char_svm_plus_kg_constraints,EX-0229,是目标语法点,是目标语法点,0
13,char_svm_plus_kg_constraints,EX-0230,是目标语法点,是目标语法点,0
13,char_svm_plus_kg_constraints,EX-0231,不是目标语法点,是目标语法点,0
13,char_svm_plus_kg_constraints,EX-0232,不是目标语法点,是目标语法点,0
13,char_svm_plus_kg_constraints,EX-0233,是目标语法点,是目标语法点,0
13,char_svm_plus_kg_constraints,EX-0234,是目标语法点,是目标语法点,0
13,char_svm_plus_kg_constraints,EX-0235,不是目标语法点,是目标语法点,0
13,char_svm_plus_kg_constraints,EX-0236,不是目标语法点,是目标语法点,0
13,char_svm_plus_kg_constraints,EX-0237,是目标语法点,是目标语法点,0
13,char_svm_plus_kg_constraints,EX-0238,是目标语法点,是目标语法点,0
13,char_svm_plus_kg_constraints,EX-0239,不是目标语法点,是目标语法点,0
13,char_svm_plus_kg_constraints,EX-0240,不是目标语法点,是目标语法点,0
13,char_svm_plus_kg_constraints,EX-0241,是目标语法点,是目标语法点,0
13,char_svm_plus_kg_constraints,EX-0242,是目标语法点,是目标语法点,0
13,char_svm_plus_kg_constraints,EX-0243,不是目标语法点,是目标语法点,0
13,char_svm_plus_kg_constraints,EX-0244,不是目标语法点,是目标语法点,0
42,char_tfidf_svm,EX-0001,是目标语法点,是目标语法点,1
42,char_tfidf_svm,EX-0002,是目标语法点,是目标语法点,1
42,char_tfidf_svm,EX-0003,不是目标语法点,是目标语法点,1
42,char_tfidf_svm,EX-0004,不是目标语法点,是目标语法点,1
42,char_tfidf_svm,EX-0005,是目标语法点,是目标语法点,1
42,char_tfidf_svm,EX-0006,是目标语法点,是目标语法点,1
42,char_tfidf_svm,EX-0007,不是目标语法点,是目标语法点,1
42,char_tfidf_svm,EX-0008,不是目标语法点,是目标语法点,1
42,char_tfidf_svm,EX-0009,是目标语法点,是目标语法点,1
42,char_tfidf_svm,EX-0010,是目标语法点,是目标语法点,1
42,char_tfidf_svm,EX-0011,不是目标语法点,是目标语法点,1
42,char_tfidf_svm,EX-0012,不是目标语法点,是目标语法点,1
42,char_tfidf_svm,EX-0013,是目标语法点,是目标语法点,1
42,char_tfidf_svm,EX-0014,是目标语法点,是目标语法点,1
42,char_tfidf_svm,EX-0015,不是目标语法点,是目标语法点,1
42,char_tfidf_svm,EX-0016,不是目标语法点,不是目标语法点,1
42,char_tfidf_svm,EX-0017,是目标语法点,是目标语法点,1
42,char_tfidf_svm,EX-0018,是目标语法点,是目标语法点,1
42,char_tfidf_svm,EX-0019,不是目标语法点,是目标语法点,1
42,char_tfidf_svm,EX-0020,不是目标语法点,是目标语法点,1
42,char_tfidf_svm,EX-0021,是目标语法点,是目标语法点,1
42,char_tfidf_svm,EX-0022,是目标语法点,是目标语法点,1
42,char_tfidf_svm,EX-0023,不是目标语法点,是目标语法点,1
42,char_tfidf_svm,EX-0024,不是目标语法点,不是目标语法点,1
42,char_tfidf_svm,EX-0025,是目标语法点,是目标语法点,1
42,char_tfidf_svm,EX-0026,是目标语法点,是目标语法点,1
42,char_tfidf_svm,EX-0027,不是目标语法点,是目标语法点,1
42,char_tfidf_svm,EX-0028,不是目标语法点,是目标语法点,1
42,char_tfidf_svm,EX-0029,是目标语法点,是目标语法点,1
42,char_tfidf_svm,EX-0030,是目标语法点,是目标语法点,1
42,char_tfidf_svm,EX-0031,不是目标语法点,是目标语法点,1
42,char_tfidf_svm,EX-0032,不是目标语法点,是目标语法点,1
42,char_tfidf_svm,EX-0033,是目标语法点,是目标语法点,1
42,char_tfidf_svm,EX-0034,是目标语法点,是目标语法点,1
42,char_tfidf_svm,EX-0035,不是目标语法点,是目标语法点,1
42,char_tfidf_svm,EX-0036,不是目标语法点,是目标语法点,1
42,char_tfidf_svm,EX-0037,是目标语法点,是目标语法点,1
42,char_tfidf_svm,EX-0038,是目标语法点,是目标语法点,1
42,char_tfidf_svm,EX-0039,不是目标语法点,是目标语法点,1
42,char_tfidf_svm,EX-0040,不是目标语法点,是目标语法点,1
42,char_tfidf_svm,EX-0041,是目标语法点,是目标语法点,1
42,char_tfidf_svm,EX-0042,是目标语法点,是目标语法点,1
42,char_tfidf_svm,EX-0043,不是目标语法点,是目标语法点,1
42,char_tfidf_svm,EX-0044,不是目标语法点,是目标语法点,1
42,char_tfidf_svm,EX-0045,是目标语法点,是目标语法点,1
42,char_tfidf_svm,EX-0046,是目标语法点,是目标语法点,1
42,char_tfidf_svm,EX-0047,不是目标语法点,是目标语法点,1
42,char_tfidf_svm,EX-0048,不是目标语法点,是目标语法点,1
42,char_tfidf_svm,EX-0049,是目标语法点,是目标语法点,1
42,char_tfidf_svm,EX-0050,是目标语法点,是目标语法点,1
42,char_tfidf_svm,EX-0051,不是目标语法点,是目标语法点,1
42,char_tfidf_svm,EX-0052,不是目标语法点,是目标语法点,1
42,char_tfidf_svm,EX-0053,是目标语法点,是目标语法点,1
42,char_tfidf_svm,EX-0054,是目标语法点,是目标语法点,1
42,char_tfidf_svm,EX-0055,不是目标语法点,是目标语法点,1
42,char_tfidf_svm,EX-0056,不是目标语法点,是目标语法点,1
42,char_tfidf_svm,EX-0057,是目标语法点,是目标语法点,1
42,char_tfidf_svm,EX-0058,是目标语法点,是目标语法点,1
42,char_tfidf_svm,EX-0059,不是目标语法点,是目标语法点,1
42,char_tfidf_svm,EX-0060,不是目标语法点,是目标语法点,1
42,char_tfidf_svm,EX-0061,是目标语法点,是目标语法点,1
42,char_tfidf_svm,EX-0062,是目标语法点,是目标语法点,1
42,char_tfidf_svm,EX-0063,不是目标语法点,是目标语法点,1
42,char_tfidf_svm,EX-0064,不是目标语法点,是目标语法点,1
42,char_tfidf_svm,EX-0065,是目标语法点,是目标语法点,1
42,char_tfidf_svm,EX-0066,是目标语法点,是目标语法点,1
42,char_tfidf_svm,EX-0067,不是目标语法点,是目标语法点,1
42,char_tfidf_svm,EX-0068,不是目标语法点,是目标语法点,1
42,char_tfidf_svm,EX-0069,是目标语法点,是目标语法点,1
42,char_tfidf_svm,EX-0070,是目标语法点,是目标语法点,1
42,char_tfidf_svm,EX-0071,不是目标语法点,是目标语法点,1
42,char_tfidf_svm,EX-0072,不是目标语法点,是目标语法点,1
42,char_tfidf_svm,EX-0073,是目标语法点,是目标语法点,1
42,char_tfidf_svm,EX-0074,是目标语法点,是目标语法点,1
42,char_tfidf_svm,EX-0075,不是目标语法点,是目标语法点,1
42,char_tfidf_svm,EX-0076,不是目标语法点,是目标语法点,1
42,char_tfidf_svm,EX-0077,是目标语法点,是目标语法点,1
42,char_tfidf_svm,EX-0078,是目标语法点,是目标语法点,1
42,char_tfidf_svm,EX-0079,不是目标语法点,是目标语法点,1
42,char_tfidf_svm,EX-0080,不是目标语法点,是目标语法点,1
42,char_tfidf_svm,EX-0081,是目标语法点,是目标语法点,1
42,char_tfidf_svm,EX-0082,是目标语法点,是目标语法点,1
42,char_tfidf_svm,EX-0083,不是目标语法点,是目标语法点,1
42,char_tfidf_svm,EX-0084,不是目标语法点,是目标语法点,1
42,char_tfidf_svm,EX-0085,是目标语法点,是目标语法点,1
42,char_tfidf_svm,EX-0086,是目标语法点,是目标语法点,1
42,char_tfidf_svm,EX-0087,不是目标语法点,是目标语法点,1
42,char_tfidf_svm,EX-0088,不是目标语法点,是目标语法点,1
42,char_tfidf_svm,EX-0089,是目标语法点,是目标语法点,1
42,char_tfidf_svm,EX-0090,是目标语法点,是目标语法点,1
42,char_tfidf_svm,EX-0091,不是目标语法点,是目标语法点,1
42,char_tfidf_svm,EX-0092,不是目标语法点,是目标语法点,1
42,char_tfidf_svm,EX-0093,是目标语法点,是目标语法点,1
42,char_tfidf_svm,EX-0094,是目标语法点,是目标语法点,1
42,char_tfidf_svm,EX-0095,不是目标语法点,是目标语法点,1
42,char_tfidf_svm,EX-0096,不是目标语法点,是目标语法点,1
42,char_tfidf_svm,EX-0097,是目标语法点,是目标语法点,1
42,char_tfidf_svm,EX-0098,是目标语法点,是目标语法点,1
42,char_tfidf_svm,EX-0099,不是目标语法点,是目标语法点,1
42,char_tfidf_svm,EX-0100,不是目标语法点,是目标语法点,1
42,char_tfidf_svm,EX-0101,是目标语法点,是目标语法点,1
42,char_tfidf_svm,EX-0102,是目标语法点,是目标语法点,1
42,char_tfidf_svm,EX-0103,不是目标语法点,是目标语法点,1
42,char_tfidf_svm,EX-0104,不是目标语法点,不是目标语法点,1
42,char_tfidf_svm,EX-0105,是目标语法点,是目标语法点,1
42,char_tfidf_svm,EX-0106,是目标语法点,是目标语法点,1
42,char_tfidf_svm,EX-0107,不是目标语法点,是目标语法点,1
42,char_tfidf_svm,EX-0108,不是目标语法点,是目标语法点,1
42,char_tfidf_svm,EX-0109,是目标语法点,是目标语法点,1
42,char_tfidf_svm,EX-0110,是目标语法点,是目标语法点,1
42,char_tfidf_svm,EX-0111,不是目标语法点,是目标语法点,1
42,char_tfidf_svm,EX-0112,不是目标语法点,不是目标语法点,1
42,char_tfidf_svm,EX-0113,是目标语法点,不是目标语法点,1
42,char_tfidf_svm,EX-0114,是目标语法点,不是目标语法点,1
42,char_tfidf_svm,EX-0115,不是目标语法点,不是目标语法点,1
42,char_tfidf_svm,EX-0116,不是目标语法点,不是目标语法点,1
42,char_tfidf_svm,EX-0117,是目标语法点,是目标语法点,1
42,char_tfidf_svm,EX-0118,是目标语法点,是目标语法点,1
42,char_tfidf_svm,EX-0119,不是目标语法点,是目标语法点,1
42,char_tfidf_svm,EX-0120,不是目标语法点,不是目标语法点,1
42,char_tfidf_svm,EX-0121,是目标语法点,是目标语法点,1
42,char_tfidf_svm,EX-0122,是目标语法点,是目标语法点,1
42,char_tfidf_svm,EX-0123,不是目标语法点,是目标语法点,1
42,char_tfidf_svm,EX-0124,不是目标语法点,不是目标语法点,1
42,char_tfidf_svm,EX-0125,是目标语法点,是目标语法点,1
42,char_tfidf_svm,EX-0126,是目标语法点,是目标语法点,1
42,char_tfidf_svm,EX-0127,不是目标语法点,是目标语法点,1
42,char_tfidf_svm,EX-0128,不是目标语法点,是目标语法点,1
42,char_tfidf_svm,EX-0129,是目标语法点,是目标语法点,1
42,char_tfidf_svm,EX-0130,是目标语法点,是目标语法点,1
42,char_tfidf_svm,EX-0131,不是目标语法点,是目标语法点,1
42,char_tfidf_svm,EX-0132,不是目标语法点,是目标语法点,1
42,char_tfidf_svm,EX-0133,是目标语法点,是目标语法点,1
42,char_tfidf_svm,EX-0134,是目标语法点,是目标语法点,1
42,char_tfidf_svm,EX-0135,不是目标语法点,是目标语法点,1
42,char_tfidf_svm,EX-0136,不是目标语法点,是目标语法点,1
42,char_tfidf_svm,EX-0137,是目标语法点,是目标语法点,1
42,char_tfidf_svm,EX-0138,是目标语法点,是目标语法点,1
42,char_tfidf_svm,EX-0139,不是目标语法点,是目标语法点,1
42,char_tfidf_svm,EX-0140,不是目标语法点,不是目标语法点,1
42,char_tfidf_svm,EX-0141,是目标语法点,是目标语法点,1
42,char_tfidf_svm,EX-0142,是目标语法点,是目标语法点,1
42,char_tfidf_svm,EX-0143,不是目标语法点,是目标语法点,1
42,char_tfidf_svm,EX-0144,不是目标语法点,是目标语法点,1
42,char_tfidf_svm,EX-0145,是目标语法点,是目标语法点,1
42,char_tfidf_svm,EX-0146,是目标语法点,是目标语法点,1
42,char_tfidf_svm,EX-0147,不是目标语法点,是目标语法点,1
42,char_tfidf_svm,EX-0148,不是目标语法点,是目标语法点,1
42,char_tfidf_svm,EX-0149,是目标语法点,是目标语法点,0
42,char_tfidf_svm,EX-0150,是目标语法点,是目标语法点,0
42,char_tfidf_svm,EX-0151,不是目标语法点,不是目标语法点,0
42,char_tfidf_svm,EX-0152,不是目标语法点,不是目标语法点,0
42,char_tfidf_svm,EX-0153,是目标语法点,是目标语法点,0
42,char_tfidf_svm,EX-0154,是目标语法点,是目标语法点,0
42,char_tfidf_svm,EX-0155,不是目标语法点,是目标语法点,0
42,char_tfidf_svm,EX-0156,不是目标语法点,不是目标语法点,0
42,char_tfidf_svm,EX-0157,是目标语法点,是目标语法点,0
42,char_tfidf_svm,EX-0158,是目标语法点,是目标语法点,0
42,char_tfidf_svm,EX-0159,不是目标语法点,是目标语法点,0
42,char_tfidf_svm,EX-0160,不是目标语法点,是目标语法点,0
42,char_tfidf_svm,EX-0161,是目标语法点,是目标语法点,0
42,char_tfidf_svm,EX-0162,是目标语法点,是目标语法点,0
42,char_tfidf_svm,EX-0163,不是目标语法点,是目标语法点,0
42,char_tfidf_svm,EX-0164,不是目标语法点,是目标语法点,0
42,char_tfidf_svm,EX-0165,是目标语法点,是目标语法点,0
42,char_tfidf_svm,EX-0166,是目标语法点,是目标语法点,0
42,char_tfidf_svm,EX-0167,不是目标语法点,是目标语法点,0
42,char_tfidf_svm,EX-0168,不是目标语法点,不是目标语法点,0
42,char_tfidf_svm,EX-0169,是目标语法点,是目标语法点,0
42,char_tfidf_svm,EX-0170,是目标语法点,是目标语法点,0
42,char_tfidf_svm,EX-0171,不是目标语法点,是目标语法点,0
42,char_tfidf_svm,EX-0172,不是目标语法点,是目标语法点,0
42,char_tfidf_svm,EX-0173,是目标语法点,是目标语法点,0
42,char_tfidf_svm,EX-0174,是目标语法点,是目标语法点,0
42,char_tfidf_svm,EX-0175,不是目标语法点,是目标语法点,0
42,char_tfidf_svm,EX-0176,不是目标语法点,是目标语法点,0
42,char_tfidf_svm,EX-0177,是目标语法点,是目标语法点,0
42,char_tfidf_svm,EX-0178,是目标语法点,是目标语法点,0
42,char_tfidf_svm,EX-0179,不是目标语法点,是目标语法点,0
42,char_tfidf_svm,EX-0180,不是目标语法点,是目标语法点,0
42,char_tfidf_svm,EX-0181,是目标语法点,是目标语法点,0
42,char_tfidf_svm,EX-0182,是目标语法点,是目标语法点,0
42,char_tfidf_svm,EX-0183,不是目标语法点,是目标语法点,0
42,char_tfidf_svm,EX-0184,不是目标语法点,不是目标语法点,0
42,char_tfidf_svm,EX-0185,是目标语法点,是目标语法点,0
42,char_tfidf_svm,EX-0186,是目标语法点,是目标语法点,0
42,char_tfidf_svm,EX-0187,不是目标语法点,是目标语法点,0
42,char_tfidf_svm,EX-0188,不是目标语法点,不是目标语法点,0
42,char_tfidf_svm,EX-0189,是目标语法点,是目标语法点,0
42,char_tfidf_svm,EX-0190,是目标语法点,是目标语法点,0
42,char_tfidf_svm,EX-0191,不是目标语法点,是目标语法点,0
42,char_tfidf_svm,EX-0192,不是目标语法点,不是目标语法点,0
42,char_tfidf_svm,EX-0193,是目标语法点,是目标语法点,0
42,char_tfidf_svm,EX-0194,是目标语法点,是目标语法点,0
42,char_tfidf_svm,EX-0195,不是目标语法点,是目标语法点,0
42,char_tfidf_svm,EX-0196,不是目标语法点,不是目标语法点,0
42,char_tfidf_svm,EX-0197,是目标语法点,是目标语法点,0
42,char_tfidf_svm,EX-0198,是目标语法点,是目标语法点,0
42,char_tfidf_svm,EX-0199,不是目标语法点,是目标语法点,0
42,char_tfidf_svm,EX-0200,不是目标语法点,是目标语法点,0
42,char_tfidf_svm,EX-0201,是目标语法点,是目标语法点,0
42,char_tfidf_svm,EX-0202,是目标语法点,是目标语法点,0
42,char_tfidf_svm,EX-0203,不是目标语法点,是目标语法点,0
42,char_tfidf_svm,EX-0204,不是目标语法点,是目标语法点,0
42,char_tfidf_svm,EX-0205,是目标语法点,不是目标语法点,0
42,char_tfidf_svm,EX-0206,是目标语法点,不是目标语法点,0
42,char_tfidf_svm,EX-0207,不是目标语法点,不是目标语法点,0
42,char_tfidf_svm,EX-0208,不是目标语法点,不是目标语法点,0
42,char_tfidf_svm,EX-0209,是目标语法点,是目标语法点,0
42,char_tfidf_svm,EX-0210,是目标语法点,是目标语法点,0
42,char_tfidf_svm,EX-0211,不是目标语法点,是目标语法点,0
42,char_tfidf_svm,EX-0212,不是目标语法点,不是目标语法点,0
42,char_tfidf_svm,EX-0213,是目标语法点,是目标语法点,0
42,char_tfidf_svm,EX-0214,是目标语法点,是目标语法点,0
42,char_tfidf_svm,EX-0215,不是目标语法点,是目标语法点,0
42,char_tfidf_svm,EX-0216,不是目标语法点,不是目标语法点,0
42,char_tfidf_svm,EX-0217,是目标语法点,是目标语法点,0
42,char_tfidf_svm,EX-0218,是目标语法点,是目标语法点,0
42,char_tfidf_svm,EX-0219,不是目标语法点,是目标语法点,0
42,char_tfidf_svm,EX-0220,不是目标语法点,是目标语法点,0
42,char_tfidf_svm,EX-0221,是目标语法点,是目标语法点,0
42,char_tfidf_svm,EX-0222,是目标语法点,是目标语法点,0
42,char_tfidf_svm,EX-0223,不是目标语法点,是目标语法点,0
42,char_tfidf_svm,EX-0224,不是目标语法点,不是目标语法点,0
42,char_tfidf_svm,EX-0225,是目标语法点,是目标语法点,0
42,char_tfidf_svm,EX-0226,是目标语法点,是目标语法点,0
42,char_tfidf_svm,EX-0227,不是目标语法点,是目标语法点,0
42,char_tfidf_svm,EX-0228,不是目标语法点,不是目标语法点,0
42,char_tfidf_svm,EX-0229,是目标语法点,是目标语法点,0
42,char_tfidf_svm,EX-0230,是目标语法点,是目标语法点,0
42,char_tfidf_svm,EX-0231,不是目标语法点,是目标语法点,0
42,char_tfidf_svm,EX-0232,不是目标语法点,不是目标语法点,0
42,char_tfidf_svm,EX-0233,是目标语法点,是目标语法点,0
42,char_tfidf_svm,EX-0234,是目标语法点,是目标语法点,0
42,char_tfidf_svm,EX-0235,不是目标语法点,是目标语法点,0
42,char_tfidf_svm,EX-0236,不是目标语法点,不是目标语法点,0
42,char_tfidf_svm,EX-0237,是目标语法点,是目标语法点,0
42,char_tfidf_svm,EX-0238,是目标语法点,是目标语法点,0
42,char_tfidf_svm,EX-0239,不是目标语法点,是目标语法点,0
42,char_tfidf_svm,EX-0240,不是目标语法点,是目标语法点,0
42,char_tfidf_svm,EX-0241,是目标语法点,是目标语法点,0
42,char_tfidf_svm,EX-0242,是目标语法点,是目标语法点,0
42,char_tfidf_svm,EX-0243,不是目标语法点,是目标语法点,0
42,char_tfidf_svm,EX-0244,不是目标语法点,是目标语法点,0
42,char_svm_plus_kg_constraints,EX-0001,是目标语法点,是目标语法点,1
42,char_svm_plus_kg_constraints,EX-0002,是目标语法点,是目标语法点,1
42,char_svm_plus_kg_constraints,EX-0003,不是目标语法点,是目标语法点,1
42,char_svm_plus_kg_constraints,EX-0004,不是目标语法点,是目标语法点,1
42,char_svm_plus_kg_constraints,EX-0005,是目标语法点,是目标语法点,1
42,char_svm_plus_kg_constraints,EX-0006,是目标语法点,是目标语法点,1
42,char_svm_plus_kg_constraints,EX-0007,不是目标语法点,是目标语法点,1
42,char_svm_plus_kg_constraints,EX-0008,不是目标语法点,是目标语法点,1
42,char_svm_plus_kg_constraints,EX-0009,是目标语法点,是目标语法点,1
42,char_svm_plus_kg_constraints,EX-0010,是目标语法点,是目标语法点,1
42,char_svm_plus_kg_constraints,EX-0011,不是目标语法点,是目标语法点,1
42,char_svm_plus_kg_constraints,EX-0012,不是目标语法点,是目标语法点,1
42,char_svm_plus_kg_constraints,EX-0013,是目标语法点,是目标语法点,1
42,char_svm_plus_kg_constraints,EX-0014,是目标语法点,是目标语法点,1
42,char_svm_plus_kg_constraints,EX-0015,不是目标语法点,是目标语法点,1
42,char_svm_plus_kg_constraints,EX-0016,不是目标语法点,不是目标语法点,1
42,char_svm_plus_kg_constraints,EX-0017,是目标语法点,是目标语法点,1
42,char_svm_plus_kg_constraints,EX-0018,是目标语法点,是目标语法点,1
42,char_svm_plus_kg_constraints,EX-0019,不是目标语法点,是目标语法点,1
42,char_svm_plus_kg_constraints,EX-0020,不是目标语法点,是目标语法点,1
42,char_svm_plus_kg_constraints,EX-0021,是目标语法点,是目标语法点,1
42,char_svm_plus_kg_constraints,EX-0022,是目标语法点,是目标语法点,1
42,char_svm_plus_kg_constraints,EX-0023,不是目标语法点,是目标语法点,1
42,char_svm_plus_kg_constraints,EX-0024,不是目标语法点,不是目标语法点,1
42,char_svm_plus_kg_constraints,EX-0025,是目标语法点,是目标语法点,1
42,char_svm_plus_kg_constraints,EX-0026,是目标语法点,是目标语法点,1
42,char_svm_plus_kg_constraints,EX-0027,不是目标语法点,是目标语法点,1
42,char_svm_plus_kg_constraints,EX-0028,不是目标语法点,不是目标语法点,1
42,char_svm_plus_kg_constraints,EX-0029,是目标语法点,是目标语法点,1
42,char_svm_plus_kg_constraints,EX-0030,是目标语法点,是目标语法点,1
42,char_svm_plus_kg_constraints,EX-0031,不是目标语法点,是目标语法点,1
42,char_svm_plus_kg_constraints,EX-0032,不是目标语法点,不是目标语法点,1
42,char_svm_plus_kg_constraints,EX-0033,是目标语法点,是目标语法点,1
42,char_svm_plus_kg_constraints,EX-0034,是目标语法点,是目标语法点,1
42,char_svm_plus_kg_constraints,EX-0035,不是目标语法点,是目标语法点,1
42,char_svm_plus_kg_constraints,EX-0036,不是目标语法点,是目标语法点,1
42,char_svm_plus_kg_constraints,EX-0037,是目标语法点,是目标语法点,1
42,char_svm_plus_kg_constraints,EX-0038,是目标语法点,是目标语法点,1
42,char_svm_plus_kg_constraints,EX-0039,不是目标语法点,是目标语法点,1
42,char_svm_plus_kg_constraints,EX-0040,不是目标语法点,是目标语法点,1
42,char_svm_plus_kg_constraints,EX-0041,是目标语法点,是目标语法点,1
42,char_svm_plus_kg_constraints,EX-0042,是目标语法点,是目标语法点,1
42,char_svm_plus_kg_constraints,EX-0043,不是目标语法点,是目标语法点,1
42,char_svm_plus_kg_constraints,EX-0044,不是目标语法点,是目标语法点,1
42,char_svm_plus_kg_constraints,EX-0045,是目标语法点,是目标语法点,1
42,char_svm_plus_kg_constraints,EX-0046,是目标语法点,是目标语法点,1
42,char_svm_plus_kg_constraints,EX-0047,不是目标语法点,是目标语法点,1
42,char_svm_plus_kg_constraints,EX-0048,不是目标语法点,是目标语法点,1
42,char_svm_plus_kg_constraints,EX-0049,是目标语法点,是目标语法点,1
42,char_svm_plus_kg_constraints,EX-0050,是目标语法点,是目标语法点,1
42,char_svm_plus_kg_constraints,EX-0051,不是目标语法点,是目标语法点,1
42,char_svm_plus_kg_constraints,EX-0052,不是目标语法点,是目标语法点,1
42,char_svm_plus_kg_constraints,EX-0053,是目标语法点,是目标语法点,1
42,char_svm_plus_kg_constraints,EX-0054,是目标语法点,是目标语法点,1
42,char_svm_plus_kg_constraints,EX-0055,不是目标语法点,是目标语法点,1
42,char_svm_plus_kg_constraints,EX-0056,不是目标语法点,是目标语法点,1
42,char_svm_plus_kg_constraints,EX-0057,是目标语法点,是目标语法点,1
42,char_svm_plus_kg_constraints,EX-0058,是目标语法点,是目标语法点,1
42,char_svm_plus_kg_constraints,EX-0059,不是目标语法点,是目标语法点,1
42,char_svm_plus_kg_constraints,EX-0060,不是目标语法点,是目标语法点,1
42,char_svm_plus_kg_constraints,EX-0061,是目标语法点,是目标语法点,1
42,char_svm_plus_kg_constraints,EX-0062,是目标语法点,是目标语法点,1
42,char_svm_plus_kg_constraints,EX-0063,不是目标语法点,是目标语法点,1
42,char_svm_plus_kg_constraints,EX-0064,不是目标语法点,是目标语法点,1
42,char_svm_plus_kg_constraints,EX-0065,是目标语法点,是目标语法点,1
42,char_svm_plus_kg_constraints,EX-0066,是目标语法点,是目标语法点,1
42,char_svm_plus_kg_constraints,EX-0067,不是目标语法点,是目标语法点,1
42,char_svm_plus_kg_constraints,EX-0068,不是目标语法点,是目标语法点,1
42,char_svm_plus_kg_constraints,EX-0069,是目标语法点,是目标语法点,1
42,char_svm_plus_kg_constraints,EX-0070,是目标语法点,是目标语法点,1
42,char_svm_plus_kg_constraints,EX-0071,不是目标语法点,是目标语法点,1
42,char_svm_plus_kg_constraints,EX-0072,不是目标语法点,是目标语法点,1
42,char_svm_plus_kg_constraints,EX-0073,是目标语法点,是目标语法点,1
42,char_svm_plus_kg_constraints,EX-0074,是目标语法点,是目标语法点,1
42,char_svm_plus_kg_constraints,EX-0075,不是目标语法点,是目标语法点,1
42,char_svm_plus_kg_constraints,EX-0076,不是目标语法点,是目标语法点,1
42,char_svm_plus_kg_constraints,EX-0077,是目标语法点,是目标语法点,1
42,char_svm_plus_kg_constraints,EX-0078,是目标语法点,是目标语法点,1
42,char_svm_plus_kg_constraints,EX-0079,不是目标语法点,是目标语法点,1
42,char_svm_plus_kg_constraints,EX-0080,不是目标语法点,是目标语法点,1
42,char_svm_plus_kg_constraints,EX-0081,是目标语法点,是目标语法点,1
42,char_svm_plus_kg_constraints,EX-0082,是目标语法点,是目标语法点,1
42,char_svm_plus_kg_constraints,EX-0083,不是目标语法点,是目标语法点,1
42,char_svm_plus_kg_constraints,EX-0084,不是目标语法点,是目标语法点,1
42,char_svm_plus_kg_constraints,EX-0085,是目标语法点,是目标语法点,1
42,char_svm_plus_kg_constraints,EX-0086,是目标语法点,是目标语法点,1
42,char_svm_plus_kg_constraints,EX-0087,不是目标语法点,是目标语法点,1
42,char_svm_plus_kg_constraints,EX-0088,不是目标语法点,是目标语法点,1
42,char_svm_plus_kg_constraints,EX-0089,是目标语法点,是目标语法点,1
42,char_svm_plus_kg_constraints,EX-0090,是目标语法点,是目标语法点,1
42,char_svm_plus_kg_constraints,EX-0091,不是目标语法点,是目标语法点,1
42,char_svm_plus_kg_constraints,EX-0092,不是目标语法点,是目标语法点,1
42,char_svm_plus_kg_constraints,EX-0093,是目标语法点,是目标语法点,1
42,char_svm_plus_kg_constraints,EX-0094,是目标语法点,是目标语法点,1
42,char_svm_plus_kg_constraints,EX-0095,不是目标语法点,是目标语法点,1
42,char_svm_plus_kg_constraints,EX-0096,不是目标语法点,是目标语法点,1
42,char_svm_plus_kg_constraints,EX-0097,是目标语法点,是目标语法点,1
42,char_svm_plus_kg_constraints,EX-0098,是目标语法点,是目标语法点,1
42,char_svm_plus_kg_constraints,EX-0099,不是目标语法点,是目标语法点,1
42,char_svm_plus_kg_constraints,EX-0100,不是目标语法点,是目标语法点,1
42,char_svm_plus_kg_constraints,EX-0101,是目标语法点,是目标语法点,1
42,char_svm_plus_kg_constraints,EX-0102,是目标语法点,是目标语法点,1
42,char_svm_plus_kg_constraints,EX-0103,不是目标语法点,是目标语法点,1
42,char_svm_plus_kg_constraints,EX-0104,不是目标语法点,是目标语法点,1
42,char_svm_plus_kg_constraints,EX-0105,是目标语法点,是目标语法点,1
42,char_svm_plus_kg_constraints,EX-0106,是目标语法点,是目标语法点,1
42,char_svm_plus_kg_constraints,EX-0107,不是目标语法点,是目标语法点,1
42,char_svm_plus_kg_constraints,EX-0108,不是目标语法点,是目标语法点,1
42,char_svm_plus_kg_constraints,EX-0109,是目标语法点,是目标语法点,1
42,char_svm_plus_kg_constraints,EX-0110,是目标语法点,是目标语法点,1
42,char_svm_plus_kg_constraints,EX-0111,不是目标语法点,是目标语法点,1
42,char_svm_plus_kg_constraints,EX-0112,不是目标语法点,是目标语法点,1
42,char_svm_plus_kg_constraints,EX-0113,是目标语法点,不是目标语法点,1
42,char_svm_plus_kg_constraints,EX-0114,是目标语法点,不是目标语法点,1
42,char_svm_plus_kg_constraints,EX-0115,不是目标语法点,不是目标语法点,1
42,char_svm_plus_kg_constraints,EX-0116,不是目标语法点,不是目标语法点,1
42,char_svm_plus_kg_constraints,EX-0117,是目标语法点,是目标语法点,1
42,char_svm_plus_kg_constraints,EX-0118,是目标语法点,是目标语法点,1
42,char_svm_plus_kg_constraints,EX-0119,不是目标语法点,是目标语法点,1
42,char_svm_plus_kg_constraints,EX-0120,不是目标语法点,是目标语法点,1
42,char_svm_plus_kg_constraints,EX-0121,是目标语法点,是目标语法点,1
42,char_svm_plus_kg_constraints,EX-0122,是目标语法点,是目标语法点,1
42,char_svm_plus_kg_constraints,EX-0123,不是目标语法点,是目标语法点,1
42,char_svm_plus_kg_constraints,EX-0124,不是目标语法点,是目标语法点,1
42,char_svm_plus_kg_constraints,EX-0125,是目标语法点,是目标语法点,1
42,char_svm_plus_kg_constraints,EX-0126,是目标语法点,是目标语法点,1
42,char_svm_plus_kg_constraints,EX-0127,不是目标语法点,是目标语法点,1
42,char_svm_plus_kg_constraints,EX-0128,不是目标语法点,是目标语法点,1
42,char_svm_plus_kg_constraints,EX-0129,是目标语法点,是目标语法点,1
42,char_svm_plus_kg_constraints,EX-0130,是目标语法点,是目标语法点,1
42,char_svm_plus_kg_constraints,EX-0131,不是目标语法点,是目标语法点,1
42,char_svm_plus_kg_constraints,EX-0132,不是目标语法点,是目标语法点,1
42,char_svm_plus_kg_constraints,EX-0133,是目标语法点,是目标语法点,1
42,char_svm_plus_kg_constraints,EX-0134,是目标语法点,是目标语法点,1
42,char_svm_plus_kg_constraints,EX-0135,不是目标语法点,是目标语法点,1
42,char_svm_plus_kg_constraints,EX-0136,不是目标语法点,是目标语法点,1
42,char_svm_plus_kg_constraints,EX-0137,是目标语法点,是目标语法点,1
42,char_svm_plus_kg_constraints,EX-0138,是目标语法点,是目标语法点,1
42,char_svm_plus_kg_constraints,EX-0139,不是目标语法点,是目标语法点,1
42,char_svm_plus_kg_constraints,EX-0140,不是目标语法点,是目标语法点,1
42,char_svm_plus_kg_constraints,EX-0141,是目标语法点,是目标语法点,1
42,char_svm_plus_kg_constraints,EX-0142,是目标语法点,是目标语法点,1
42,char_svm_plus_kg_constraints,EX-0143,不是目标语法点,是目标语法点,1
42,char_svm_plus_kg_constraints,EX-0144,不是目标语法点,是目标语法点,1
42,char_svm_plus_kg_constraints,EX-0145,是目标语法点,是目标语法点,1
42,char_svm_plus_kg_constraints,EX-0146,是目标语法点,是目标语法点,1
42,char_svm_plus_kg_constraints,EX-0147,不是目标语法点,是目标语法点,1
42,char_svm_plus_kg_constraints,EX-0148,不是目标语法点,是目标语法点,1
42,char_svm_plus_kg_constraints,EX-0149,是目标语法点,是目标语法点,0
42,char_svm_plus_kg_constraints,EX-0150,是目标语法点,是目标语法点,0
42,char_svm_plus_kg_constraints,EX-0151,不是目标语法点,是目标语法点,0
42,char_svm_plus_kg_constraints,EX-0152,不是目标语法点,不是目标语法点,0
42,char_svm_plus_kg_constraints,EX-0153,是目标语法点,是目标语法点,0
42,char_svm_plus_kg_constraints,EX-0154,是目标语法点,是目标语法点,0
42,char_svm_plus_kg_constraints,EX-0155,不是目标语法点,是目标语法点,0
42,char_svm_plus_kg_constraints,EX-0156,不是目标语法点,是目标语法点,0
42,char_svm_plus_kg_constraints,EX-0157,是目标语法点,是目标语法点,0
42,char_svm_plus_kg_constraints,EX-0158,是目标语法点,是目标语法点,0
42,char_svm_plus_kg_constraints,EX-0159,不是目标语法点,是目标语法点,0
42,char_svm_plus_kg_constraints,EX-0160,不是目标语法点,是目标语法点,0
42,char_svm_plus_kg_constraints,EX-0161,是目标语法点,是目标语法点,0
42,char_svm_plus_kg_constraints,EX-0162,是目标语法点,是目标语法点,0
42,char_svm_plus_kg_constraints,EX-0163,不是目标语法点,是目标语法点,0
42,char_svm_plus_kg_constraints,EX-0164,不是目标语法点,是目标语法点,0
42,char_svm_plus_kg_constraints,EX-0165,是目标语法点,是目标语法点,0
42,char_svm_plus_kg_constraints,EX-0166,是目标语法点,是目标语法点,0
42,char_svm_plus_kg_constraints,EX-0167,不是目标语法点,是目标语法点,0
42,char_svm_plus_kg_constraints,EX-0168,不是目标语法点,是目标语法点,0
42,char_svm_plus_kg_constraints,EX-0169,是目标语法点,是目标语法点,0
42,char_svm_plus_kg_constraints,EX-0170,是目标语法点,是目标语法点,0
42,char_svm_plus_kg_constraints,EX-0171,不是目标语法点,是目标语法点,0
42,char_svm_plus_kg_constraints,EX-0172,不是目标语法点,是目标语法点,0
42,char_svm_plus_kg_constraints,EX-0173,是目标语法点,是目标语法点,0
42,char_svm_plus_kg_constraints,EX-0174,是目标语法点,是目标语法点,0
42,char_svm_plus_kg_constraints,EX-0175,不是目标语法点,是目标语法点,0
42,char_svm_plus_kg_constraints,EX-0176,不是目标语法点,是目标语法点,0
42,char_svm_plus_kg_constraints,EX-0177,是目标语法点,是目标语法点,0
42,char_svm_plus_kg_constraints,EX-0178,是目标语法点,是目标语法点,0
42,char_svm_plus_kg_constraints,EX-0179,不是目标语法点,是目标语法点,0
42,char_svm_plus_kg_constraints,EX-0180,不是目标语法点,是目标语法点,0
42,char_svm_plus_kg_constraints,EX-0181,是目标语法点,是目标语法点,0
42,char_svm_plus_kg_constraints,EX-0182,是目标语法点,是目标语法点,0
42,char_svm_plus_kg_constraints,EX-0183,不是目标语法点,是目标语法点,0
42,char_svm_plus_kg_constraints,EX-0184,不是目标语法点,是目标语法点,0
42,char_svm_plus_kg_constraints,EX-0185,是目标语法点,是目标语法点,0
42,char_svm_plus_kg_constraints,EX-0186,是目标语法点,是目标语法点,0
42,char_svm_plus_kg_constraints,EX-0187,不是目标语法点,是目标语法点,0
42,char_svm_plus_kg_constraints,EX-0188,不是目标语法点,是目标语法点,0
42,char_svm_plus_kg_constraints,EX-0189,是目标语法点,是目标语法点,0
42,char_svm_plus_kg_constraints,EX-0190,是目标语法点,是目标语法点,0
42,char_svm_plus_kg_constraints,EX-0191,不是目标语法点,是目标语法点,0
42,char_svm_plus_kg_constraints,EX-0192,不是目标语法点,是目标语法点,0
42,char_svm_plus_kg_constraints,EX-0193,是目标语法点,是目标语法点,0
42,char_svm_plus_kg_constraints,EX-0194,是目标语法点,是目标语法点,0
42,char_svm_plus_kg_constraints,EX-0195,不是目标语法点,是目标语法点,0
42,char_svm_plus_kg_constraints,EX-0196,不是目标语法点,是目标语法点,0
42,char_svm_plus_kg_constraints,EX-0197,是目标语法点,是目标语法点,0
42,char_svm_plus_kg_constraints,EX-0198,是目标语法点,是目标语法点,0
42,char_svm_plus_kg_constraints,EX-0199,不是目标语法点,是目标语法点,0
42,char_svm_plus_kg_constraints,EX-0200,不是目标语法点,是目标语法点,0
42,char_svm_plus_kg_constraints,EX-0201,是目标语法点,是目标语法点,0
42,char_svm_plus_kg_constraints,EX-0202,是目标语法点,是目标语法点,0
42,char_svm_plus_kg_constraints,EX-0203,不是目标语法点,是目标语法点,0
42,char_svm_plus_kg_constraints,EX-0204,不是目标语法点,是目标语法点,0
42,char_svm_plus_kg_constraints,EX-0205,是目标语法点,不是目标语法点,0
42,char_svm_plus_kg_constraints,EX-0206,是目标语法点,不是目标语法点,0
42,char_svm_plus_kg_constraints,EX-0207,不是目标语法点,不是目标语法点,0
42,char_svm_plus_kg_constraints,EX-0208,不是目标语法点,不是目标语法点,0
42,char_svm_plus_kg_constraints,EX-0209,是目标语法点,是目标语法点,0
42,char_svm_plus_kg_constraints,EX-0210,是目标语法点,是目标语法点,0
42,char_svm_plus_kg_constraints,EX-0211,不是目标语法点,是目标语法点,0
42,char_svm_plus_kg_constraints,EX-0212,不是目标语法点,是目标语法点,0
42,char_svm_plus_kg_constraints,EX-0213,是目标语法点,是目标语法点,0
42,char_svm_plus_kg_constraints,EX-0214,是目标语法点,是目标语法点,0
42,char_svm_plus_kg_constraints,EX-0215,不是目标语法点,是目标语法点,0
42,char_svm_plus_kg_constraints,EX-0216,不是目标语法点,是目标语法点,0
42,char_svm_plus_kg_constraints,EX-0217,是目标语法点,是目标语法点,0
42,char_svm_plus_kg_constraints,EX-0218,是目标语法点,是目标语法点,0
42,char_svm_plus_kg_constraints,EX-0219,不是目标语法点,是目标语法点,0
42,char_svm_plus_kg_constraints,EX-0220,不是目标语法点,是目标语法点,0
42,char_svm_plus_kg_constraints,EX-0221,是目标语法点,是目标语法点,0
42,char_svm_plus_kg_constraints,EX-0222,是目标语法点,是目标语法点,0
42,char_svm_plus_kg_constraints,EX-0223,不是目标语法点,是目标语法点,0
42,char_svm_plus_kg_constraints,EX-0224,不是目标语法点,是目标语法点,0
42,char_svm_plus_kg_constraints,EX-0225,是目标语法点,是目标语法点,0
42,char_svm_plus_kg_constraints,EX-0226,是目标语法点,是目标语法点,0
42,char_svm_plus_kg_constraints,EX-0227,不是目标语法点,是目标语法点,0
42,char_svm_plus_kg_constraints,EX-0228,不是目标语法点,是目标语法点,0
42,char_svm_plus_kg_constraints,EX-0229,是目标语法点,是目标语法点,0
42,char_svm_plus_kg_constraints,EX-0230,是目标语法点,是目标语法点,0
42,char_svm_plus_kg_constraints,EX-0231,不是目标语法点,是目标语法点,0
42,char_svm_plus_kg_constraints,EX-0232,不是目标语法点,是目标语法点,0
42,char_svm_plus_kg_constraints,EX-0233,是目标语法点,是目标语法点,0
42,char_svm_plus_kg_constraints,EX-0234,是目标语法点,是目标语法点,0
42,char_svm_plus_kg_constraints,EX-0235,不是目标语法点,是目标语法点,0
42,char_svm_plus_kg_constraints,EX-0236,不是目标语法点,是目标语法点,0
42,char_svm_plus_kg_constraints,EX-0237,是目标语法点,是目标语法点,0
42,char_svm_plus_kg_constraints,EX-0238,是目标语法点,是目标语法点,0
42,char_svm_plus_kg_constraints,EX-0239,不是目标语法点,是目标语法点,0
42,char_svm_plus_kg_constraints,EX-0240,不是目标语法点,是目标语法点,0
42,char_svm_plus_kg_constraints,EX-0241,是目标语法点,是目标语法点,0
42,char_svm_plus_kg_constraints,EX-0242,是目标语法点,是目标语法点,0
42,char_svm_plus_kg_constraints,EX-0243,不是目标语法点,是目标语法点,0
42,char_svm_plus_kg_constraints,EX-0244,不是目标语法点,是目标语法点,0
2027,char_tfidf_svm,EX-0001,是目标语法点,是目标语法点,1
2027,char_tfidf_svm,EX-0002,是目标语法点,是目标语法点,1
2027,char_tfidf_svm,EX-0003,不是目标语法点,是目标语法点,1
2027,char_tfidf_svm,EX-0004,不是目标语法点,是目标语法点,1
2027,char_tfidf_svm,EX-0005,是目标语法点,是目标语法点,1
2027,char_tfidf_svm,EX-0006,是目标语法点,是目标语法点,1
2027,char_tfidf_svm,EX-0007,不是目标语法点,是目标语法点,1
2027,char_tfidf_svm,EX-0008,不是目标语法点,是目标语法点,1
2027,char_tfidf_svm,EX-0009,是目标语法点,是目标语法点,1
2027,char_tfidf_svm,EX-0010,是目标语法点,是目标语法点,1
2027,char_tfidf_svm,EX-0011,不是目标语法点,是目标语法点,1
2027,char_tfidf_svm,EX-0012,不是目标语法点,是目标语法点,1
2027,char_tfidf_svm,EX-0013,是目标语法点,是目标语法点,1
2027,char_tfidf_svm,EX-0014,是目标语法点,是目标语法点,1
2027,char_tfidf_svm,EX-0015,不是目标语法点,是目标语法点,1
2027,char_tfidf_svm,EX-0016,不是目标语法点,是目标语法点,1
2027,char_tfidf_svm,EX-0017,是目标语法点,是目标语法点,1
2027,char_tfidf_svm,EX-0018,是目标语法点,是目标语法点,1
2027,char_tfidf_svm,EX-0019,不是目标语法点,是目标语法点,1
2027,char_tfidf_svm,EX-0020,不是目标语法点,是目标语法点,1
2027,char_tfidf_svm,EX-0021,是目标语法点,是目标语法点,1
2027,char_tfidf_svm,EX-0022,是目标语法点,是目标语法点,1
2027,char_tfidf_svm,EX-0023,不是目标语法点,是目标语法点,1
2027,char_tfidf_svm,EX-0024,不是目标语法点,是目标语法点,1
2027,char_tfidf_svm,EX-0025,是目标语法点,是目标语法点,1
2027,char_tfidf_svm,EX-0026,是目标语法点,是目标语法点,1
2027,char_tfidf_svm,EX-0027,不是目标语法点,是目标语法点,1
2027,char_tfidf_svm,EX-0028,不是目标语法点,是目标语法点,1
2027,char_tfidf_svm,EX-0029,是目标语法点,是目标语法点,1
2027,char_tfidf_svm,EX-0030,是目标语法点,是目标语法点,1
2027,char_tfidf_svm,EX-0031,不是目标语法点,是目标语法点,1
2027,char_tfidf_svm,EX-0032,不是目标语法点,是目标语法点,1
2027,char_tfidf_svm,EX-0033,是目标语法点,是目标语法点,1
2027,char_tfidf_svm,EX-0034,是目标语法点,是目标语法点,1
2027,char_tfidf_svm,EX-0035,不是目标语法点,是目标语法点,1
2027,char_tfidf_svm,EX-0036,不是目标语法点,是目标语法点,1
2027,char_tfidf_svm,EX-0037,是目标语法点,是目标语法点,1
2027,char_tfidf_svm,EX-0038,是目标语法点,是目标语法点,1
2027,char_tfidf_svm,EX-0039,不是目标语法点,是目标语法点,1
2027,char_tfidf_svm,EX-0040,不是目标语法点,是目标语法点,1
2027,char_tfidf_svm,EX-0041,是目标语法点,是目标语法点,1
2027,char_tfidf_svm,EX-0042,是目标语法点,是目标语法点,1
2027,char_tfidf_svm,EX-0043,不是目标语法点,是目标语法点,1
2027,char_tfidf_svm,EX-0044,不是目标语法点,是目标语法点,1
2027,char_tfidf_svm,EX-0045,是目标语法点,是目标语法点,1
2027,char_tfidf_svm,EX-0046,是目标语法点,是目标语法点,1
2027,char_tfidf_svm,EX-0047,不是目标语法点,是目标语法点,1
2027,char_tfidf_svm,EX-0048,不是目标语法点,是目标语法点,1
2027,char_tfidf_svm,EX-0049,是目标语法点,是目标语法点,1
2027,char_tfidf_svm,EX-0050,是目标语法点,是目标语法点,1
2027,char_tfidf_svm,EX-0051,不是目标语法点,是目标语法点,1
2027,char_tfidf_svm,EX-0052,不是目标语法点,是目标语法点,1
2027,char_tfidf_svm,EX-0053,是目标语法点,是目标语法点,1
2027,char_tfidf_svm,EX-0054,是目标语法点,是目标语法点,1
2027,char_tfidf_svm,EX-0055,不是目标语法点,是目标语法点,1
2027,char_tfidf_svm,EX-0056,不是目标语法点,是目标语法点,1
2027,char_tfidf_svm,EX-0057,是目标语法点,是目标语法点,1
2027,char_tfidf_svm,EX-0058,是目标语法点,是目标语法点,1
2027,char_tfidf_svm,EX-0059,不是目标语法点,是目标语法点,1
2027,char_tfidf_svm,EX-0060,不是目标语法点,是目标语法点,1
2027,char_tfidf_svm,EX-0061,是目标语法点,是目标语法点,1
2027,char_tfidf_svm,EX-0062,是目标语法点,是目标语法点,1
2027,char_tfidf_svm,EX-0063,不是目标语法点,是目标语法点,1
2027,char_tfidf_svm,EX-0064,不是目标语法点,是目标语法点,1
2027,char_tfidf_svm,EX-0065,是目标语法点,是目标语法点,1
2027,char_tfidf_svm,EX-0066,是目标语法点,是目标语法点,1
2027,char_tfidf_svm,EX-0067,不是目标语法点,是目标语法点,1
2027,char_tfidf_svm,EX-0068,不是目标语法点,是目标语法点,1
2027,char_tfidf_svm,EX-0069,是目标语法点,是目标语法点,1
2027,char_tfidf_svm,EX-0070,是目标语法点,是目标语法点,1
2027,char_tfidf_svm,EX-0071,不是目标语法点,是目标语法点,1
2027,char_tfidf_svm,EX-0072,不是目标语法点,是目标语法点,1
2027,char_tfidf_svm,EX-0073,是目标语法点,是目标语法点,1
2027,char_tfidf_svm,EX-0074,是目标语法点,是目标语法点,1
2027,char_tfidf_svm,EX-0075,不是目标语法点,是目标语法点,1
2027,char_tfidf_svm,EX-0076,不是目标语法点,是目标语法点,1
2027,char_tfidf_svm,EX-0077,是目标语法点,是目标语法点,1
2027,char_tfidf_svm,EX-0078,是目标语法点,是目标语法点,1
2027,char_tfidf_svm,EX-0079,不是目标语法点,是目标语法点,1
2027,char_tfidf_svm,EX-0080,不是目标语法点,是目标语法点,1
2027,char_tfidf_svm,EX-0081,是目标语法点,是目标语法点,1
2027,char_tfidf_svm,EX-0082,是目标语法点,是目标语法点,1
2027,char_tfidf_svm,EX-0083,不是目标语法点,是目标语法点,1
2027,char_tfidf_svm,EX-0084,不是目标语法点,是目标语法点,1
2027,char_tfidf_svm,EX-0085,是目标语法点,是目标语法点,1
2027,char_tfidf_svm,EX-0086,是目标语法点,是目标语法点,1
2027,char_tfidf_svm,EX-0087,不是目标语法点,是目标语法点,1
2027,char_tfidf_svm,EX-0088,不是目标语法点,是目标语法点,1
2027,char_tfidf_svm,EX-0089,是目标语法点,是目标语法点,1
2027,char_tfidf_svm,EX-0090,是目标语法点,是目标语法点,1
2027,char_tfidf_svm,EX-0091,不是目标语法点,是目标语法点,1
2027,char_tfidf_svm,EX-0092,不是目标语法点,是目标语法点,1
2027,char_tfidf_svm,EX-0093,是目标语法点,是目标语法点,1
2027,char_tfidf_svm,EX-0094,是目标语法点,是目标语法点,1
2027,char_tfidf_svm,EX-0095,不是目标语法点,是目标语法点,1
2027,char_tfidf_svm,EX-0096,不是目标语法点,是目标语法点,1
2027,char_tfidf_svm,EX-0097,是目标语法点,是目标语法点,1
2027,char_tfidf_svm,EX-0098,是目标语法点,是目标语法点,1
2027,char_tfidf_svm,EX-0099,不是目标语法点,是目标语法点,1
2027,char_tfidf_svm,EX-0100,不是目标语法点,是目标语法点,1
2027,char_tfidf_svm,EX-0101,是目标语法点,是目标语法点,1
2027,char_tfidf_svm,EX-0102,是目标语法点,不是目标语法点,1
2027,char_tfidf_svm,EX-0103,不是目标语法点,不是目标语法点,1
2027,char_tfidf_svm,EX-0104,不是目标语法点,不是目标语法点,1
2027,char_tfidf_svm,EX-0105,是目标语法点,是目标语法点,1
2027,char_tfidf_svm,EX-0106,是目标语法点,是目标语法点,1
2027,char_tfidf_svm,EX-0107,不是目标语法点,是目标语法点,1
2027,char_tfidf_svm,EX-0108,不是目标语法点,是目标语法点,1
2027,char_tfidf_svm,EX-0109,是目标语法点,是目标语法点,1
2027,char_tfidf_svm,EX-0110,是目标语法点,是目标语法点,1
2027,char_tfidf_svm,EX-0111,不是目标语法点,是目标语法点,1
2027,char_tfidf_svm,EX-0112,不是目标语法点,不是目标语法点,1
2027,char_tfidf_svm,EX-0113,是目标语法点,不是目标语法点,1
2027,char_tfidf_svm,EX-0114,是目标语法点,不是目标语法点,1
2027,char_tfidf_svm,EX-0115,不是目标语法点,不是目标语法点,1
2027,char_tfidf_svm,EX-0116,不是目标语法点,不是目标语法点,1
2027,char_tfidf_svm,EX-0117,是目标语法点,是目标语法点,1
2027,char_tfidf_svm,EX-0118,是目标语法点,是目标语法点,1
2027,char_tfidf_svm,EX-0119,不是目标语法点,是目标语法点,1
2027,char_tfidf_svm,EX-0120,不是目标语法点,不是目标语法点,1
2027,char_tfidf_svm,EX-0121,是目标语法点,是目标语法点,1
2027,char_tfidf_svm,EX-0122,是目标语法点,是目标语法点,1
2027,char_tfidf_svm,EX-0123,不是目标语法点,是目标语法点,1
2027,char_tfidf_svm,EX-0124,不是目标语法点,不是目标语法点,1
2027,char_tfidf_svm,EX-0125,是目标语法点,是目标语法点,1
2027,char_tfidf_svm,EX-0126,是目标语法点,是目标语法点,1
2027,char_tfidf_svm,EX-0127,不是目标语法点,是目标语法点,1
2027,char_tfidf_svm,EX-0128,不是目标语法点,不是目标语法点,1
2027,char_tfidf_svm,EX-0129,是目标语法点,是目标语法点,1
2027,char_tfidf_svm,EX-0130,是目标语法点,是目标语法点,1
2027,char_tfidf_svm,EX-0131,不是目标语法点,是目标语法点,1
2027,char_tfidf_svm,EX-0132,不是目标语法点,是目标语法点,1
2027,char_tfidf_svm,EX-0133,是目标语法点,是目标语法点,1
2027,char_tfidf_svm,EX-0134,是目标语法点,是目标语法点,1
2027,char_tfidf_svm,EX-0135,不是目标语法点,是目标语法点,1
2027,char_tfidf_svm,EX-0136,不是目标语法点,是目标语法点,1
2027,char_tfidf_svm,EX-0137,是目标语法点,是目标语法点,1
2027,char_tfidf_svm,EX-0138,是目标语法点,是目标语法点,1
2027,char_tfidf_svm,EX-0139,不是目标语法点,是目标语法点,1
2027,char_tfidf_svm,EX-0140,不是目标语法点,不是目标语法点,1
2027,char_tfidf_svm,EX-0141,是目标语法点,是目标语法点,1
2027,char_tfidf_svm,EX-0142,是目标语法点,是目标语法点,1
2027,char_tfidf_svm,EX-0143,不是目标语法点,是目标语法点,1
2027,char_tfidf_svm,EX-0144,不是目标语法点,是目标语法点,1
2027,char_tfidf_svm,EX-0145,是目标语法点,是目标语法点,1
2027,char_tfidf_svm,EX-0146,是目标语法点,是目标语法点,1
2027,char_tfidf_svm,EX-0147,不是目标语法点,是目标语法点,1
2027,char_tfidf_svm,EX-0148,不是目标语法点,是目标语法点,1
2027,char_tfidf_svm,EX-0149,是目标语法点,是目标语法点,0
2027,char_tfidf_svm,EX-0150,是目标语法点,是目标语法点,0
2027,char_tfidf_svm,EX-0151,不是目标语法点,是目标语法点,0
2027,char_tfidf_svm,EX-0152,不是目标语法点,不是目标语法点,0
2027,char_tfidf_svm,EX-0153,是目标语法点,是目标语法点,0
2027,char_tfidf_svm,EX-0154,是目标语法点,是目标语法点,0
2027,char_tfidf_svm,EX-0155,不是目标语法点,是目标语法点,0
2027,char_tfidf_svm,EX-0156,不是目标语法点,不是目标语法点,0
2027,char_tfidf_svm,EX-0157,是目标语法点,是目标语法点,0
2027,char_tfidf_svm,EX-0158,是目标语法点,是目标语法点,0
2027,char_tfidf_svm,EX-0159,不是目标语法点,是目标语法点,0
2027,char_tfidf_svm,EX-0160,不是目标语法点,是目标语法点,0
2027,char_tfidf_svm,EX-0161,是目标语法点,是目标语法点,0
2027,char_tfidf_svm,EX-0162,是目标语法点,是目标语法点,0
2027,char_tfidf_svm,EX-0163,不是目标语法点,是目标语法点,0
2027,char_tfidf_svm,EX-0164,不是目标语法点,是目标语法点,0
2027,char_tfidf_svm,EX-0165,是目标语法点,是目标语法点,0
2027,char_tfidf_svm,EX-0166,是目标语法点,是目标语法点,0
2027,char_tfidf_svm,EX-0167,不是目标语法点,不是目标语法点,0
2027,char_tfidf_svm,EX-0168,不是目标语法点,不是目标语法点,0
2027,char_tfidf_svm,EX-0169,是目标语法点,是目标语法点,0
2027,char_tfidf_svm,EX-0170,是目标语法点,是目标语法点,0
2027,char_tfidf_svm,EX-0171,不是目标语法点,是目标语法点,0
2027,char_tfidf_svm,EX-0172,不是目标语法点,是目标语法点,0
2027,char_tfidf_svm,EX-0173,是目标语法点,是目标语法点,0
2027,char_tfidf_svm,EX-0174,是目标语法点,是目标语法点,0
2027,char_tfidf_svm,EX-0175,不是目标语法点,是目标语法点,0
2027,char_tfidf_svm,EX-0176,不是目标语法点,是目标语法点,0
2027,char_tfidf_svm,EX-0177,是目标语法点,是目标语法点,0
2027,char_tfidf_svm,EX-0178,是目标语法点,是目标语法点,0
2027,char_tfidf_svm,EX-0179,不是目标语法点,是目标语法点,0
2027,char_tfidf_svm,EX-0180,不是目标语法点,是目标语法点,0
2027,char_tfidf_svm,EX-0181,是目标语法点,是目标语法点,0
2027,char_tfidf_svm,EX-0182,是目标语法点,是目标语法点,0
2027,char_tfidf_svm,EX-0183,不是目标语法点,是目标语法点,0
2027,char_tfidf_svm,EX-0184,不是目标语法点,不是目标语法点,0
2027,char_tfidf_svm,EX-0185,是目标语法点,是目标语法点,0
2027,char_tfidf_svm,EX-0186,是目标语法点,是目标语法点,0
2027,char_tfidf_svm,EX-0187,不是目标语法点,是目标语法点,0
2027,char_tfidf_svm,EX-0188,不是目标语法点,不是目标语法点,0
2027,char_tfidf_svm,EX-0189,是目标语法点,是目标语法点,0
2027,char_tfidf_svm,EX-0190,是目标语法点,是目标语法点,0
2027,char_tfidf_svm,EX-0191,不是目标语法点,是目标语法点,0
2027,char_tfidf_svm,EX-0192,不是目标语法点,是目标语法点,0
2027,char_tfidf_svm,EX-0193,是目标语法点,是目标语法点,0
2027,char_tfidf_svm,EX-0194,是目标语法点,是目标语法点,0
2027,char_tfidf_svm,EX-0195,不是目标语法点,是目标语法点,0
2027,char_tfidf_svm,EX-0196,不是目标语法点,是目标语法点,0
2027,char_tfidf_svm,EX-0197,是目标语法点,是目标语法点,0
2027,char_tfidf_svm,EX-0198,是目标语法点,是目标语法点,0
2027,char_tfidf_svm,EX-0199,不是目标语法点,是目标语法点,0
2027,char_tfidf_svm,EX-0200,不是目标语法点,是目标语法点,0
2027,char_tfidf_svm,EX-0201,是目标语法点,是目标语法点,0
2027,char_tfidf_svm,EX-0202,是目标语法点,是目标语法点,0
2027,char_tfidf_svm,EX-0203,不是目标语法点,是目标语法点,0
2027,char_tfidf_svm,EX-0204,不是目标语法点,是目标语法点,0
2027,char_tfidf_svm,EX-0205,是目标语法点,不是目标语法点,0
2027,char_tfidf_svm,EX-0206,是目标语法点,不是目标语法点,0
2027,char_tfidf_svm,EX-0207,不是目标语法点,不是目标语法点,0
2027,char_tfidf_svm,EX-0208,不是目标语法点,不是目标语法点,0
2027,char_tfidf_svm,EX-0209,是目标语法点,是目标语法点,0
2027,char_tfidf_svm,EX-0210,是目标语法点,是目标语法点,0
2027,char_tfidf_svm,EX-0211,不是目标语法点,是目标语法点,0
2027,char_tfidf_svm,EX-0212,不是目标语法点,不是目标语法点,0
2027,char_tfidf_svm,EX-0213,是目标语法点,是目标语法点,0
2027,char_tfidf_svm,EX-0214,是目标语法点,是目标语法点,0
2027,char_tfidf_svm,EX-0215,不是目标语法点,是目标语法点,0
2027,char_tfidf_svm,EX-0216,不是目标语法点,不是目标语法点,0
2027,char_tfidf_svm,EX-0217,是目标语法点,是目标语法点,0
2027,char_tfidf_svm,EX-0218,是目标语法点,是目标语法点,0
2027,char_tfidf_svm,EX-0219,不是目标语法点,是目标语法点,0
2027,char_tfidf_svm,EX-0220,不是目标语法点,是目标语法点,0
2027,char_tfidf_svm,EX-0221,是目标语法点,是目标语法点,0
2027,char_tfidf_svm,EX-0222,是目标语法点,是目标语法点,0
2027,char_tfidf_svm,EX-0223,不是目标语法点,是目标语法点,0
2027,char_tfidf_svm,EX-0224,不是目标语法点,不是目标语法点,0
2027,char_tfidf_svm,EX-0225,是目标语法点,是目标语法点,0
2027,char_tfidf_svm,EX-0226,是目标语法点,是目标语法点,0
2027,char_tfidf_svm,EX-0227,不是目标语法点,是目标语法点,0
2027,char_tfidf_svm,EX-0228,不是目标语法点,不是目标语法点,0
2027,char_tfidf_svm,EX-0229,是目标语法点,是目标语法点,0
2027,char_tfidf_svm,EX-0230,是目标语法点,是目标语法点,0
2027,char_tfidf_svm,EX-0231,不是目标语法点,是目标语法点,0
2027,char_tfidf_svm,EX-0232,不是目标语法点,不是目标语法点,0
2027,char_tfidf_svm,EX-0233,是目标语法点,是目标语法点,0
2027,char_tfidf_svm,EX-0234,是目标语法点,是目标语法点,0
2027,char_tfidf_svm,EX-0235,不是目标语法点,是目标语法点,0
2027,char_tfidf_svm,EX-0236,不是目标语法点,不是目标语法点,0
2027,char_tfidf_svm,EX-0237,是目标语法点,是目标语法点,0
2027,char_tfidf_svm,EX-0238,是目标语法点,是目标语法点,0
2027,char_tfidf_svm,EX-0239,不是目标语法点,是目标语法点,0
2027,char_tfidf_svm,EX-0240,不是目标语法点,是目标语法点,0
2027,char_tfidf_svm,EX-0241,是目标语法点,是目标语法点,0
2027,char_tfidf_svm,EX-0242,是目标语法点,是目标语法点,0
2027,char_tfidf_svm,EX-0243,不是目标语法点,是目标语法点,0
2027,char_tfidf_svm,EX-0244,不是目标语法点,是目标语法点,0
2027,char_svm_plus_kg_constraints,EX-0001,是目标语法点,是目标语法点,1
2027,char_svm_plus_kg_constraints,EX-0002,是目标语法点,是目标语法点,1
2027,char_svm_plus_kg_constraints,EX-0003,不是目标语法点,是目标语法点,1
2027,char_svm_plus_kg_constraints,EX-0004,不是目标语法点,是目标语法点,1
2027,char_svm_plus_kg_constraints,EX-0005,是目标语法点,是目标语法点,1
2027,char_svm_plus_kg_constraints,EX-0006,是目标语法点,是目标语法点,1
2027,char_svm_plus_kg_constraints,EX-0007,不是目标语法点,是目标语法点,1
2027,char_svm_plus_kg_constraints,EX-0008,不是目标语法点,是目标语法点,1
2027,char_svm_plus_kg_constraints,EX-0009,是目标语法点,是目标语法点,1
2027,char_svm_plus_kg_constraints,EX-0010,是目标语法点,是目标语法点,1
2027,char_svm_plus_kg_constraints,EX-0011,不是目标语法点,是目标语法点,1
2027,char_svm_plus_kg_constraints,EX-0012,不是目标语法点,是目标语法点,1
2027,char_svm_plus_kg_constraints,EX-0013,是目标语法点,是目标语法点,1
2027,char_svm_plus_kg_constraints,EX-0014,是目标语法点,是目标语法点,1
2027,char_svm_plus_kg_constraints,EX-0015,不是目标语法点,是目标语法点,1
2027,char_svm_plus_kg_constraints,EX-0016,不是目标语法点,是目标语法点,1
2027,char_svm_plus_kg_constraints,EX-0017,是目标语法点,是目标语法点,1
2027,char_svm_plus_kg_constraints,EX-0018,是目标语法点,是目标语法点,1
2027,char_svm_plus_kg_constraints,EX-0019,不是目标语法点,是目标语法点,1
2027,char_svm_plus_kg_constraints,EX-0020,不是目标语法点,是目标语法点,1
2027,char_svm_plus_kg_constraints,EX-0021,是目标语法点,是目标语法点,1
2027,char_svm_plus_kg_constraints,EX-0022,是目标语法点,是目标语法点,1
2027,char_svm_plus_kg_constraints,EX-0023,不是目标语法点,是目标语法点,1
2027,char_svm_plus_kg_constraints,EX-0024,不是目标语法点,是目标语法点,1
2027,char_svm_plus_kg_constraints,EX-0025,是目标语法点,是目标语法点,1
2027,char_svm_plus_kg_constraints,EX-0026,是目标语法点,是目标语法点,1
2027,char_svm_plus_kg_constraints,EX-0027,不是目标语法点,是目标语法点,1
2027,char_svm_plus_kg_constraints,EX-0028,不是目标语法点,是目标语法点,1
2027,char_svm_plus_kg_constraints,EX-0029,是目标语法点,是目标语法点,1
2027,char_svm_plus_kg_constraints,EX-0030,是目标语法点,是目标语法点,1
2027,char_svm_plus_kg_constraints,EX-0031,不是目标语法点,是目标语法点,1
2027,char_svm_plus_kg_constraints,EX-0032,不是目标语法点,是目标语法点,1
2027,char_svm_plus_kg_constraints,EX-0033,是目标语法点,是目标语法点,1
2027,char_svm_plus_kg_constraints,EX-0034,是目标语法点,是目标语法点,1
2027,char_svm_plus_kg_constraints,EX-0035,不是目标语法点,是目标语法点,1
2027,char_svm_plus_kg_constraints,EX-0036,不是目标语法点,是目标语法点,1
2027,char_svm_plus_kg_constraints,EX-0037,是目标语法点,是目标语法点,1
2027,char_svm_plus_kg_constraints,EX-0038,是目标语法点,是目标语法点,1
2027,char_svm_plus_kg_constraints,EX-0039,不是目标语法点,是目标语法点,1
2027,char_svm_plus_kg_constraints,EX-0040,不是目标语法点,是目标语法点,1
2027,char_svm_plus_kg_constraints,EX-0041,是目标语法点,是目标语法点,1
2027,char_svm_plus_kg_constraints,EX-0042,是目标语法点,是目标语法点,1
2027,char_svm_plus_kg_constraints,EX-0043,不是目标语法点,是目标语法点,1
2027,char_svm_plus_kg_constraints,EX-0044,不是目标语法点,是目标语法点,1
2027,char_svm_plus_kg_constraints,EX-0045,是目标语法点,是目标语法点,1
2027,char_svm_plus_kg_constraints,EX-0046,是目标语法点,是目标语法点,1
2027,char_svm_plus_kg_constraints,EX-0047,不是目标语法点,是目标语法点,1
2027,char_svm_plus_kg_constraints,EX-0048,不是目标语法点,是目标语法点,1
2027,char_svm_plus_kg_constraints,EX-0049,是目标语法点,是目标语法点,1
2027,char_svm_plus_kg_constraints,EX-0050,是目标语法点,是目标语法点,1
2027,char_svm_plus_kg_constraints,EX-0051,不是目标语法点,是目标语法点,1
2027,char_svm_plus_kg_constraints,EX-0052,不是目标语法点,是目标语法点,1
2027,char_svm_plus_kg_constraints,EX-0053,是目标语法点,是目标语法点,1
2027,char_svm_plus_kg_constraints,EX-0054,是目标语法点,是目标语法点,1
2027,char_svm_plus_kg_constraints,EX-0055,不是目标语法点,是目标语法点,1
2027,char_svm_plus_kg_constraints,EX-0056,不是目标语法点,是目标语法点,1
2027,char_svm_plus_kg_constraints,EX-0057,是目标语法点,是目标语法点,1
2027,char_svm_plus_kg_constraints,EX-0058,是目标语法点,是目标语法点,1
2027,char_svm_plus_kg_constraints,EX-0059,不是目标语法点,是目标语法点,1
2027,char_svm_plus_kg_constraints,EX-0060,不是目标语法点,是目标语法点,1
2027,char_svm_plus_kg_constraints,EX-0061,是目标语法点,是目标语法点,1
2027,char_svm_plus_kg_constraints,EX-0062,是目标语法点,是目标语法点,1
2027,char_svm_plus_kg_constraints,EX-0063,不是目标语法点,是目标语法点,1
2027,char_svm_plus_kg_constraints,EX-0064,不是目标语法点,是目标语法点,1
2027,char_svm_plus_kg_constraints,EX-0065,是目标语法点,是目标语法点,1
2027,char_svm_plus_kg_constraints,EX-0066,是目标语法点,是目标语法点,1
2027,char_svm_plus_kg_constraints,EX-0067,不是目标语法点,是目标语法点,1
2027,char_svm_plus_kg_constraints,EX-0068,不是目标语法点,是目标语法点,1
2027,char_svm_plus_kg_constraints,EX-0069,是目标语法点,是目标语法点,1
2027,char_svm_plus_kg_constraints,EX-0070,是目标语法点,是目标语法点,1
2027,char_svm_plus_kg_constraints,EX-0071,不是目标语法点,是目标语法点,1
2027,char_svm_plus_kg_constraints,EX-0072,不是目标语法点,是目标语法点,1
2027,char_svm_plus_kg_constraints,EX-0073,是目标语法点,是目标语法点,1
2027,char_svm_plus_kg_constraints,EX-0074,是目标语法点,是目标语法点,1
2027,char_svm_plus_kg_constraints,EX-0075,不是目标语法点,是目标语法点,1
2027,char_svm_plus_kg_constraints,EX-0076,不是目标语法点,是目标语法点,1
2027,char_svm_plus_kg_constraints,EX-0077,是目标语法点,是目标语法点,1
2027,char_svm_plus_kg_constraints,EX-0078,是目标语法点,是目标语法点,1
2027,char_svm_plus_kg_constraints,EX-0079,不是目标语法点,是目标语法点,1
2027,char_svm_plus_kg_constraints,EX-0080,不是目标语法点,是目标语法点,1
2027,char_svm_plus_kg_constraints,EX-0081,是目标语法点,是目标语法点,1
2027,char_svm_plus_kg_constraints,EX-0082,是目标语法点,是目标语法点,1
2027,char_svm_plus_kg_constraints,EX-0083,不是目标语法点,是目标语法点,1
2027,char_svm_plus_kg_constraints,EX-0084,不是目标语法点,是目标语法点,1
2027,char_svm_plus_kg_constraints,EX-0085,是目标语法点,是目标语法点,1
2027,char_svm_plus_kg_constraints,EX-0086,是目标语法点,是目标语法点,1
2027,char_svm_plus_kg_constraints,EX-0087,不是目标语法点,是目标语法点,1
2027,char_svm_plus_kg_constraints,EX-0088,不是目标语法点,是目标语法点,1
2027,char_svm_plus_kg_constraints,EX-0089,是目标语法点,是目标语法点,1
2027,char_svm_plus_kg_constraints,EX-0090,是目标语法点,是目标语法点,1
2027,char_svm_plus_kg_constraints,EX-0091,不是目标语法点,是目标语法点,1
2027,char_svm_plus_kg_constraints,EX-0092,不是目标语法点,是目标语法点,1
2027,char_svm_plus_kg_constraints,EX-0093,是目标语法点,是目标语法点,1
2027,char_svm_plus_kg_constraints,EX-0094,是目标语法点,是目标语法点,1
2027,char_svm_plus_kg_constraints,EX-0095,不是目标语法点,是目标语法点,1
2027,char_svm_plus_kg_constraints,EX-0096,不是目标语法点,是目标语法点,1
2027,char_svm_plus_kg_constraints,EX-0097,是目标语法点,是目标语法点,1
2027,char_svm_plus_kg_constraints,EX-0098,是目标语法点,是目标语法点,1
2027,char_svm_plus_kg_constraints,EX-0099,不是目标语法点,是目标语法点,1
2027,char_svm_plus_kg_constraints,EX-0100,不是目标语法点,是目标语法点,1
2027,char_svm_plus_kg_constraints,EX-0101,是目标语法点,是目标语法点,1
2027,char_svm_plus_kg_constraints,EX-0102,是目标语法点,是目标语法点,1
2027,char_svm_plus_kg_constraints,EX-0103,不是目标语法点,不是目标语法点,1
2027,char_svm_plus_kg_constraints,EX-0104,不是目标语法点,是目标语法点,1
2027,char_svm_plus_kg_constraints,EX-0105,是目标语法点,是目标语法点,1
2027,char_svm_plus_kg_constraints,EX-0106,是目标语法点,是目标语法点,1
2027,char_svm_plus_kg_constraints,EX-0107,不是目标语法点,是目标语法点,1
2027,char_svm_plus_kg_constraints,EX-0108,不是目标语法点,是目标语法点,1
2027,char_svm_plus_kg_constraints,EX-0109,是目标语法点,是目标语法点,1
2027,char_svm_plus_kg_constraints,EX-0110,是目标语法点,是目标语法点,1
2027,char_svm_plus_kg_constraints,EX-0111,不是目标语法点,是目标语法点,1
2027,char_svm_plus_kg_constraints,EX-0112,不是目标语法点,是目标语法点,1
2027,char_svm_plus_kg_constraints,EX-0113,是目标语法点,不是目标语法点,1
2027,char_svm_plus_kg_constraints,EX-0114,是目标语法点,不是目标语法点,1
2027,char_svm_plus_kg_constraints,EX-0115,不是目标语法点,不是目标语法点,1
2027,char_svm_plus_kg_constraints,EX-0116,不是目标语法点,不是目标语法点,1
2027,char_svm_plus_kg_constraints,EX-0117,是目标语法点,是目标语法点,1
2027,char_svm_plus_kg_constraints,EX-0118,是目标语法点,是目标语法点,1
2027,char_svm_plus_kg_constraints,EX-0119,不是目标语法点,是目标语法点,1
2027,char_svm_plus_kg_constraints,EX-0120,不是目标语法点,不是目标语法点,1
2027,char_svm_plus_kg_constraints,EX-0121,是目标语法点,是目标语法点,1
2027,char_svm_plus_kg_constraints,EX-0122,是目标语法点,是目标语法点,1
2027,char_svm_plus_kg_constraints,EX-0123,不是目标语法点,是目标语法点,1
2027,char_svm_plus_kg_constraints,EX-0124,不是目标语法点,是目标语法点,1
2027,char_svm_plus_kg_constraints,EX-0125,是目标语法点,是目标语法点,1
2027,char_svm_plus_kg_constraints,EX-0126,是目标语法点,是目标语法点,1
2027,char_svm_plus_kg_constraints,EX-0127,不是目标语法点,是目标语法点,1
2027,char_svm_plus_kg_constraints,EX-0128,不是目标语法点,是目标语法点,1
2027,char_svm_plus_kg_constraints,EX-0129,是目标语法点,是目标语法点,1
2027,char_svm_plus_kg_constraints,EX-0130,是目标语法点,是目标语法点,1
2027,char_svm_plus_kg_constraints,EX-0131,不是目标语法点,是目标语法点,1
2027,char_svm_plus_kg_constraints,EX-0132,不是目标语法点,是目标语法点,1
2027,char_svm_plus_kg_constraints,EX-0133,是目标语法点,是目标语法点,1
2027,char_svm_plus_kg_constraints,EX-0134,是目标语法点,是目标语法点,1
2027,char_svm_plus_kg_constraints,EX-0135,不是目标语法点,是目标语法点,1
2027,char_svm_plus_kg_constraints,EX-0136,不是目标语法点,是目标语法点,1
2027,char_svm_plus_kg_constraints,EX-0137,是目标语法点,是目标语法点,1
2027,char_svm_plus_kg_constraints,EX-0138,是目标语法点,是目标语法点,1
2027,char_svm_plus_kg_constraints,EX-0139,不是目标语法点,是目标语法点,1
2027,char_svm_plus_kg_constraints,EX-0140,不是目标语法点,是目标语法点,1
2027,char_svm_plus_kg_constraints,EX-0141,是目标语法点,是目标语法点,1
2027,char_svm_plus_kg_constraints,EX-0142,是目标语法点,是目标语法点,1
2027,char_svm_plus_kg_constraints,EX-0143,不是目标语法点,是目标语法点,1
2027,char_svm_plus_kg_constraints,EX-0144,不是目标语法点,是目标语法点,1
2027,char_svm_plus_kg_constraints,EX-0145,是目标语法点,是目标语法点,1
2027,char_svm_plus_kg_constraints,EX-0146,是目标语法点,是目标语法点,1
2027,char_svm_plus_kg_constraints,EX-0147,不是目标语法点,是目标语法点,1
2027,char_svm_plus_kg_constraints,EX-0148,不是目标语法点,是目标语法点,1
2027,char_svm_plus_kg_constraints,EX-0149,是目标语法点,是目标语法点,0
2027,char_svm_plus_kg_constraints,EX-0150,是目标语法点,是目标语法点,0
2027,char_svm_plus_kg_constraints,EX-0151,不是目标语法点,是目标语法点,0
2027,char_svm_plus_kg_constraints,EX-0152,不是目标语法点,是目标语法点,0
2027,char_svm_plus_kg_constraints,EX-0153,是目标语法点,是目标语法点,0
2027,char_svm_plus_kg_constraints,EX-0154,是目标语法点,是目标语法点,0
2027,char_svm_plus_kg_constraints,EX-0155,不是目标语法点,是目标语法点,0
2027,char_svm_plus_kg_constraints,EX-0156,不是目标语法点,是目标语法点,0
2027,char_svm_plus_kg_constraints,EX-0157,是目标语法点,是目标语法点,0
2027,char_svm_plus_kg_constraints,EX-0158,是目标语法点,是目标语法点,0
2027,char_svm_plus_kg_constraints,EX-0159,不是目标语法点,是目标语法点,0
2027,char_svm_plus_kg_constraints,EX-0160,不是目标语法点,是目标语法点,0
2027,char_svm_plus_kg_constraints,EX-0161,是目标语法点,是目标语法点,0
2027,char_svm_plus_kg_constraints,EX-0162,是目标语法点,是目标语法点,0
2027,char_svm_plus_kg_constraints,EX-0163,不是目标语法点,是目标语法点,0
2027,char_svm_plus_kg_constraints,EX-0164,不是目标语法点,是目标语法点,0
2027,char_svm_plus_kg_constraints,EX-0165,是目标语法点,是目标语法点,0
2027,char_svm_plus_kg_constraints,EX-0166,是目标语法点,是目标语法点,0
2027,char_svm_plus_kg_constraints,EX-0167,不是目标语法点,是目标语法点,0
2027,char_svm_plus_kg_constraints,EX-0168,不是目标语法点,是目标语法点,0
2027,char_svm_plus_kg_constraints,EX-0169,是目标语法点,是目标语法点,0
2027,char_svm_plus_kg_constraints,EX-0170,是目标语法点,是目标语法点,0
2027,char_svm_plus_kg_constraints,EX-0171,不是目标语法点,是目标语法点,0
2027,char_svm_plus_kg_constraints,EX-0172,不是目标语法点,是目标语法点,0
2027,char_svm_plus_kg_constraints,EX-0173,是目标语法点,是目标语法点,0
2027,char_svm_plus_kg_constraints,EX-0174,是目标语法点,是目标语法点,0
2027,char_svm_plus_kg_constraints,EX-0175,不是目标语法点,是目标语法点,0
2027,char_svm_plus_kg_constraints,EX-0176,不是目标语法点,是目标语法点,0
2027,char_svm_plus_kg_constraints,EX-0177,是目标语法点,是目标语法点,0
2027,char_svm_plus_kg_constraints,EX-0178,是目标语法点,是目标语法点,0
2027,char_svm_plus_kg_constraints,EX-0179,不是目标语法点,是目标语法点,0
2027,char_svm_plus_kg_constraints,EX-0180,不是目标语法点,是目标语法点,0
2027,char_svm_plus_kg_constraints,EX-0181,是目标语法点,是目标语法点,0
2027,char_svm_plus_kg_constraints,EX-0182,是目标语法点,是目标语法点,0
2027,char_svm_plus_kg_constraints,EX-0183,不是目标语法点,是目标语法点,0
2027,char_svm_plus_kg_constraints,EX-0184,不是目标语法点,是目标语法点,0
2027,char_svm_plus_kg_constraints,EX-0185,是目标语法点,是目标语法点,0
2027,char_svm_plus_kg_constraints,EX-0186,是目标语法点,是目标语法点,0
2027,char_svm_plus_kg_constraints,EX-0187,不是目标语法点,是目标语法点,0
2027,char_svm_plus_kg_constraints,EX-0188,不是目标语法点,是目标语法点,0
2027,char_svm_plus_kg_constraints,EX-0189,是目标语法点,是目标语法点,0
2027,char_svm_plus_kg_constraints,EX-0190,是目标语法点,是目标语法点,0
2027,char_svm_plus_kg_constraints,EX-0191,不是目标语法点,是目标语法点,0
2027,char_svm_plus_kg_constraints,EX-0192,不是目标语法点,是目标语法点,0
2027,char_svm_plus_kg_constraints,EX-0193,是目标语法点,是目标语法点,0
2027,char_svm_plus_kg_constraints,EX-0194,是目标语法点,是目标语法点,0
2027,char_svm_plus_kg_constraints,EX-0195,不是目标语法点,是目标语法点,0
2027,char_svm_plus_kg_constraints,EX-0196,不是目标语法点,是目标语法点,0
2027,char_svm_plus_kg_constraints,EX-0197,是目标语法点,是目标语法点,0
2027,char_svm_plus_kg_constraints,EX-0198,是目标语法点,是目标语法点,0
2027,char_svm_plus_kg_constraints,EX-0199,不是目标语法点,是目标语法点,0
2027,char_svm_plus_kg_constraints,EX-0200,不是目标语法点,是目标语法点,0
2027,char_svm_plus_kg_constraints,EX-0201,是目标语法点,是目标语法点,0
2027,char_svm_plus_kg_constraints,EX-0202,是目标语法点,是目标语法点,0
2027,char_svm_plus_kg_constraints,EX-0203,不是目标语法点,是目标语法点,0
2027,char_svm_plus_kg_constraints,EX-0204,不是目标语法点,是目标语法点,0
2027,char_svm_plus_kg_constraints,EX-0205,是目标语法点,不是目标语法点,0
2027,char_svm_plus_kg_constraints,EX-0206,是目标语法点,不是目标语法点,0
2027,char_svm_plus_kg_constraints,EX-0207,不是目标语法点,不是目标语法点,0
2027,char_svm_plus_kg_constraints,EX-0208,不是目标语法点,不是目标语法点,0
2027,char_svm_plus_kg_constraints,EX-0209,是目标语法点,是目标语法点,0
2027,char_svm_plus_kg_constraints,EX-0210,是目标语法点,是目标语法点,0
2027,char_svm_plus_kg_constraints,EX-0211,不是目标语法点,是目标语法点,0
2027,char_svm_plus_kg_constraints,EX-0212,不是目标语法点,是目标语法点,0
2027,char_svm_plus_kg_constraints,EX-0213,是目标语法点,是目标语法点,0
2027,char_svm_plus_kg_constraints,EX-0214,是目标语法点,是目标语法点,0
2027,char_svm_plus_kg_constraints,EX-0215,不是目标语法点,是目标语法点,0
2027,char_svm_plus_kg_constraints,EX-0216,不是目标语法点,是目标语法点,0
2027,char_svm_plus_kg_constraints,EX-0217,是目标语法点,是目标语法点,0
2027,char_svm_plus_kg_constraints,EX-0218,是目标语法点,是目标语法点,0
2027,char_svm_plus_kg_constraints,EX-0219,不是目标语法点,是目标语法点,0
2027,char_svm_plus_kg_constraints,EX-0220,不是目标语法点,是目标语法点,0
2027,char_svm_plus_kg_constraints,EX-0221,是目标语法点,是目标语法点,0
2027,char_svm_plus_kg_constraints,EX-0222,是目标语法点,是目标语法点,0
2027,char_svm_plus_kg_constraints,EX-0223,不是目标语法点,是目标语法点,0
2027,char_svm_plus_kg_constraints,EX-0224,不是目标语法点,是目标语法点,0
2027,char_svm_plus_kg_constraints,EX-0225,是目标语法点,是目标语法点,0
2027,char_svm_plus_kg_constraints,EX-0226,是目标语法点,是目标语法点,0
2027,char_svm_plus_kg_constraints,EX-0227,不是目标语法点,是目标语法点,0
2027,char_svm_plus_kg_constraints,EX-0228,不是目标语法点,是目标语法点,0
2027,char_svm_plus_kg_constraints,EX-0229,是目标语法点,是目标语法点,0
2027,char_svm_plus_kg_constraints,EX-0230,是目标语法点,是目标语法点,0
2027,char_svm_plus_kg_constraints,EX-0231,不是目标语法点,是目标语法点,0
2027,char_svm_plus_kg_constraints,EX-0232,不是目标语法点,是目标语法点,0
2027,char_svm_plus_kg_constraints,EX-0233,是目标语法点,是目标语法点,0
2027,char_svm_plus_kg_constraints,EX-0234,是目标语法点,是目标语法点,0
2027,char_svm_plus_kg_constraints,EX-0235,不是目标语法点,是目标语法点,0
2027,char_svm_plus_kg_constraints,EX-0236,不是目标语法点,是目标语法点,0
2027,char_svm_plus_kg_constraints,EX-0237,是目标语法点,是目标语法点,0
2027,char_svm_plus_kg_constraints,EX-0238,是目标语法点,是目标语法点,0
2027,char_svm_plus_kg_constraints,EX-0239,不是目标语法点,是目标语法点,0
2027,char_svm_plus_kg_constraints,EX-0240,不是目标语法点,是目标语法点,0
2027,char_svm_plus_kg_constraints,EX-0241,是目标语法点,是目标语法点,0
2027,char_svm_plus_kg_constraints,EX-0242,是目标语法点,是目标语法点,0
2027,char_svm_plus_kg_constraints,EX-0243,不是目标语法点,是目标语法点,0
2027,char_svm_plus_kg_constraints,EX-0244,不是目标语法点,是目标语法点,0
