instance_id,sentence_group,grammar_point,grammar_family,source_title,page_anchor,evidence_label,evidence_consolidation,gold_confidence_tier
ASGD-2027-0002,8c27db5060b3cae1,时间状语候选,时间/处所功能结构,国际中文教育中文水平等级标准·语法学习手册（中等）,380,支持,三人一致,B-多数裁决
ASGD-2027-0008,d655935b13ac734a,连动结构候选,多谓词/论元结构,国际中文教育中文水平等级标准·语法学习手册（高等）,143,支持,三人一致,B-多数裁决
ASGD-2027-0010,7afec0417d0acca2,趋向补语候选,补语结构,国际中文教育中文水平等级标准·语法学习手册（初等）,199,支持,三人一致,B-多数裁决
ASGD-2027-0018,c5085c4dc44faa9a,时间状语候选,时间/处所功能结构,国际中文教育中文水平等级标准·语法学习手册（初等）,159,支持,三人一致,B-多数裁决
ASGD-2027-0023,43e4981dcb3b6127,被字句候选,被动/受事凸显构式,国际中文教育中文水平等级标准·语法学习手册（高等）,77,支持,多数裁决,C-标注者2裁决
ASGD-2027-0024,be939518863d3e3a,把字句候选,处置/受事重组构式,国际中文教育中文水平等级标准·语法学习手册（初等）,383,支持,三人一致,B-多数裁决
ASGD-2027-0025,d576b7ade08f68cd,比字比较候选,比较构式,国际中文教育中文水平等级标准·语法学习手册（高等）,81,不支持,三人一致,C-标注者2裁决
ASGD-2027-0026,ee88ebea88047873,被字句候选,被动/受事凸显构式,国际中文教育中文水平等级标准·语法学习手册（高等）,126,支持,三人一致,B-多数裁决
ASGD-2027-0027,461e460c7635f83d,双宾/给予结构候选,多谓词/论元结构,国际中文教育中文水平等级标准·语法学习手册（中等）,275,支持,三人一致,B-多数裁决
ASGD-2027-0033,4c07145617110759,双宾/给予结构候选,多谓词/论元结构,国际中文教育中文水平等级标准·语法学习手册（初等）,217,支持,三人一致,B-多数裁决
ASGD-2027-0038,e94bf2e8962b34ea,在字介词框架候选,介词/框架结构,国际中文教育中文水平等级标准·语法学习手册（高等）,172,不支持,多数裁决,C-标注者2裁决
ASGD-2027-0040,56ed644470376501,在字介词框架候选,介词/框架结构,国际中文教育中文水平等级标准·语法学习手册（初等）,302,支持,三人一致,B-多数裁决
ASGD-2027-0044,d505c31459ee3b68,得字补语候选,补语结构,国际中文教育中文水平等级标准·语法学习手册（高等）,65,不支持,无多数-标注者2裁决,C-标注者2裁决
ASGD-2027-0054,99efb71cf9773430,把字句候选,处置/受事重组构式,国际中文教育中文水平等级标准·语法学习手册（中等）,273,支持,三人一致,B-多数裁决
ASGD-2027-0059,b01c2242341504e8,处所状语候选,时间/处所功能结构,国际中文教育中文水平等级标准·语法学习手册（初等）,66,支持,多数裁决,C-标注者2裁决
ASGD-2027-0062,9e1029975b9c189e,把字句候选,处置/受事重组构式,国际中文教育中文水平等级标准·语法学习手册（中等）,337,支持,三人一致,B-多数裁决
ASGD-2027-0066,e7539f5a77f4d2d8,在字介词框架候选,介词/框架结构,国际中文教育中文水平等级标准·语法学习手册（初等）,328,支持,多数裁决,C-标注者2裁决
ASGD-2027-0067,2288ac5cee71a412,把字句候选,处置/受事重组构式,国际中文教育中文水平等级标准·语法学习手册（中等）,244,支持,三人一致,B-多数裁决
ASGD-2027-0068,2fb8eecdaf343998,双宾/给予结构候选,多谓词/论元结构,国际中文教育中文水平等级标准·语法学习手册（高等）,36,不支持,多数裁决,C-标注者2裁决
ASGD-2027-0069,1e86f3da7c6b150f,把字句候选,处置/受事重组构式,国际中文教育中文水平等级标准·语法学习手册（中等）,223,支持,三人一致,B-多数裁决
ASGD-2027-0083,497f8ab4accedb94,被字句候选,被动/受事凸显构式,国际中文教育中文水平等级标准·语法学习手册（中等）,341,不支持,三人一致,C-标注者2裁决
ASGD-2027-0087,0bc1ebd14b4daef2,趋向补语候选,补语结构,国际中文教育中文水平等级标准·语法学习手册（中等）,21,支持,多数裁决,B-多数裁决
ASGD-2027-0089,0102850beb19f06d,被字句候选,被动/受事凸显构式,国际中文教育中文水平等级标准·语法学习手册（高等）,124,不支持,三人一致,C-标注者2裁决
ASGD-2027-0091,b45260fc372ecb19,双宾/给予结构候选,多谓词/论元结构,国际中文教育中文水平等级标准·语法学习手册（中等）,84,支持,三人一致,B-多数裁决
ASGD-2027-0094,c846014ae37e9773,双宾/给予结构候选,多谓词/论元结构,国际中文教育中文水平等级标准·语法学习手册（初等）,175,支持,三人一致,B-多数裁决
ASGD-2027-0098,1d22a31ca2737906,处所状语候选,时间/处所功能结构,国际中文教育中文水平等级标准·语法学习手册（中等）,40,支持,三人一致,B-多数裁决
ASGD-2027-0103,76cbec04013a8d5a,把字句候选,处置/受事重组构式,国际中文教育中文水平等级标准·语法学习手册（高等）,125,支持,多数裁决,B-多数裁决
ASGD-2027-0104,4b11009ef6600b05,把字句候选,处置/受事重组构式,国际中文教育中文水平等级标准·语法学习手册（初等）,357,支持,三人一致,B-多数裁决
ASGD-2027-0105,eb5f271ec13aaea4,数量/时量补语候选,补语结构,国际中文教育中文水平等级标准·语法学习手册（初等）,300,支持,多数裁决,C-标注者2裁决
ASGD-2027-0106,74a1c33a00bf41a9,被字句候选,被动/受事凸显构式,国际中文教育中文水平等级标准·语法学习手册（高等）,126,支持,三人一致,B-多数裁决
ASGD-2027-0107,7bf39bbc6d2b9fc4,把字句候选,处置/受事重组构式,国际中文教育中文水平等级标准·语法学习手册（中等）,221,支持,多数裁决,B-多数裁决
ASGD-2027-0111,37b7a37fadc75b72,趋向补语候选,补语结构,国际中文教育中文水平等级标准·语法学习手册（初等）,347,支持,多数裁决,B-多数裁决
ASGD-2027-0113,01c7f8b36b3e470e,给/为/关于等介词框架候选,介词/框架结构,国际中文教育中文水平等级标准·语法学习手册（中等）,242,支持,多数裁决,C-标注者2裁决
ASGD-2027-0117,202d5242129b8a87,向/往/朝介词框架候选,介词/框架结构,国际中文教育中文水平等级标准·语法学习手册（初等）,322,支持,多数裁决,C-标注者2裁决
ASGD-2027-0118,3aa44fb5355ea743,把字句候选,处置/受事重组构式,国际中文教育中文水平等级标准·语法学习手册（初等）,405,支持,三人一致,B-多数裁决
ASGD-2027-0121,bb2f388ff70db974,比字比较候选,比较构式,国际中文教育中文水平等级标准·语法学习手册（高等）,200,不支持,三人一致,C-标注者2裁决
ASGD-2027-0122,85dfb01b51956711,给/为/关于等介词框架候选,介词/框架结构,国际中文教育中文水平等级标准·语法学习手册（初等）,328,支持,三人一致,B-多数裁决
ASGD-2027-0123,d5c8006a69d9f92f,得字补语候选,补语结构,国际中文教育中文水平等级标准·语法学习手册（高等）,165,不支持,三人一致,C-标注者2裁决
ASGD-2027-0125,20adad0fb9eff0d4,把字句候选,处置/受事重组构式,国际中文教育中文水平等级标准·语法学习手册（初等）,301,支持,多数裁决,B-多数裁决
ASGD-2027-0129,751c31a21e90458c,双宾/给予结构候选,多谓词/论元结构,国际中文教育中文水平等级标准·语法学习手册（中等）,69,支持,三人一致,B-多数裁决
ASGD-2027-0130,6e54d4b63120cd56,被字句候选,被动/受事凸显构式,国际中文教育中文水平等级标准·语法学习手册（高等）,127,不支持,无多数-标注者2裁决,C-标注者2裁决
ASGD-2027-0131,65b7eb44e25ffcee,把字句候选,处置/受事重组构式,国际中文教育中文水平等级标准·语法学习手册（中等）,339,支持,三人一致,B-多数裁决
ASGD-2027-0133,e279431731e9b80f,在字介词框架候选,介词/框架结构,国际中文教育中文水平等级标准·语法学习手册（高等）,123,支持,多数裁决,C-标注者2裁决
ASGD-2027-0135,931afa6e01dee1db,双宾/给予结构候选,多谓词/论元结构,国际中文教育中文水平等级标准·语法学习手册（初等）,347,支持,多数裁决,C-标注者2裁决
ASGD-2027-0138,a07bc03cc929525e,被字句候选,被动/受事凸显构式,国际中文教育中文水平等级标准·语法学习手册（初等）,359,支持,三人一致,B-多数裁决
ASGD-2027-0139,2ff321172c0270c3,被字句候选,被动/受事凸显构式,国际中文教育中文水平等级标准·语法学习手册（高等）,147,支持,三人一致,B-多数裁决
ASGD-2027-0142,7671a4de2f8dcae6,向/往/朝介词框架候选,介词/框架结构,国际中文教育中文水平等级标准·语法学习手册（中等）,342,支持,三人一致,B-多数裁决
ASGD-2027-0146,050a330a2b4df218,给/为/关于等介词框架候选,介词/框架结构,国际中文教育中文水平等级标准·语法学习手册（中等）,203,支持,多数裁决,C-标注者2裁决
ASGD-2027-0151,d693965c1d8d37f4,得字补语候选,补语结构,国际中文教育中文水平等级标准·语法学习手册（高等）,68,支持,多数裁决,B-多数裁决
ASGD-2027-0167,e50ab2d1e4678daf,趋向补语候选,补语结构,国际中文教育中文水平等级标准·语法学习手册（中等）,210,支持,多数裁决,B-多数裁决
ASGD-2027-0169,b7a39763637a0c42,所以候选,复句关联结构,国际中文教育中文水平等级标准·语法学习手册（中等）,167,支持,三人一致,B-多数裁决
ASGD-2027-0170,e62f2201824b338c,在字介词框架候选,介词/框架结构,国际中文教育中文水平等级标准·语法学习手册（初等）,304,支持,三人一致,B-多数裁决
ASGD-2027-0171,61198e7c076f4ab9,得字补语候选,补语结构,国际中文教育中文水平等级标准·语法学习手册（中等）,51,不支持,多数裁决,C-标注者2裁决
ASGD-2027-0176,eea60d25a562a79a,被字句候选,被动/受事凸显构式,国际中文教育中文水平等级标准·语法学习手册（高等）,57,支持,多数裁决,B-多数裁决
ASGD-2027-0178,6a02e130daaafa77,比字比较候选,比较构式,国际中文教育中文水平等级标准·语法学习手册（初等）,209,支持,三人一致,B-多数裁决
ASGD-2027-0180,f0c8d9a468d1d690,结果补语候选,补语结构,国际中文教育中文水平等级标准·语法学习手册（初等）,250,支持,三人一致,B-多数裁决
ASGD-2027-0186,c801dfc373eb5854,处所状语候选,时间/处所功能结构,国际中文教育中文水平等级标准·语法学习手册（初等）,20,部分支持,无多数-标注者2裁决,C-标注者2裁决
ASGD-2027-0188,5f3cf438ac5d263d,比字比较候选,比较构式,国际中文教育中文水平等级标准·语法学习手册（中等）,198,支持,三人一致,B-多数裁决
ASGD-2027-0190,43daea4463b7cc20,被字句候选,被动/受事凸显构式,国际中文教育中文水平等级标准·语法学习手册（高等）,153,支持,多数裁决,B-多数裁决
ASGD-2027-0191,a4c30b5bac9c8487,处所状语候选,时间/处所功能结构,国际中文教育中文水平等级标准·语法学习手册（初等）,31,支持,多数裁决,C-标注者2裁决
ASGD-2027-0193,a775ee62fa71ce0b,时间状语候选,时间/处所功能结构,国际中文教育中文水平等级标准·语法学习手册（初等）,236,支持,多数裁决,C-标注者2裁决
ASGD-2027-0194,45e325bf4ac89877,连动结构候选,多谓词/论元结构,国际中文教育中文水平等级标准·语法学习手册（初等）,24,支持,三人一致,B-多数裁决
ASGD-2027-0200,3166edaaa775cbf9,被字句候选,被动/受事凸显构式,国际中文教育中文水平等级标准·语法学习手册（高等）,130,不支持,多数裁决,C-标注者2裁决
ASGD-2027-0202,959f33a2d877a077,给/为/关于等介词框架候选,介词/框架结构,国际中文教育中文水平等级标准·语法学习手册（高等）,77,不支持,多数裁决,C-标注者2裁决
ASGD-2027-0204,8c5720f43a41ba39,不但...而且候选,复句关联结构,国际中文教育中文水平等级标准·语法学习手册（初等）,225,支持,多数裁决,C-标注者2裁决
ASGD-2027-0212,6e530091f0fe8fbc,比字比较候选,比较构式,国际中文教育中文水平等级标准·语法学习手册（高等）,79,不支持,三人一致,C-标注者2裁决
ASGD-2027-0213,f922ab312726e20f,把字句候选,处置/受事重组构式,国际中文教育中文水平等级标准·语法学习手册（中等）,313,部分支持,多数裁决,C-标注者2裁决
ASGD-2027-0214,17f47947b34c59d8,给/为/关于等介词框架候选,介词/框架结构,国际中文教育中文水平等级标准·语法学习手册（中等）,46,支持,三人一致,B-多数裁决
ASGD-2027-0217,59103370620531da,在字介词框架候选,介词/框架结构,国际中文教育中文水平等级标准·语法学习手册（初等）,193,支持,多数裁决,C-标注者2裁决
ASGD-2027-0218,da94ac028115669e,处所状语候选,时间/处所功能结构,国际中文教育中文水平等级标准·语法学习手册（初等）,31,支持,三人一致,B-多数裁决
ASGD-2027-0219,9ea986be292ac778,把字句候选,处置/受事重组构式,国际中文教育中文水平等级标准·语法学习手册（高等）,212,支持,多数裁决,B-多数裁决
ASGD-2027-0225,6dc2b6cf8fc8e23c,处所状语候选,时间/处所功能结构,国际中文教育中文水平等级标准·语法学习手册（初等）,19,不支持,多数裁决,C-标注者2裁决
ASGD-2027-0226,5ff739a45254c101,双宾/给予结构候选,多谓词/论元结构,国际中文教育中文水平等级标准·语法学习手册（高等）,175,支持,三人一致,B-多数裁决
ASGD-2027-0227,43e1ae4db329b4d8,时间状语候选,时间/处所功能结构,国际中文教育中文水平等级标准·语法学习手册（高等）,121,支持,三人一致,B-多数裁决
ASGD-2027-0228,067705d72795e2e3,双宾/给予结构候选,多谓词/论元结构,国际中文教育中文水平等级标准·语法学习手册（初等）,217,支持,三人一致,B-多数裁决
ASGD-2027-0231,133fb4aafe8903ec,双宾/给予结构候选,多谓词/论元结构,国际中文教育中文水平等级标准·语法学习手册（初等）,72,不支持,多数裁决,C-标注者2裁决
ASGD-2027-0235,ff075513b9ba3308,数量/时量补语候选,补语结构,国际中文教育中文水平等级标准·语法学习手册（初等）,352,支持,多数裁决,B-多数裁决
ASGD-2027-0242,d9978aeed10626c1,时间状语候选,时间/处所功能结构,国际中文教育中文水平等级标准·语法学习手册（中等）,24,支持,多数裁决,C-标注者2裁决
ASGD-2027-0246,c5903fdeac3c74c3,把字句候选,处置/受事重组构式,国际中文教育中文水平等级标准·语法学习手册（中等）,80,支持,三人一致,B-多数裁决
ASGD-2027-0248,8f01d21e0de01359,得字补语候选,补语结构,国际中文教育中文水平等级标准·语法学习手册（中等）,213,支持,多数裁决,B-多数裁决
ASGD-2027-0250,c25e1877de375ea8,一边...一边候选,复句关联结构,国际中文教育中文水平等级标准·语法学习手册（初等）,99,支持,多数裁决,C-标注者2裁决
ASGD-2027-0258,fe29086e8af286d6,在字介词框架候选,介词/框架结构,国际中文教育中文水平等级标准·语法学习手册（中等）,74,支持,多数裁决,C-标注者2裁决
ASGD-2027-0261,bed526c1ebe9112d,但是候选,复句关联结构,国际中文教育中文水平等级标准·语法学习手册（高等）,132,支持,三人一致,B-多数裁决
ASGD-2027-0262,394b658f0e5108b1,如果...就候选,复句关联结构,国际中文教育中文水平等级标准·语法学习手册（初等）,233,支持,多数裁决,C-标注者2裁决
ASGD-2027-0265,7b45a23ed521a2e1,把字句候选,处置/受事重组构式,国际中文教育中文水平等级标准·语法学习手册（中等）,80,支持,三人一致,B-多数裁决
ASGD-2027-0267,2030e10ead6e3c4b,得字补语候选,补语结构,国际中文教育中文水平等级标准·语法学习手册（初等）,256,不支持,三人一致,C-标注者2裁决
ASGD-2027-0269,406067b5c2d1fb35,被字句候选,被动/受事凸显构式,国际中文教育中文水平等级标准·语法学习手册（高等）,153,支持,多数裁决,B-多数裁决
ASGD-2027-0271,b34ab99ce3dd9ffc,对字介词框架候选,介词/框架结构,国际中文教育中文水平等级标准·语法学习手册（中等）,40,支持,多数裁决,C-标注者2裁决
ASGD-2027-0273,473967478fe06715,在字介词框架候选,介词/框架结构,国际中文教育中文水平等级标准·语法学习手册（初等）,149,支持,多数裁决,C-标注者2裁决
ASGD-2027-0278,9f09bd1c3e7aecd3,从字介词框架候选,介词/框架结构,国际中文教育中文水平等级标准·语法学习手册（初等）,173,支持,三人一致,B-多数裁决
ASGD-2027-0279,de194ab9ad91e051,处所状语候选,时间/处所功能结构,国际中文教育中文水平等级标准·语法学习手册（中等）,293,支持,三人一致,B-多数裁决
ASGD-2027-0280,82b2948bfcfd3817,把字句候选,处置/受事重组构式,国际中文教育中文水平等级标准·语法学习手册（中等）,82,支持,三人一致,B-多数裁决
ASGD-2027-0281,cd650f154cb7cc32,连动结构候选,多谓词/论元结构,国际中文教育中文水平等级标准·语法学习手册（中等）,256,部分支持,多数裁决,C-标注者2裁决
ASGD-2027-0286,799fa48d692b596b,把字句候选,处置/受事重组构式,国际中文教育中文水平等级标准·语法学习手册（高等）,175,支持,三人一致,B-多数裁决
ASGD-2027-0298,89d2661c31446e84,没有比较候选,比较构式,国际中文教育中文水平等级标准·语法学习手册（中等）,82,不支持,三人一致,C-标注者2裁决
ASGD-2027-0301,bdf3befc1c2655fa,处所状语候选,时间/处所功能结构,国际中文教育中文水平等级标准·语法学习手册（初等）,66,不支持,多数裁决,C-标注者2裁决
ASGD-2027-0302,896c0e8b323f12d3,得字补语候选,补语结构,国际中文教育中文水平等级标准·语法学习手册（初等）,261,支持,多数裁决,B-多数裁决
ASGD-2027-0303,edd4339a24bbdb55,时间状语候选,时间/处所功能结构,国际中文教育中文水平等级标准·语法学习手册（初等）,56,支持,三人一致,B-多数裁决
ASGD-2027-0305,d138faa5ca66e190,之所以...是因为候选,复句关联结构,国际中文教育中文水平等级标准·语法学习手册（高等）,173,支持,多数裁决,C-标注者2裁决
ASGD-2027-0307,938c6d44cfad8329,比字比较候选,比较构式,国际中文教育中文水平等级标准·语法学习手册（初等）,209,支持,三人一致,B-多数裁决
ASGD-2027-0311,b2deeb7357f6d2e8,把字句候选,处置/受事重组构式,国际中文教育中文水平等级标准·语法学习手册（高等）,64,支持,三人一致,B-多数裁决
ASGD-2027-0317,3b31a886b702f871,把字句候选,处置/受事重组构式,国际中文教育中文水平等级标准·语法学习手册（高等）,53,支持,三人一致,B-多数裁决
ASGD-2027-0320,4ce15c54dc640adc,处所状语候选,时间/处所功能结构,国际中文教育中文水平等级标准·语法学习手册（中等）,265,支持,多数裁决,C-标注者2裁决
ASGD-2027-0325,431fc2ac7812401e,把字句候选,处置/受事重组构式,国际中文教育中文水平等级标准·语法学习手册（中等）,340,支持,三人一致,B-多数裁决
ASGD-2027-0328,2b5bddcb1b585ec5,数量/时量补语候选,补语结构,国际中文教育中文水平等级标准·语法学习手册（初等）,351,支持,三人一致,B-多数裁决
ASGD-2027-0330,deaaee80fca1eccc,被字句候选,被动/受事凸显构式,国际中文教育中文水平等级标准·语法学习手册（高等）,126,支持,多数裁决,B-多数裁决
ASGD-2027-0336,b5a1630b8c342c14,时间状语候选,时间/处所功能结构,国际中文教育中文水平等级标准·语法学习手册（初等）,354,支持,多数裁决,C-标注者2裁决
ASGD-2027-0339,35a00167b4894dc3,被字句候选,被动/受事凸显构式,国际中文教育中文水平等级标准·语法学习手册（高等）,126,支持,三人一致,B-多数裁决
ASGD-2027-0340,bd31ebe0ef004aa3,把字句候选,处置/受事重组构式,国际中文教育中文水平等级标准·语法学习手册（中等）,337,部分支持,多数裁决,C-标注者2裁决
ASGD-2027-0341,d635616779b406fe,不如比较候选,比较构式,国际中文教育中文水平等级标准·语法学习手册（高等）,154,支持,多数裁决,C-标注者2裁决
ASGD-2027-0346,af41b6c2355243e5,在字介词框架候选,介词/框架结构,国际中文教育中文水平等级标准·语法学习手册（中等）,66,支持,三人一致,B-多数裁决
ASGD-2027-0353,3c0e44acf5f42429,双宾/给予结构候选,多谓词/论元结构,国际中文教育中文水平等级标准·语法学习手册（初等）,218,支持,三人一致,B-多数裁决
ASGD-2027-0354,03804f74e24696df,时间状语候选,时间/处所功能结构,国际中文教育中文水平等级标准·语法学习手册（初等）,247,支持,三人一致,B-多数裁决
ASGD-2027-0358,10e79a19e9ea7546,连动结构候选,多谓词/论元结构,国际中文教育中文水平等级标准·语法学习手册（高等）,113,部分支持,多数裁决,C-标注者2裁决
ASGD-2027-0359,49732e6a7242347c,双宾/给予结构候选,多谓词/论元结构,国际中文教育中文水平等级标准·语法学习手册（初等）,217,支持,三人一致,B-多数裁决
ASGD-2027-0361,70088a648ea66939,数量/时量补语候选,补语结构,国际中文教育中文水平等级标准·语法学习手册（初等）,351,支持,多数裁决,B-多数裁决
ASGD-2027-0363,3970421ff441ba6c,被字句候选,被动/受事凸显构式,国际中文教育中文水平等级标准·语法学习手册（中等）,83,支持,三人一致,B-多数裁决
ASGD-2027-0364,5cc5b69ddcbd8d35,得字补语候选,补语结构,国际中文教育中文水平等级标准·语法学习手册（中等）,60,不支持,无多数-标注者2裁决,C-标注者2裁决
ASGD-2027-0366,49dd5e87f271dfed,时间状语候选,时间/处所功能结构,国际中文教育中文水平等级标准·语法学习手册（中等）,82,支持,多数裁决,C-标注者2裁决
ASGD-2027-0368,64b746860c022674,如果...就候选,复句关联结构,国际中文教育中文水平等级标准·语法学习手册（高等）,72,支持,多数裁决,C-标注者2裁决
ASGD-2027-0370,c70c3f4e70595196,处所状语候选,时间/处所功能结构,国际中文教育中文水平等级标准·语法学习手册（初等）,19,部分支持,无多数-标注者2裁决,C-标注者2裁决
ASGD-2027-0371,fd079ca618b55df1,在字介词框架候选,介词/框架结构,国际中文教育中文水平等级标准·语法学习手册（高等）,18,支持,多数裁决,C-标注者2裁决
ASGD-2027-0373,0f95821041ce2ef5,趋向补语候选,补语结构,国际中文教育中文水平等级标准·语法学习手册（高等）,91,支持,三人一致,B-多数裁决
ASGD-2027-0374,5958bf6cc7a34f14,因为候选,复句关联结构,国际中文教育中文水平等级标准·语法学习手册（中等）,200,支持,多数裁决,B-多数裁决
ASGD-2027-0375,60f22396105e6b40,数量/时量补语候选,补语结构,国际中文教育中文水平等级标准·语法学习手册（初等）,270,支持,多数裁决,B-多数裁决
ASGD-2027-0379,1deb06fed1e29a27,没有比较候选,比较构式,国际中文教育中文水平等级标准·语法学习手册（中等）,86,不支持,三人一致,C-标注者2裁决
ASGD-2027-0380,8be4dc8ea738e9c4,被字句候选,被动/受事凸显构式,国际中文教育中文水平等级标准·语法学习手册（高等）,127,支持,三人一致,B-多数裁决
ASGD-2027-0386,41cfbba7433bd20d,处所状语候选,时间/处所功能结构,国际中文教育中文水平等级标准·语法学习手册（中等）,84,支持,三人一致,B-多数裁决
ASGD-2027-0389,6dc65c37dba6dcc3,趋向补语候选,补语结构,国际中文教育中文水平等级标准·语法学习手册（初等）,54,支持,多数裁决,B-多数裁决
ASGD-2027-0391,b67b075973fb4e91,在字介词框架候选,介词/框架结构,国际中文教育中文水平等级标准·语法学习手册（初等）,377,支持,三人一致,B-多数裁决
ASGD-2027-0392,7f134512e6166658,被字句候选,被动/受事凸显构式,国际中文教育中文水平等级标准·语法学习手册（初等）,358,支持,三人一致,B-多数裁决
ASGD-2027-0395,b5536ca7d71ee2ab,在字介词框架候选,介词/框架结构,国际中文教育中文水平等级标准·语法学习手册（中等）,313,支持,多数裁决,C-标注者2裁决
ASGD-2027-0400,5023e8e4da4af356,如果...就候选,复句关联结构,国际中文教育中文水平等级标准·语法学习手册（初等）,157,支持,多数裁决,C-标注者2裁决
ASGD-2027-0401,22e5a0ae48e9f119,处所状语候选,时间/处所功能结构,国际中文教育中文水平等级标准·语法学习手册（初等）,21,不支持,多数裁决,C-标注者2裁决
ASGD-2027-0403,b975a77598d2fa24,给/为/关于等介词框架候选,介词/框架结构,国际中文教育中文水平等级标准·语法学习手册（初等）,328,支持,三人一致,B-多数裁决
ASGD-2027-0404,a520021eca670dfc,把字句候选,处置/受事重组构式,国际中文教育中文水平等级标准·语法学习手册（高等）,212,支持,多数裁决,B-多数裁决
ASGD-2027-0406,58f6a75884860ac5,没有比较候选,比较构式,国际中文教育中文水平等级标准·语法学习手册（中等）,346,支持,多数裁决,B-多数裁决
ASGD-2027-0407,2378516e36a1d2d6,被字句候选,被动/受事凸显构式,国际中文教育中文水平等级标准·语法学习手册（中等）,350,支持,三人一致,B-多数裁决
ASGD-2027-0415,de7e26161bafcf90,数量/时量补语候选,补语结构,国际中文教育中文水平等级标准·语法学习手册（中等）,280,支持,多数裁决,C-标注者2裁决
ASGD-2027-0417,517e7f3e2ae12676,得字补语候选,补语结构,国际中文教育中文水平等级标准·语法学习手册（中等）,259,不支持,多数裁决,C-标注者2裁决
ASGD-2027-0418,c0d540e7360cdd42,被字句候选,被动/受事凸显构式,国际中文教育中文水平等级标准·语法学习手册（中等）,180,不支持,无多数-标注者2裁决,C-标注者2裁决
ASGD-2027-0422,f22e766a4cd26ff3,把字句候选,处置/受事重组构式,国际中文教育中文水平等级标准·语法学习手册（中等）,337,支持,三人一致,B-多数裁决
ASGD-2027-0425,afda4fc8b3751c6c,时间状语候选,时间/处所功能结构,国际中文教育中文水平等级标准·语法学习手册（高等）,192,支持,三人一致,B-多数裁决
ASGD-2027-0426,65c56d3c5b8afceb,比字比较候选,比较构式,国际中文教育中文水平等级标准·语法学习手册（初等）,139,支持,三人一致,B-多数裁决
ASGD-2027-0427,8d5cba9a43449c43,结果补语候选,补语结构,国际中文教育中文水平等级标准·语法学习手册（初等）,286,支持,三人一致,B-多数裁决
ASGD-2027-0433,0d4abc28bb3cec6b,时间状语候选,时间/处所功能结构,国际中文教育中文水平等级标准·语法学习手册（初等）,138,支持,三人一致,B-多数裁决
ASGD-2027-0438,75d830c7485ac8c2,因为...所以候选,复句关联结构,国际中文教育中文水平等级标准·语法学习手册（初等）,237,支持,多数裁决,C-标注者2裁决
ASGD-2027-0441,c454b0b1f78baa92,被字句候选,被动/受事凸显构式,国际中文教育中文水平等级标准·语法学习手册（中等）,83,支持,多数裁决,C-标注者2裁决
ASGD-2027-0445,28e6fbdd4b35afe8,被字句候选,被动/受事凸显构式,国际中文教育中文水平等级标准·语法学习手册（高等）,124,不支持,三人一致,C-标注者2裁决
ASGD-2027-0446,9f62ee52f7fcd686,既然候选,复句关联结构,国际中文教育中文水平等级标准·语法学习手册（中等）,188,支持,多数裁决,B-多数裁决
ASGD-2027-0447,1ac4d202a641b266,趋向补语候选,补语结构,国际中文教育中文水平等级标准·语法学习手册（中等）,21,支持,三人一致,B-多数裁决
ASGD-2027-0449,f249dec114699be5,没有比较候选,比较构式,国际中文教育中文水平等级标准·语法学习手册（高等）,134,不支持,三人一致,C-标注者2裁决
ASGD-2027-0450,376888435eab7ecb,处所状语候选,时间/处所功能结构,国际中文教育中文水平等级标准·语法学习手册（初等）,21,支持,多数裁决,B-多数裁决
ASGD-2027-0456,16c5bb4620609cab,结果补语候选,补语结构,国际中文教育中文水平等级标准·语法学习手册（中等）,335,支持,三人一致,B-多数裁决
ASGD-2027-0458,444c80d1b025c90f,给/为/关于等介词框架候选,介词/框架结构,国际中文教育中文水平等级标准·语法学习手册（初等）,382,支持,三人一致,B-多数裁决
ASGD-2027-0469,5746ad7dd6901078,不但...而且候选,复句关联结构,国际中文教育中文水平等级标准·语法学习手册（初等）,225,支持,多数裁决,C-标注者2裁决
ASGD-2027-0474,6debd3aa815093ce,时间状语候选,时间/处所功能结构,国际中文教育中文水平等级标准·语法学习手册（高等）,87,支持,三人一致,B-多数裁决
ASGD-2027-0476,76576e88ed7f1813,被字句候选,被动/受事凸显构式,国际中文教育中文水平等级标准·语法学习手册（中等）,369,支持,三人一致,B-多数裁决
ASGD-2027-0477,e9feba15fe55a6c4,连动结构候选,多谓词/论元结构,国际中文教育中文水平等级标准·语法学习手册（中等）,152,支持,三人一致,B-多数裁决
ASGD-2027-0481,955364dd87ae38eb,数量/时量补语候选,补语结构,国际中文教育中文水平等级标准·语法学习手册（初等）,54,支持,多数裁决,C-标注者2裁决
ASGD-2027-0485,4efd9470fd417647,被字句候选,被动/受事凸显构式,国际中文教育中文水平等级标准·语法学习手册（高等）,164,不支持,三人一致,C-标注者2裁决
ASGD-2027-0490,eacad24698482407,时间状语候选,时间/处所功能结构,国际中文教育中文水平等级标准·语法学习手册（中等）,357,支持,三人一致,B-多数裁决
ASGD-2027-0493,047b3ee457ea0219,被字句候选,被动/受事凸显构式,国际中文教育中文水平等级标准·语法学习手册（高等）,33,支持,三人一致,B-多数裁决
ASGD-2027-0495,1153950a4441e262,没有比较候选,比较构式,国际中文教育中文水平等级标准·语法学习手册（初等）,65,不支持,多数裁决,C-标注者2裁决
ASGD-2027-0496,d6bb53357be542f8,被字句候选,被动/受事凸显构式,国际中文教育中文水平等级标准·语法学习手册（初等）,359,不支持,无多数-标注者2裁决,C-标注者2裁决
ASGD-2027-0497,0288289d33d24674,对字介词框架候选,介词/框架结构,国际中文教育中文水平等级标准·语法学习手册（初等）,174,支持,三人一致,B-多数裁决
ASGD-2027-0501,bfc116d3500602d8,数量/时量补语候选,补语结构,国际中文教育中文水平等级标准·语法学习手册（初等）,69,支持,多数裁决,C-标注者2裁决
ASGD-2027-0502,60f568f2bdecc5c6,没有比较候选,比较构式,国际中文教育中文水平等级标准·语法学习手册（初等）,102,不支持,三人一致,C-标注者2裁决
ASGD-2027-0510,b9baf1495aee9ff3,把字句候选,处置/受事重组构式,国际中文教育中文水平等级标准·语法学习手册（中等）,105,不支持,多数裁决,C-标注者2裁决
ASGD-2027-0515,5c804706aa69aeb4,时间状语候选,时间/处所功能结构,国际中文教育中文水平等级标准·语法学习手册（初等）,277,支持,多数裁决,C-标注者2裁决
ASGD-2027-0516,22c7493e61e4f61f,向/往/朝介词框架候选,介词/框架结构,国际中文教育中文水平等级标准·语法学习手册（初等）,324,支持,三人一致,B-多数裁决
ASGD-2027-0517,5c7ebd1aff981270,比字比较候选,比较构式,国际中文教育中文水平等级标准·语法学习手册（中等）,130,不支持,三人一致,C-标注者2裁决
ASGD-2027-0521,44baccedfeb5b2bd,在字介词框架候选,介词/框架结构,国际中文教育中文水平等级标准·语法学习手册（高等）,124,支持,多数裁决,C-标注者2裁决
ASGD-2027-0529,e69327bc3b1efc9f,时间状语候选,时间/处所功能结构,国际中文教育中文水平等级标准·语法学习手册（高等）,199,支持,三人一致,B-多数裁决
ASGD-2027-0532,f35e185d5260fbf1,给/为/关于等介词框架候选,介词/框架结构,国际中文教育中文水平等级标准·语法学习手册（初等）,328,支持,三人一致,B-多数裁决
ASGD-2027-0535,8fb34064b36008ff,双宾/给予结构候选,多谓词/论元结构,国际中文教育中文水平等级标准·语法学习手册（高等）,201,支持,多数裁决,C-标注者2裁决
ASGD-2027-0540,3baaba4b241deaa2,把字句候选,处置/受事重组构式,国际中文教育中文水平等级标准·语法学习手册（中等）,340,支持,多数裁决,B-多数裁决
ASGD-2027-0542,062a9404b3d210c2,把字句候选,处置/受事重组构式,国际中文教育中文水平等级标准·语法学习手册（高等）,73,支持,三人一致,B-多数裁决
ASGD-2027-0545,a8fc11b62b1ff0ea,在字介词框架候选,介词/框架结构,国际中文教育中文水平等级标准·语法学习手册（中等）,318,支持,多数裁决,C-标注者2裁决
ASGD-2027-0546,71f407cf6de2b603,把字句候选,处置/受事重组构式,国际中文教育中文水平等级标准·语法学习手册（中等）,221,支持,三人一致,B-多数裁决
ASGD-2027-0548,7a47549bee185725,对字介词框架候选,介词/框架结构,国际中文教育中文水平等级标准·语法学习手册（中等）,349,不支持,多数裁决,C-标注者2裁决
ASGD-2027-0551,f9c9ebcd886189c9,把字句候选,处置/受事重组构式,国际中文教育中文水平等级标准·语法学习手册（中等）,223,支持,三人一致,B-多数裁决
ASGD-2027-0553,f03bf3f3d18689f0,在字介词框架候选,介词/框架结构,国际中文教育中文水平等级标准·语法学习手册（初等）,306,支持,多数裁决,C-标注者2裁决
ASGD-2027-0561,a673e57176851146,被字句候选,被动/受事凸显构式,国际中文教育中文水平等级标准·语法学习手册（中等）,83,部分支持,多数裁决,C-标注者2裁决
ASGD-2027-0563,003865efc1b5dd9f,被字句候选,被动/受事凸显构式,国际中文教育中文水平等级标准·语法学习手册（初等）,358,支持,三人一致,B-多数裁决
ASGD-2027-0569,5f1257caa2165d0b,把字句候选,处置/受事重组构式,国际中文教育中文水平等级标准·语法学习手册（中等）,244,支持,三人一致,B-多数裁决
ASGD-2027-0572,8446fe153c2f35c5,把字句候选,处置/受事重组构式,国际中文教育中文水平等级标准·语法学习手册（中等）,321,支持,三人一致,B-多数裁决
ASGD-2027-0576,390419b2bd9fb0d7,时间状语候选,时间/处所功能结构,国际中文教育中文水平等级标准·语法学习手册（初等）,244,支持,三人一致,B-多数裁决
ASGD-2027-0579,289a04db82614984,比字比较候选,比较构式,国际中文教育中文水平等级标准·语法学习手册（高等）,132,支持,多数裁决,C-标注者2裁决
ASGD-2027-0580,966837b640e47907,数量/时量补语候选,补语结构,国际中文教育中文水平等级标准·语法学习手册（初等）,221,支持,多数裁决,C-标注者2裁决
ASGD-2027-0581,7082d73144e9f59f,比字比较候选,比较构式,国际中文教育中文水平等级标准·语法学习手册（高等）,33,不支持,三人一致,C-标注者2裁决
ASGD-2027-0582,0e9f203588f8fea2,没有比较候选,比较构式,国际中文教育中文水平等级标准·语法学习手册（中等）,353,不支持,三人一致,C-标注者2裁决
ASGD-2027-0584,13f14a52be5da177,越...越候选,比较构式,国际中文教育中文水平等级标准·语法学习手册（中等）,296,部分支持,无多数-标注者2裁决,C-标注者2裁决
ASGD-2027-0586,39223b85a9080b56,如果候选,复句关联结构,国际中文教育中文水平等级标准·语法学习手册（初等）,233,支持,多数裁决,B-多数裁决
ASGD-2027-0590,89eb53537d963fbf,数量/时量补语候选,补语结构,国际中文教育中文水平等级标准·语法学习手册（中等）,153,支持,多数裁决,B-多数裁决
ASGD-2027-0591,f249dec114699be5,数量/时量补语候选,补语结构,国际中文教育中文水平等级标准·语法学习手册（高等）,134,支持,多数裁决,B-多数裁决
ASGD-2027-0592,7428bc14b2a9ac85,比字比较候选,比较构式,国际中文教育中文水平等级标准·语法学习手册（初等）,209,支持,三人一致,B-多数裁决
ASGD-2027-0594,37b7a37fadc75b72,从字介词框架候选,介词/框架结构,国际中文教育中文水平等级标准·语法学习手册（初等）,347,支持,多数裁决,C-标注者2裁决
ASGD-2027-0597,94203ac2d1916d17,把字句候选,处置/受事重组构式,国际中文教育中文水平等级标准·语法学习手册（中等）,340,支持,多数裁决,B-多数裁决
ASGD-2027-0598,56095b69d770047e,双宾/给予结构候选,多谓词/论元结构,国际中文教育中文水平等级标准·语法学习手册（中等）,261,支持,多数裁决,C-标注者2裁决
ASGD-2027-0599,801b7ea1965c7166,从字介词框架候选,介词/框架结构,国际中文教育中文水平等级标准·语法学习手册（初等）,281,支持,多数裁决,C-标注者2裁决
ASGD-2027-0606,29410ec47ce3d9a4,把字句候选,处置/受事重组构式,国际中文教育中文水平等级标准·语法学习手册（高等）,67,支持,三人一致,B-多数裁决
ASGD-2027-0607,9590a00e0669042c,得字补语候选,补语结构,国际中文教育中文水平等级标准·语法学习手册（高等）,122,支持,多数裁决,B-多数裁决
ASGD-2027-0614,1d2cc7a4fa29a77f,连动结构候选,多谓词/论元结构,国际中文教育中文水平等级标准·语法学习手册（初等）,279,支持,多数裁决,C-标注者2裁决
ASGD-2027-0615,e9a3fee94036b523,把字句候选,处置/受事重组构式,国际中文教育中文水平等级标准·语法学习手册（中等）,381,支持,多数裁决,B-多数裁决
ASGD-2027-0616,b34e32bfe1c9981c,比字比较候选,比较构式,国际中文教育中文水平等级标准·语法学习手册（高等）,131,支持,三人一致,B-多数裁决
ASGD-2027-0617,d316801da288e15a,因为候选,复句关联结构,国际中文教育中文水平等级标准·语法学习手册（中等）,267,部分支持,多数裁决,C-标注者2裁决
ASGD-2027-0620,5f1ef06aa04aac10,被字句候选,被动/受事凸显构式,国际中文教育中文水平等级标准·语法学习手册（高等）,213,支持,多数裁决,C-标注者2裁决
ASGD-2027-0627,273a71be81fcc196,如果候选,复句关联结构,国际中文教育中文水平等级标准·语法学习手册（中等）,120,支持,多数裁决,B-多数裁决
ASGD-2027-0628,e86a262cc197a15d,处所状语候选,时间/处所功能结构,国际中文教育中文水平等级标准·语法学习手册（中等）,86,支持,三人一致,B-多数裁决
ASGD-2027-0633,2c8efcd03552838c,既然候选,复句关联结构,国际中文教育中文水平等级标准·语法学习手册（中等）,109,支持,三人一致,B-多数裁决
ASGD-2027-0637,aff81ac8028a3dac,把字句候选,处置/受事重组构式,国际中文教育中文水平等级标准·语法学习手册（中等）,331,支持,三人一致,B-多数裁决
ASGD-2027-0639,e7af83e10a099e5e,比字比较候选,比较构式,国际中文教育中文水平等级标准·语法学习手册（高等）,74,支持,三人一致,B-多数裁决
ASGD-2027-0640,7da01937968ebf2e,把字句候选,处置/受事重组构式,国际中文教育中文水平等级标准·语法学习手册（中等）,231,部分支持,多数裁决,C-标注者2裁决
ASGD-2027-0641,df83bd1213d2676f,时间状语候选,时间/处所功能结构,国际中文教育中文水平等级标准·语法学习手册（初等）,280,支持,三人一致,B-多数裁决
ASGD-2027-0643,29d11266c5904e39,得字补语候选,补语结构,国际中文教育中文水平等级标准·语法学习手册（中等）,254,支持,多数裁决,B-多数裁决
ASGD-2027-0649,6c1db6049b89f3bd,时间状语候选,时间/处所功能结构,国际中文教育中文水平等级标准·语法学习手册（中等）,66,支持,三人一致,B-多数裁决
ASGD-2027-0650,4e6bfa5dd220f52c,把字句候选,处置/受事重组构式,国际中文教育中文水平等级标准·语法学习手册（高等）,62,支持,三人一致,B-多数裁决
ASGD-2027-0651,baacacbb73775f37,被字句候选,被动/受事凸显构式,国际中文教育中文水平等级标准·语法学习手册（中等）,83,支持,三人一致,B-多数裁决
ASGD-2027-0652,c40448af959e80e5,时间状语候选,时间/处所功能结构,国际中文教育中文水平等级标准·语法学习手册（高等）,64,支持,三人一致,B-多数裁决
ASGD-2027-0656,2b9c8c93cbfb0d66,给/为/关于等介词框架候选,介词/框架结构,国际中文教育中文水平等级标准·语法学习手册（高等）,13,支持,多数裁决,C-标注者2裁决
ASGD-2027-0660,6cb4b622fffa6875,被字句候选,被动/受事凸显构式,国际中文教育中文水平等级标准·语法学习手册（中等）,83,不支持,多数裁决,C-标注者2裁决
ASGD-2027-0661,9a4c49d3f35bd2d8,双宾/给予结构候选,多谓词/论元结构,国际中文教育中文水平等级标准·语法学习手册（中等）,357,支持,多数裁决,C-标注者2裁决
ASGD-2027-0662,2a12612b461675b0,所以候选,复句关联结构,国际中文教育中文水平等级标准·语法学习手册（高等）,212,支持,三人一致,B-多数裁决
ASGD-2027-0664,5a9de5478f3e8e09,没有比较候选,比较构式,国际中文教育中文水平等级标准·语法学习手册（中等）,228,不支持,三人一致,C-标注者2裁决
ASGD-2027-0670,8e3a3755776ab7e4,被字句候选,被动/受事凸显构式,国际中文教育中文水平等级标准·语法学习手册（初等）,328,不支持,无多数-标注者2裁决,C-标注者2裁决
ASGD-2027-0673,6eb40ec2e93daec4,得字补语候选,补语结构,国际中文教育中文水平等级标准·语法学习手册（初等）,135,支持,多数裁决,B-多数裁决
ASGD-2027-0681,f8afdf4e0ab47a4d,时间状语候选,时间/处所功能结构,国际中文教育中文水平等级标准·语法学习手册（高等）,95,支持,三人一致,B-多数裁决
ASGD-2027-0683,af1d3c24769d0f30,没有比较候选,比较构式,国际中文教育中文水平等级标准·语法学习手册（中等）,156,不支持,三人一致,C-标注者2裁决
ASGD-2027-0685,20e4dc0b65855f6d,把字句候选,处置/受事重组构式,国际中文教育中文水平等级标准·语法学习手册（中等）,244,支持,多数裁决,B-多数裁决
ASGD-2027-0686,a6f9498f627b1e1d,时间状语候选,时间/处所功能结构,国际中文教育中文水平等级标准·语法学习手册（初等）,230,支持,三人一致,B-多数裁决
ASGD-2027-0687,5f25f2c5bc982b65,在字介词框架候选,介词/框架结构,国际中文教育中文水平等级标准·语法学习手册（初等）,97,支持,三人一致,B-多数裁决
ASGD-2027-0689,e339b590d6968604,因为候选,复句关联结构,国际中文教育中文水平等级标准·语法学习手册（初等）,237,支持,多数裁决,B-多数裁决
ASGD-2027-0691,d2d7c9ca0f02d193,没有比较候选,比较构式,国际中文教育中文水平等级标准·语法学习手册（中等）,245,不支持,多数裁决,C-标注者2裁决
ASGD-2027-0692,728d0b74cc770096,兼语结构候选,多谓词/论元结构,国际中文教育中文水平等级标准·语法学习手册（高等）,53,支持,三人一致,B-多数裁决
ASGD-2027-0693,10f64bd2f8093f26,把字句候选,处置/受事重组构式,国际中文教育中文水平等级标准·语法学习手册（初等）,356,部分支持,多数裁决,C-标注者2裁决
ASGD-2027-0696,8aeb2d4ee72ed748,被字句候选,被动/受事凸显构式,国际中文教育中文水平等级标准·语法学习手册（中等）,83,支持,三人一致,B-多数裁决
ASGD-2027-0698,17189dcb263c90aa,连动结构候选,多谓词/论元结构,国际中文教育中文水平等级标准·语法学习手册（初等）,361,支持,多数裁决,C-标注者2裁决
ASGD-2027-0701,09f16c0c219e5a58,没有比较候选,比较构式,国际中文教育中文水平等级标准·语法学习手册（初等）,228,不支持,三人一致,C-标注者2裁决
ASGD-2027-0702,3edb3a97cdd8751e,对字介词框架候选,介词/框架结构,国际中文教育中文水平等级标准·语法学习手册（中等）,133,支持,三人一致,B-多数裁决
ASGD-2027-0703,47076a67c72b5fc4,被字句候选,被动/受事凸显构式,国际中文教育中文水平等级标准·语法学习手册（高等）,67,支持,三人一致,B-多数裁决
ASGD-2027-0706,dbccd28628746ab7,所以候选,复句关联结构,国际中文教育中文水平等级标准·语法学习手册（中等）,184,支持,三人一致,B-多数裁决
ASGD-2027-0710,95779c9045be5085,在字介词框架候选,介词/框架结构,国际中文教育中文水平等级标准·语法学习手册（初等）,202,支持,多数裁决,C-标注者2裁决
ASGD-2027-0712,2f85efcf05a2a32b,双宾/给予结构候选,多谓词/论元结构,国际中文教育中文水平等级标准·语法学习手册（中等）,300,支持,多数裁决,C-标注者2裁决
ASGD-2027-0715,eae3c63da0bfe130,把字句候选,处置/受事重组构式,国际中文教育中文水平等级标准·语法学习手册（中等）,223,支持,三人一致,B-多数裁决
ASGD-2027-0717,abc9aab740dc8dda,没有比较候选,比较构式,国际中文教育中文水平等级标准·语法学习手册（中等）,29,不支持,三人一致,C-标注者2裁决
ASGD-2027-0720,100e9146efff6ddf,被字句候选,被动/受事凸显构式,国际中文教育中文水平等级标准·语法学习手册（高等）,125,支持,多数裁决,C-标注者2裁决
ASGD-2027-0721,608880805353ed90,时间状语候选,时间/处所功能结构,国际中文教育中文水平等级标准·语法学习手册（高等）,129,支持,多数裁决,C-标注者2裁决
ASGD-2027-0722,504a0f68ed130ea5,时间状语候选,时间/处所功能结构,国际中文教育中文水平等级标准·语法学习手册（中等）,155,支持,三人一致,B-多数裁决
ASGD-2027-0723,02ac99b167afd37b,没有比较候选,比较构式,国际中文教育中文水平等级标准·语法学习手册（中等）,109,不支持,三人一致,C-标注者2裁决
ASGD-2027-0724,f2920b838592e58a,把字句候选,处置/受事重组构式,国际中文教育中文水平等级标准·语法学习手册（中等）,115,支持,三人一致,B-多数裁决
ASGD-2027-0725,c68eebf74f1a4ccb,在字介词框架候选,介词/框架结构,国际中文教育中文水平等级标准·语法学习手册（高等）,202,支持,三人一致,B-多数裁决
ASGD-2027-0726,dfab6114d9f2e822,得字补语候选,补语结构,国际中文教育中文水平等级标准·语法学习手册（高等）,38,不支持,多数裁决,C-标注者2裁决
ASGD-2027-0735,9b12dddd6c14c0e4,被字句候选,被动/受事凸显构式,国际中文教育中文水平等级标准·语法学习手册（初等）,358,支持,三人一致,B-多数裁决
ASGD-2027-0736,54865bf6ca922181,被字句候选,被动/受事凸显构式,国际中文教育中文水平等级标准·语法学习手册（高等）,206,支持,多数裁决,B-多数裁决
ASGD-2027-0751,959f33a2d877a077,没有比较候选,比较构式,国际中文教育中文水平等级标准·语法学习手册（高等）,77,不支持,三人一致,C-标注者2裁决
ASGD-2027-0756,5dce6c1bbb6912a5,时间状语候选,时间/处所功能结构,国际中文教育中文水平等级标准·语法学习手册（高等）,11,支持,三人一致,B-多数裁决
ASGD-2027-0760,dcb364756183b96d,给/为/关于等介词框架候选,介词/框架结构,国际中文教育中文水平等级标准·语法学习手册（初等）,391,支持,多数裁决,C-标注者2裁决
ASGD-2027-0765,9f9750acfbcace0f,比字比较候选,比较构式,国际中文教育中文水平等级标准·语法学习手册（高等）,132,支持,三人一致,B-多数裁决
ASGD-2027-0772,e11c4dfc70b589fa,处所状语候选,时间/处所功能结构,国际中文教育中文水平等级标准·语法学习手册（初等）,21,支持,三人一致,B-多数裁决
ASGD-2027-0774,c9c07cbb7f38e9ea,处所状语候选,时间/处所功能结构,国际中文教育中文水平等级标准·语法学习手册（中等）,292,部分支持,无多数-标注者2裁决,C-标注者2裁决
ASGD-2027-0780,4d9a2a695fc43314,向/往/朝介词框架候选,介词/框架结构,国际中文教育中文水平等级标准·语法学习手册（初等）,172,支持,三人一致,B-多数裁决
ASGD-2027-0781,196374df421c8fb5,从字介词框架候选,介词/框架结构,国际中文教育中文水平等级标准·语法学习手册（初等）,281,支持,多数裁决,C-标注者2裁决
ASGD-2027-0782,33573841a7a9663d,给/为/关于等介词框架候选,介词/框架结构,国际中文教育中文水平等级标准·语法学习手册（初等）,323,支持,三人一致,B-多数裁决
ASGD-2027-0785,202a1b54ccc9434b,数量/时量补语候选,补语结构,国际中文教育中文水平等级标准·语法学习手册（初等）,121,支持,多数裁决,B-多数裁决
ASGD-2027-0789,cd9521ae14a144ac,给/为/关于等介词框架候选,介词/框架结构,国际中文教育中文水平等级标准·语法学习手册（高等）,106,不支持,多数裁决,C-标注者2裁决
ASGD-2027-0791,9ddbe73dc6807946,双宾/给予结构候选,多谓词/论元结构,国际中文教育中文水平等级标准·语法学习手册（中等）,225,支持,多数裁决,C-标注者2裁决
ASGD-2027-0792,3c97e688142dddd3,得字补语候选,补语结构,国际中文教育中文水平等级标准·语法学习手册（中等）,210,支持,多数裁决,B-多数裁决
ASGD-2027-0795,f47432c037f1c31e,处所状语候选,时间/处所功能结构,国际中文教育中文水平等级标准·语法学习手册（中等）,57,不支持,多数裁决,C-标注者2裁决
ASGD-2027-0796,e13928cecb5cd99d,数量/时量补语候选,补语结构,国际中文教育中文水平等级标准·语法学习手册（初等）,280,支持,多数裁决,B-多数裁决
ASGD-2027-0804,4ec6e23ac08eb8e7,处所状语候选,时间/处所功能结构,国际中文教育中文水平等级标准·语法学习手册（中等）,265,部分支持,无多数-标注者2裁决,C-标注者2裁决
ASGD-2027-0809,b46744a82dfbf169,没有比较候选,比较构式,国际中文教育中文水平等级标准·语法学习手册（中等）,223,不支持,三人一致,C-标注者2裁决
ASGD-2027-0810,2f88c9abbb280152,给/为/关于等介词框架候选,介词/框架结构,国际中文教育中文水平等级标准·语法学习手册（高等）,65,支持,三人一致,B-多数裁决
ASGD-2027-0813,0ccf91a78b623479,把字句候选,处置/受事重组构式,国际中文教育中文水平等级标准·语法学习手册（初等）,358,支持,三人一致,B-多数裁决
ASGD-2027-0815,a2357ae8709e1b53,时间状语候选,时间/处所功能结构,国际中文教育中文水平等级标准·语法学习手册（中等）,113,支持,三人一致,B-多数裁决
ASGD-2027-0816,c49c6cbd97944c16,可能补语候选,补语结构,国际中文教育中文水平等级标准·语法学习手册（中等）,60,支持,三人一致,B-多数裁决
ASGD-2027-0817,5f8c404d7824556a,把字句候选,处置/受事重组构式,国际中文教育中文水平等级标准·语法学习手册（初等）,370,支持,多数裁决,B-多数裁决
ASGD-2027-0819,59e44fa7123b5538,被字句候选,被动/受事凸显构式,国际中文教育中文水平等级标准·语法学习手册（中等）,214,支持,多数裁决,B-多数裁决
ASGD-2027-0820,84828bcda0308766,被字句候选,被动/受事凸显构式,国际中文教育中文水平等级标准·语法学习手册（中等）,225,不支持,多数裁决,C-标注者2裁决
ASGD-2027-0824,7943c35f48dbf26d,比字比较候选,比较构式,国际中文教育中文水平等级标准·语法学习手册（初等）,204,支持,三人一致,B-多数裁决
ASGD-2027-0827,0e90f99b3a6dc9b6,数量/时量补语候选,补语结构,国际中文教育中文水平等级标准·语法学习手册（中等）,34,支持,多数裁决,B-多数裁决
ASGD-2027-0828,f739a5c3dfa3717d,比字比较候选,比较构式,国际中文教育中文水平等级标准·语法学习手册（初等）,210,支持,三人一致,B-多数裁决
ASGD-2027-0829,67c7e34af92d8fa6,双宾/给予结构候选,多谓词/论元结构,国际中文教育中文水平等级标准·语法学习手册（初等）,166,支持,多数裁决,C-标注者2裁决
ASGD-2027-0833,c4e818406a9b1627,没有比较候选,比较构式,国际中文教育中文水平等级标准·语法学习手册（中等）,227,不支持,三人一致,C-标注者2裁决
ASGD-2027-0835,e4c51aee3bc591ec,把字句候选,处置/受事重组构式,国际中文教育中文水平等级标准·语法学习手册（中等）,218,支持,多数裁决,B-多数裁决
ASGD-2027-0837,147646c58ded46ed,双宾/给予结构候选,多谓词/论元结构,国际中文教育中文水平等级标准·语法学习手册（初等）,227,不支持,多数裁决,C-标注者2裁决
ASGD-2027-0840,5ffa68ced402b45a,被字句候选,被动/受事凸显构式,国际中文教育中文水平等级标准·语法学习手册（中等）,223,不支持,多数裁决,C-标注者2裁决
ASGD-2027-0844,296a31d2dda764a1,时间状语候选,时间/处所功能结构,国际中文教育中文水平等级标准·语法学习手册（中等）,82,支持,多数裁决,C-标注者2裁决
ASGD-2027-0845,ff3ddaccf052427c,时间状语候选,时间/处所功能结构,国际中文教育中文水平等级标准·语法学习手册（中等）,335,支持,三人一致,B-多数裁决
ASGD-2027-0847,680a028dcab6e65e,时间状语候选,时间/处所功能结构,国际中文教育中文水平等级标准·语法学习手册（中等）,14,支持,多数裁决,C-标注者2裁决
ASGD-2027-0848,89d2661c31446e84,把字句候选,处置/受事重组构式,国际中文教育中文水平等级标准·语法学习手册（中等）,82,支持,三人一致,B-多数裁决
ASGD-2027-0849,ea04ecbccd54e061,双宾/给予结构候选,多谓词/论元结构,国际中文教育中文水平等级标准·语法学习手册（初等）,339,支持,多数裁决,C-标注者2裁决
ASGD-2027-0852,a2128974e826ed9b,双宾/给予结构候选,多谓词/论元结构,国际中文教育中文水平等级标准·语法学习手册（高等）,144,支持,多数裁决,C-标注者2裁决
ASGD-2027-0854,136e19b1e906f959,数量/时量补语候选,补语结构,国际中文教育中文水平等级标准·语法学习手册（初等）,353,支持,多数裁决,B-多数裁决
ASGD-2027-0855,17fcb43689d2f348,处所状语候选,时间/处所功能结构,国际中文教育中文水平等级标准·语法学习手册（中等）,330,不支持,多数裁决,C-标注者2裁决
ASGD-2027-0859,6ea4513481922f79,被字句候选,被动/受事凸显构式,国际中文教育中文水平等级标准·语法学习手册（高等）,33,支持,多数裁决,B-多数裁决
ASGD-2027-0864,5fe81c84f8f5a274,结果补语候选,补语结构,国际中文教育中文水平等级标准·语法学习手册（初等）,314,支持,三人一致,B-多数裁决
ASGD-2027-0870,28b0316e1df8ebd1,在字介词框架候选,介词/框架结构,国际中文教育中文水平等级标准·语法学习手册（中等）,242,支持,三人一致,B-多数裁决
ASGD-2027-0871,e3aa53deaaf7efc4,被字句候选,被动/受事凸显构式,国际中文教育中文水平等级标准·语法学习手册（高等）,76,不支持,三人一致,C-标注者2裁决
ASGD-2027-0878,0144ce5719b1512e,被字句候选,被动/受事凸显构式,国际中文教育中文水平等级标准·语法学习手册（高等）,81,不支持,无多数-标注者2裁决,C-标注者2裁决
ASGD-2027-0883,c76bb1be5586c4a2,双宾/给予结构候选,多谓词/论元结构,国际中文教育中文水平等级标准·语法学习手册（高等）,48,支持,三人一致,B-多数裁决
ASGD-2027-0886,b7cc95edff44fc35,连动结构候选,多谓词/论元结构,国际中文教育中文水平等级标准·语法学习手册（初等）,208,支持,多数裁决,C-标注者2裁决
ASGD-2027-0887,ca4929288b2aa37a,时间状语候选,时间/处所功能结构,国际中文教育中文水平等级标准·语法学习手册（中等）,270,支持,三人一致,B-多数裁决
ASGD-2027-0890,824d0a6fe913e048,但是候选,复句关联结构,国际中文教育中文水平等级标准·语法学习手册（初等）,178,支持,三人一致,B-多数裁决
ASGD-2027-0891,e7f591519572a5c3,双宾/给予结构候选,多谓词/论元结构,国际中文教育中文水平等级标准·语法学习手册（高等）,36,不支持,多数裁决,C-标注者2裁决
ASGD-2027-0897,2639f76c23528ce2,没有比较候选,比较构式,国际中文教育中文水平等级标准·语法学习手册（中等）,220,不支持,三人一致,C-标注者2裁决
ASGD-2027-0898,d405d5b492da1733,数量/时量补语候选,补语结构,国际中文教育中文水平等级标准·语法学习手册（高等）,41,支持,多数裁决,B-多数裁决
ASGD-2027-0901,473d35ec59c2d4af,给/为/关于等介词框架候选,介词/框架结构,国际中文教育中文水平等级标准·语法学习手册（初等）,175,支持,三人一致,B-多数裁决
ASGD-2027-0903,ba18ea560213c23a,双宾/给予结构候选,多谓词/论元结构,国际中文教育中文水平等级标准·语法学习手册（初等）,61,支持,多数裁决,C-标注者2裁决
ASGD-2027-0907,6818133098e8ed75,没有比较候选,比较构式,国际中文教育中文水平等级标准·语法学习手册（高等）,102,不支持,三人一致,C-标注者2裁决
ASGD-2027-0912,519dbf7f92a70744,双宾/给予结构候选,多谓词/论元结构,国际中文教育中文水平等级标准·语法学习手册（高等）,26,支持,多数裁决,C-标注者2裁决
ASGD-2027-0918,c74709625770f1c6,时间状语候选,时间/处所功能结构,国际中文教育中文水平等级标准·语法学习手册（高等）,114,支持,三人一致,B-多数裁决
ASGD-2027-0923,b35ec9d1564dc323,在字介词框架候选,介词/框架结构,国际中文教育中文水平等级标准·语法学习手册（高等）,202,支持,三人一致,B-多数裁决
ASGD-2027-0925,51b78c00a2101200,给/为/关于等介词框架候选,介词/框架结构,国际中文教育中文水平等级标准·语法学习手册（初等）,330,支持,多数裁决,C-标注者2裁决
ASGD-2027-0926,3694fde8010ba41c,处所状语候选,时间/处所功能结构,国际中文教育中文水平等级标准·语法学习手册（初等）,40,不支持,多数裁决,C-标注者2裁决
ASGD-2027-0929,7baec78853a81997,把字句候选,处置/受事重组构式,国际中文教育中文水平等级标准·语法学习手册（高等）,153,支持,三人一致,B-多数裁决
ASGD-2027-0932,410290bfc65fef40,得字补语候选,补语结构,国际中文教育中文水平等级标准·语法学习手册（初等）,367,支持,多数裁决,B-多数裁决
ASGD-2027-0935,9c102f97f4e87135,双宾/给予结构候选,多谓词/论元结构,国际中文教育中文水平等级标准·语法学习手册（初等）,72,不支持,多数裁决,C-标注者2裁决
ASGD-2027-0936,5dc865dabb30a8d8,比字比较候选,比较构式,国际中文教育中文水平等级标准·语法学习手册（初等）,364,支持,三人一致,B-多数裁决
ASGD-2027-0940,71ad7790c8bbf648,得字补语候选,补语结构,国际中文教育中文水平等级标准·语法学习手册（高等）,39,不支持,多数裁决,C-标注者2裁决
ASGD-2027-0943,5786cdd6706c4068,比字比较候选,比较构式,国际中文教育中文水平等级标准·语法学习手册（中等）,44,不支持,三人一致,C-标注者2裁决
ASGD-2027-0944,3d6398bac06ee346,得字补语候选,补语结构,国际中文教育中文水平等级标准·语法学习手册（中等）,206,不支持,无多数-标注者2裁决,C-标注者2裁决
ASGD-2027-0948,d17b4b00cba16953,数量/时量补语候选,补语结构,国际中文教育中文水平等级标准·语法学习手册（高等）,50,支持,多数裁决,B-多数裁决
ASGD-2027-0949,4682e7bf4df99dca,虽然...但是候选,复句关联结构,国际中文教育中文水平等级标准·语法学习手册（中等）,29,部分支持,多数裁决,C-标注者2裁决
ASGD-2027-0952,84220696f36d2a2a,被字句候选,被动/受事凸显构式,国际中文教育中文水平等级标准·语法学习手册（高等）,156,不支持,多数裁决,C-标注者2裁决
ASGD-2027-0954,244f863f047566aa,得字补语候选,补语结构,国际中文教育中文水平等级标准·语法学习手册（中等）,212,不支持,无多数-标注者2裁决,C-标注者2裁决
ASGD-2027-0956,b92cac2c13cf493f,双宾/给予结构候选,多谓词/论元结构,国际中文教育中文水平等级标准·语法学习手册（初等）,324,支持,三人一致,B-多数裁决
ASGD-2027-0957,160600fed4297919,连动结构候选,多谓词/论元结构,国际中文教育中文水平等级标准·语法学习手册（初等）,232,部分支持,多数裁决,C-标注者2裁决
ASGD-2027-0958,32204dc0542aa469,把字句候选,处置/受事重组构式,国际中文教育中文水平等级标准·语法学习手册（中等）,219,支持,多数裁决,B-多数裁决
ASGD-2027-0961,ef7e8f571ccf1f20,即使候选,复句关联结构,国际中文教育中文水平等级标准·语法学习手册（高等）,140,支持,三人一致,B-多数裁决
ASGD-2027-0962,19f76fb61c6a8953,处所状语候选,时间/处所功能结构,国际中文教育中文水平等级标准·语法学习手册（初等）,31,支持,多数裁决,C-标注者2裁决
ASGD-2027-0963,5dda5c7a77098649,如果...就候选,复句关联结构,国际中文教育中文水平等级标准·语法学习手册（初等）,187,支持,多数裁决,C-标注者2裁决
ASGD-2027-0964,24f7fdf1512e824a,连动结构候选,多谓词/论元结构,国际中文教育中文水平等级标准·语法学习手册（中等）,232,部分支持,多数裁决,C-标注者2裁决
ASGD-2027-0970,abb2a845c21f0c2f,没有比较候选,比较构式,国际中文教育中文水平等级标准·语法学习手册（初等）,65,不支持,三人一致,C-标注者2裁决
ASGD-2027-0973,e8843da8de537e91,双宾/给予结构候选,多谓词/论元结构,国际中文教育中文水平等级标准·语法学习手册（初等）,61,支持,多数裁决,C-标注者2裁决
ASGD-2027-0974,d9edf24a0f5a9f70,被字句候选,被动/受事凸显构式,国际中文教育中文水平等级标准·语法学习手册（中等）,196,支持,多数裁决,B-多数裁决
ASGD-2027-0977,f6a61509020854a3,双宾/给予结构候选,多谓词/论元结构,国际中文教育中文水平等级标准·语法学习手册（高等）,59,支持,多数裁决,C-标注者2裁决
ASGD-2027-0979,7d509eaf96f7fe5a,没有比较候选,比较构式,国际中文教育中文水平等级标准·语法学习手册（初等）,65,不支持,三人一致,C-标注者2裁决
ASGD-2027-0980,050dd20b14eb8614,在字介词框架候选,介词/框架结构,国际中文教育中文水平等级标准·语法学习手册（中等）,59,支持,多数裁决,C-标注者2裁决
ASGD-2027-0982,06b7780612169cf4,数量/时量补语候选,补语结构,国际中文教育中文水平等级标准·语法学习手册（初等）,202,支持,多数裁决,B-多数裁决
ASGD-2027-0983,99ed4e58ad9bd5da,双宾/给予结构候选,多谓词/论元结构,国际中文教育中文水平等级标准·语法学习手册（中等）,346,支持,多数裁决,C-标注者2裁决
ASGD-2027-0988,f19d2a61826c5335,被字句候选,被动/受事凸显构式,国际中文教育中文水平等级标准·语法学习手册（初等）,358,支持,三人一致,B-多数裁决
ASGD-2027-0994,210de43e2756fe2f,向/往/朝介词框架候选,介词/框架结构,国际中文教育中文水平等级标准·语法学习手册（高等）,214,支持,多数裁决,C-标注者2裁决
ASGD-2027-0995,32a42dc319d7ec96,得字补语候选,补语结构,国际中文教育中文水平等级标准·语法学习手册（高等）,34,不支持,多数裁决,C-标注者2裁决
ASGD-2027-0999,f455b0971dbd843b,给/为/关于等介词框架候选,介词/框架结构,国际中文教育中文水平等级标准·语法学习手册（高等）,13,支持,多数裁决,C-标注者2裁决
ASGD-2027-1000,ce70fe98758e0cda,得字补语候选,补语结构,国际中文教育中文水平等级标准·语法学习手册（高等）,122,支持,多数裁决,B-多数裁决
ASGD-2027-1006,c7ca611228baa80f,没有比较候选,比较构式,国际中文教育中文水平等级标准·语法学习手册（初等）,303,不支持,三人一致,C-标注者2裁决
ASGD-2027-1013,833c50b533b43384,在字介词框架候选,介词/框架结构,国际中文教育中文水平等级标准·语法学习手册（高等）,202,支持,三人一致,B-多数裁决
ASGD-2027-1014,18ec943fe09428c7,结果补语候选,补语结构,国际中文教育中文水平等级标准·语法学习手册（初等）,199,支持,三人一致,B-多数裁决
ASGD-2027-1016,ea39ca9eb0327eb3,如果...就候选,复句关联结构,国际中文教育中文水平等级标准·语法学习手册（初等）,157,支持,多数裁决,C-标注者2裁决
ASGD-2027-1020,b055ac7c3a3d1e3d,把字句候选,处置/受事重组构式,国际中文教育中文水平等级标准·语法学习手册（中等）,79,支持,多数裁决,B-多数裁决
ASGD-2027-1024,a444847731cb2448,双宾/给予结构候选,多谓词/论元结构,国际中文教育中文水平等级标准·语法学习手册（中等）,362,支持,多数裁决,C-标注者2裁决
ASGD-2027-1027,d1429bd59c5b8aca,被字句候选,被动/受事凸显构式,国际中文教育中文水平等级标准·语法学习手册（中等）,383,支持,三人一致,B-多数裁决
ASGD-2027-1033,a84797e7250ae1ab,处所状语候选,时间/处所功能结构,国际中文教育中文水平等级标准·语法学习手册（初等）,66,支持,三人一致,B-多数裁决
ASGD-2027-1037,42c1bc3616b78d0d,只要候选,复句关联结构,国际中文教育中文水平等级标准·语法学习手册（高等）,23,支持,三人一致,B-多数裁决
ASGD-2027-1038,1e21962c489ec67f,将字处置候选,处置/受事重组构式,国际中文教育中文水平等级标准·语法学习手册（中等）,176,支持,三人一致,B-多数裁决
ASGD-2027-1039,060e9b6d518a7ebe,得字补语候选,补语结构,国际中文教育中文水平等级标准·语法学习手册（高等）,55,不支持,无多数-标注者2裁决,C-标注者2裁决
ASGD-2027-1041,c76040253db248ab,处所状语候选,时间/处所功能结构,国际中文教育中文水平等级标准·语法学习手册（初等）,66,不支持,多数裁决,C-标注者2裁决
ASGD-2027-1042,b74c4c0030d13404,被字句候选,被动/受事凸显构式,国际中文教育中文水平等级标准·语法学习手册（高等）,126,支持,多数裁决,B-多数裁决
ASGD-2027-1045,9f1ef2f7c1d93293,被字句候选,被动/受事凸显构式,国际中文教育中文水平等级标准·语法学习手册（中等）,341,支持,三人一致,B-多数裁决
ASGD-2027-1055,17b4e95d8e0ddf1d,数量/时量补语候选,补语结构,国际中文教育中文水平等级标准·语法学习手册（初等）,243,不支持,无多数-标注者2裁决,C-标注者2裁决
ASGD-2027-1059,9bab4478140021ad,得字补语候选,补语结构,国际中文教育中文水平等级标准·语法学习手册（初等）,272,不支持,多数裁决,C-标注者2裁决
ASGD-2027-1060,7b370d36d1f1a108,结果补语候选,补语结构,国际中文教育中文水平等级标准·语法学习手册（初等）,288,支持,三人一致,B-多数裁决
ASGD-2027-1072,b4f70edcfbbefe23,把字句候选,处置/受事重组构式,国际中文教育中文水平等级标准·语法学习手册（中等）,21,支持,三人一致,B-多数裁决
ASGD-2027-1074,391ea90c9a5644a3,比字比较候选,比较构式,国际中文教育中文水平等级标准·语法学习手册（初等）,96,支持,三人一致,B-多数裁决
ASGD-2027-1078,b5559c5cd608c2aa,双宾/给予结构候选,多谓词/论元结构,国际中文教育中文水平等级标准·语法学习手册（中等）,250,支持,多数裁决,C-标注者2裁决
ASGD-2027-1083,1227632ef2d19e10,不但...而且候选,复句关联结构,国际中文教育中文水平等级标准·语法学习手册（初等）,225,支持,三人一致,B-多数裁决
ASGD-2027-1085,713bf983463689d0,把字句候选,处置/受事重组构式,国际中文教育中文水平等级标准·语法学习手册（高等）,23,支持,三人一致,B-多数裁决
ASGD-2027-1089,202eebe94cb28b87,数量/时量补语候选,补语结构,国际中文教育中文水平等级标准·语法学习手册（初等）,354,支持,多数裁决,B-多数裁决
ASGD-2027-1094,492d6e8ae3b3766d,给/为/关于等介词框架候选,介词/框架结构,国际中文教育中文水平等级标准·语法学习手册（初等）,122,不支持,多数裁决,C-标注者2裁决
ASGD-2027-1097,ddd22a1fe79399a6,在字介词框架候选,介词/框架结构,国际中文教育中文水平等级标准·语法学习手册（中等）,208,支持,多数裁决,C-标注者2裁决
ASGD-2027-1100,c29450d33f4e0331,时间状语候选,时间/处所功能结构,国际中文教育中文水平等级标准·语法学习手册（高等）,62,支持,多数裁决,C-标注者2裁决
ASGD-2027-1103,fd75d8b2a6f1d067,被字句候选,被动/受事凸显构式,国际中文教育中文水平等级标准·语法学习手册（高等）,108,不支持,无多数-标注者2裁决,C-标注者2裁决
ASGD-2027-1106,95a39b036ee4c596,把字句候选,处置/受事重组构式,国际中文教育中文水平等级标准·语法学习手册（中等）,370,支持,多数裁决,C-标注者2裁决
ASGD-2027-1112,d218953f0cc61635,在字介词框架候选,介词/框架结构,国际中文教育中文水平等级标准·语法学习手册（高等）,134,支持,多数裁决,C-标注者2裁决
ASGD-2027-1113,0a51cb1550db62c9,被字句候选,被动/受事凸显构式,国际中文教育中文水平等级标准·语法学习手册（中等）,350,支持,三人一致,B-多数裁决
ASGD-2027-1115,3a9104aa29252c57,得字补语候选,补语结构,国际中文教育中文水平等级标准·语法学习手册（高等）,29,不支持,无多数-标注者2裁决,C-标注者2裁决
ASGD-2027-1120,c3938daaf77551f2,处所状语候选,时间/处所功能结构,国际中文教育中文水平等级标准·语法学习手册（中等）,381,支持,多数裁决,C-标注者2裁决
ASGD-2027-1123,1783a81fe3052707,如果...就候选,复句关联结构,国际中文教育中文水平等级标准·语法学习手册（初等）,233,支持,多数裁决,C-标注者2裁决
ASGD-2027-1126,64198860d730707d,在字介词框架候选,介词/框架结构,国际中文教育中文水平等级标准·语法学习手册（中等）,350,支持,多数裁决,C-标注者2裁决
ASGD-2027-1131,9f18fc731f0f771f,在字介词框架候选,介词/框架结构,国际中文教育中文水平等级标准·语法学习手册（初等）,80,支持,多数裁决,C-标注者2裁决
ASGD-2027-1132,7b5e2d0234b9ca14,被字句候选,被动/受事凸显构式,国际中文教育中文水平等级标准·语法学习手册（高等）,125,支持,多数裁决,B-多数裁决
ASGD-2027-1133,83ac3907ca40bf09,被字句候选,被动/受事凸显构式,国际中文教育中文水平等级标准·语法学习手册（中等）,341,支持,多数裁决,C-标注者2裁决
ASGD-2027-1138,2682e50f8d6de9fa,在字介词框架候选,介词/框架结构,国际中文教育中文水平等级标准·语法学习手册（高等）,153,支持,多数裁决,C-标注者2裁决
ASGD-2027-1142,4a4c736bb00ac402,数量/时量补语候选,补语结构,国际中文教育中文水平等级标准·语法学习手册（初等）,318,支持,多数裁决,B-多数裁决
ASGD-2027-1147,afe92229d3411b67,处所状语候选,时间/处所功能结构,国际中文教育中文水平等级标准·语法学习手册（初等）,42,不支持,多数裁决,C-标注者2裁决
ASGD-2027-1150,2659b4a8bf8fb7a8,时间状语候选,时间/处所功能结构,国际中文教育中文水平等级标准·语法学习手册（高等）,11,支持,三人一致,B-多数裁决
ASGD-2027-1152,672e56a27a2a78ce,被字句候选,被动/受事凸显构式,国际中文教育中文水平等级标准·语法学习手册（高等）,22,不支持,无多数-标注者2裁决,C-标注者2裁决
ASGD-2027-1153,ec119e7e0df55b39,双宾/给予结构候选,多谓词/论元结构,国际中文教育中文水平等级标准·语法学习手册（中等）,114,支持,多数裁决,C-标注者2裁决
ASGD-2027-1155,858be0bd1e903fc3,在字介词框架候选,介词/框架结构,国际中文教育中文水平等级标准·语法学习手册（中等）,72,支持,多数裁决,C-标注者2裁决
ASGD-2027-1156,d08d2485acd10cb5,双宾/给予结构候选,多谓词/论元结构,国际中文教育中文水平等级标准·语法学习手册（高等）,64,支持,三人一致,B-多数裁决
ASGD-2027-1158,ce591da6ca8780b6,连动结构候选,多谓词/论元结构,国际中文教育中文水平等级标准·语法学习手册（初等）,232,支持,三人一致,B-多数裁决
ASGD-2027-1159,a81b4014d60f81b7,把字句候选,处置/受事重组构式,国际中文教育中文水平等级标准·语法学习手册（初等）,286,支持,三人一致,B-多数裁决
ASGD-2027-1160,5f85868ffaea8d71,双宾/给予结构候选,多谓词/论元结构,国际中文教育中文水平等级标准·语法学习手册（中等）,50,支持,多数裁决,C-标注者2裁决
ASGD-2027-1162,b0f05c70018c9a4c,比字比较候选,比较构式,国际中文教育中文水平等级标准·语法学习手册（初等）,365,支持,三人一致,B-多数裁决
ASGD-2027-1168,4ae52a539059bc9e,但是候选,复句关联结构,国际中文教育中文水平等级标准·语法学习手册（高等）,122,支持,三人一致,B-多数裁决
ASGD-2027-1173,1dee192a34b697e6,因为...所以候选,复句关联结构,国际中文教育中文水平等级标准·语法学习手册（初等）,237,支持,多数裁决,C-标注者2裁决
ASGD-2027-1179,fe867aada12b937e,给/为/关于等介词框架候选,介词/框架结构,国际中文教育中文水平等级标准·语法学习手册（初等）,326,支持,多数裁决,C-标注者2裁决
ASGD-2027-1189,d24a509dc131c5c9,数量/时量补语候选,补语结构,国际中文教育中文水平等级标准·语法学习手册（高等）,125,不支持,无多数-标注者2裁决,C-标注者2裁决
ASGD-2027-1192,29ff8263179205e2,结果补语候选,补语结构,国际中文教育中文水平等级标准·语法学习手册（中等）,208,支持,三人一致,B-多数裁决
ASGD-2027-1195,ddfccdf6ebac0c23,把字句候选,处置/受事重组构式,国际中文教育中文水平等级标准·语法学习手册（高等）,109,支持,三人一致,B-多数裁决
ASGD-2027-1197,8f7867f7d41fd0ff,连动结构候选,多谓词/论元结构,国际中文教育中文水平等级标准·语法学习手册（中等）,352,支持,三人一致,B-多数裁决
ASGD-2027-1203,1f3c1841d6c1d28e,比字比较候选,比较构式,国际中文教育中文水平等级标准·语法学习手册（高等）,131,支持,三人一致,B-多数裁决
ASGD-2027-1204,c70f382e035ffaeb,给/为/关于等介词框架候选,介词/框架结构,国际中文教育中文水平等级标准·语法学习手册（高等）,112,支持,多数裁决,C-标注者2裁决
ASGD-2027-1211,1c64fa03706dcfda,所以候选,复句关联结构,国际中文教育中文水平等级标准·语法学习手册（中等）,18,支持,三人一致,B-多数裁决
ASGD-2027-1219,7527038074c63e45,被字句候选,被动/受事凸显构式,国际中文教育中文水平等级标准·语法学习手册（中等）,342,支持,三人一致,B-多数裁决
ASGD-2027-1225,cd4ef7c0ed63a4ec,把字句候选,处置/受事重组构式,国际中文教育中文水平等级标准·语法学习手册（中等）,282,支持,三人一致,B-多数裁决
ASGD-2027-1232,defb34d2d59a3b49,把字句候选,处置/受事重组构式,国际中文教育中文水平等级标准·语法学习手册（中等）,218,部分支持,多数裁决,C-标注者2裁决
ASGD-2027-1233,08214e20df7cb819,把字句候选,处置/受事重组构式,国际中文教育中文水平等级标准·语法学习手册（初等）,295,支持,三人一致,B-多数裁决
ASGD-2027-1235,d6711b70f99deb2b,时间状语候选,时间/处所功能结构,国际中文教育中文水平等级标准·语法学习手册（中等）,310,支持,三人一致,B-多数裁决
ASGD-2027-1237,ac6127114c1ab747,给/为/关于等介词框架候选,介词/框架结构,国际中文教育中文水平等级标准·语法学习手册（高等）,213,支持,多数裁决,C-标注者2裁决
ASGD-2027-1238,00edfd14331b50d1,得字补语候选,补语结构,国际中文教育中文水平等级标准·语法学习手册（高等）,52,支持,多数裁决,B-多数裁决
ASGD-2027-1244,6257801b6f19a93c,在字介词框架候选,介词/框架结构,国际中文教育中文水平等级标准·语法学习手册（中等）,282,支持,多数裁决,C-标注者2裁决
ASGD-2027-1245,756ad189a8c98b11,趋向补语候选,补语结构,国际中文教育中文水平等级标准·语法学习手册（中等）,76,支持,三人一致,B-多数裁决
ASGD-2027-1250,5f1b8e68c3739a2c,数量/时量补语候选,补语结构,国际中文教育中文水平等级标准·语法学习手册（中等）,81,支持,多数裁决,B-多数裁决
ASGD-2027-1254,eb596c27f3654acb,连动结构候选,多谓词/论元结构,国际中文教育中文水平等级标准·语法学习手册（中等）,202,支持,多数裁决,B-多数裁决
ASGD-2027-1256,e275da36fbd142a3,一样比较候选,比较构式,国际中文教育中文水平等级标准·语法学习手册（初等）,213,支持,三人一致,B-多数裁决
ASGD-2027-1257,2c1d0d7748d75d0b,把字句候选,处置/受事重组构式,国际中文教育中文水平等级标准·语法学习手册（中等）,335,支持,无多数-标注者2裁决,C-标注者2裁决
ASGD-2027-1263,f6b7ae906201141e,被字句候选,被动/受事凸显构式,国际中文教育中文水平等级标准·语法学习手册（中等）,341,支持,三人一致,B-多数裁决
ASGD-2027-1265,e9996335a5e0be07,把字句候选,处置/受事重组构式,国际中文教育中文水平等级标准·语法学习手册（中等）,243,支持,三人一致,B-多数裁决
ASGD-2027-1267,3a4b25ec81692f81,即使候选,复句关联结构,国际中文教育中文水平等级标准·语法学习手册（高等）,139,支持,三人一致,B-多数裁决
ASGD-2027-1270,4daa516dc1682326,处所状语候选,时间/处所功能结构,国际中文教育中文水平等级标准·语法学习手册（中等）,380,不支持,三人一致,C-标注者2裁决
ASGD-2027-1271,5d069c5e1b32be43,把字句候选,处置/受事重组构式,国际中文教育中文水平等级标准·语法学习手册（中等）,48,支持,多数裁决,B-多数裁决
ASGD-2027-1274,6dfa39280664a0c6,得字补语候选,补语结构,国际中文教育中文水平等级标准·语法学习手册（初等）,261,支持,无多数-标注者2裁决,C-标注者2裁决
ASGD-2027-1283,4ea4c1aee997c180,连动结构候选,多谓词/论元结构,国际中文教育中文水平等级标准·语法学习手册（高等）,206,支持,多数裁决,C-标注者2裁决
ASGD-2027-1284,ca8a68e51b1e0edb,把字句候选,处置/受事重组构式,国际中文教育中文水平等级标准·语法学习手册（初等）,357,支持,三人一致,B-多数裁决
ASGD-2027-1289,df48b90060c3fe52,在字介词框架候选,介词/框架结构,国际中文教育中文水平等级标准·语法学习手册（中等）,43,支持,多数裁决,C-标注者2裁决
ASGD-2027-1291,de35f22346e3d534,对字介词框架候选,介词/框架结构,国际中文教育中文水平等级标准·语法学习手册（初等）,310,支持,多数裁决,C-标注者2裁决
ASGD-2027-1296,bdd9dd4c8dd0431f,没有比较候选,比较构式,国际中文教育中文水平等级标准·语法学习手册（初等）,206,不支持,多数裁决,C-标注者2裁决
ASGD-2027-1299,a1ae1c4f1d8db7d4,双宾/给予结构候选,多谓词/论元结构,国际中文教育中文水平等级标准·语法学习手册（初等）,246,支持,三人一致,B-多数裁决
ASGD-2027-1302,721328315c9e6f8c,但是候选,复句关联结构,国际中文教育中文水平等级标准·语法学习手册（高等）,61,支持,多数裁决,C-标注者2裁决
ASGD-2027-1303,8ea13a8924b7171c,没有比较候选,比较构式,国际中文教育中文水平等级标准·语法学习手册（高等）,86,不支持,三人一致,C-标注者2裁决
ASGD-2027-1304,ce40b0eb7be5ce82,只要候选,复句关联结构,国际中文教育中文水平等级标准·语法学习手册（初等）,234,支持,三人一致,B-多数裁决
ASGD-2027-1305,b98d0d3b670403ad,处所状语候选,时间/处所功能结构,国际中文教育中文水平等级标准·语法学习手册（初等）,66,支持,三人一致,B-多数裁决
ASGD-2027-1307,be48f70eb1c572a4,连动结构候选,多谓词/论元结构,国际中文教育中文水平等级标准·语法学习手册（中等）,256,支持,多数裁决,C-标注者2裁决
ASGD-2027-1308,0d4a5f649fd9e470,在字介词框架候选,介词/框架结构,国际中文教育中文水平等级标准·语法学习手册（初等）,327,不支持,无多数-标注者2裁决,C-标注者2裁决
ASGD-2027-1311,0195766aa735e3f9,把字句候选,处置/受事重组构式,国际中文教育中文水平等级标准·语法学习手册（中等）,310,支持,三人一致,B-多数裁决
ASGD-2027-1312,459892f4cd47a056,给/为/关于等介词框架候选,介词/框架结构,国际中文教育中文水平等级标准·语法学习手册（中等）,171,支持,三人一致,B-多数裁决
ASGD-2027-1313,c2d7e9a281b503f3,把字句候选,处置/受事重组构式,国际中文教育中文水平等级标准·语法学习手册（中等）,64,支持,无多数-标注者2裁决,C-标注者2裁决
ASGD-2027-1314,9325d57e1cee58b6,比字比较候选,比较构式,国际中文教育中文水平等级标准·语法学习手册（高等）,188,不支持,三人一致,C-标注者2裁决
ASGD-2027-1315,0f2739b42d85f5c1,给/为/关于等介词框架候选,介词/框架结构,国际中文教育中文水平等级标准·语法学习手册（初等）,259,支持,三人一致,B-多数裁决
ASGD-2027-1318,054bb40cce550532,把字句候选,处置/受事重组构式,国际中文教育中文水平等级标准·语法学习手册（中等）,79,支持,多数裁决,B-多数裁决
ASGD-2027-1331,057d2a2227f32e33,双宾/给予结构候选,多谓词/论元结构,国际中文教育中文水平等级标准·语法学习手册（中等）,381,支持,三人一致,B-多数裁决
ASGD-2027-1335,d35ea75fce07d6ea,比字比较候选,比较构式,国际中文教育中文水平等级标准·语法学习手册（初等）,210,支持,三人一致,B-多数裁决
ASGD-2027-1339,f883f6bea8ccfd0e,处所状语候选,时间/处所功能结构,国际中文教育中文水平等级标准·语法学习手册（中等）,85,支持,三人一致,B-多数裁决
ASGD-2027-1340,d138faa5ca66e190,给/为/关于等介词框架候选,介词/框架结构,国际中文教育中文水平等级标准·语法学习手册（高等）,173,支持,多数裁决,C-标注者2裁决
ASGD-2027-1352,baa8bc33cd5fcef9,把字句候选,处置/受事重组构式,国际中文教育中文水平等级标准·语法学习手册（中等）,80,支持,多数裁决,C-标注者2裁决
ASGD-2027-1353,328b620180c6b921,时间状语候选,时间/处所功能结构,国际中文教育中文水平等级标准·语法学习手册（中等）,98,支持,三人一致,B-多数裁决
ASGD-2027-1354,540839bd1512fc06,越...越候选,比较构式,国际中文教育中文水平等级标准·语法学习手册（初等）,192,支持,三人一致,B-多数裁决
ASGD-2027-1357,de895966797899ca,被字句候选,被动/受事凸显构式,国际中文教育中文水平等级标准·语法学习手册（中等）,321,支持,三人一致,B-多数裁决
ASGD-2027-1363,98a6f2f29fb21a6b,被字句候选,被动/受事凸显构式,国际中文教育中文水平等级标准·语法学习手册（中等）,180,不支持,无多数-标注者2裁决,C-标注者2裁决
ASGD-2027-1364,e49e0ef791b45167,处所状语候选,时间/处所功能结构,国际中文教育中文水平等级标准·语法学习手册（中等）,331,不支持,多数裁决,C-标注者2裁决
ASGD-2027-1366,9f8aab59c665f7c8,对字介词框架候选,介词/框架结构,国际中文教育中文水平等级标准·语法学习手册（初等）,382,支持,三人一致,B-多数裁决
ASGD-2027-1367,7045b304ca421628,趋向补语候选,补语结构,国际中文教育中文水平等级标准·语法学习手册（高等）,179,支持,多数裁决,B-多数裁决
ASGD-2027-1368,46c9b88c9b44c8ae,对字介词框架候选,介词/框架结构,国际中文教育中文水平等级标准·语法学习手册（初等）,139,支持,三人一致,B-多数裁决
ASGD-2027-1372,4a7cce5c59f1bd4d,把字句候选,处置/受事重组构式,国际中文教育中文水平等级标准·语法学习手册（高等）,100,支持,三人一致,B-多数裁决
ASGD-2027-1373,330d31e6e03d3b0c,比字比较候选,比较构式,国际中文教育中文水平等级标准·语法学习手册（中等）,205,不支持,三人一致,C-标注者2裁决
ASGD-2027-1375,0420fb58383be98f,被字句候选,被动/受事凸显构式,国际中文教育中文水平等级标准·语法学习手册（中等）,224,不支持,多数裁决,C-标注者2裁决
ASGD-2027-1382,28ab893bc629a9b3,越...越候选,比较构式,国际中文教育中文水平等级标准·语法学习手册（中等）,353,支持,三人一致,B-多数裁决
ASGD-2027-1383,9c1324fc49386217,双宾/给予结构候选,多谓词/论元结构,国际中文教育中文水平等级标准·语法学习手册（中等）,235,支持,三人一致,B-多数裁决
ASGD-2027-1384,0e90f99b3a6dc9b6,没有比较候选,比较构式,国际中文教育中文水平等级标准·语法学习手册（中等）,34,不支持,三人一致,C-标注者2裁决
ASGD-2027-1388,edf9cb50d2c21989,被字句候选,被动/受事凸显构式,国际中文教育中文水平等级标准·语法学习手册（中等）,83,支持,多数裁决,C-标注者2裁决
ASGD-2027-1391,94b024c2c019213e,把字句候选,处置/受事重组构式,国际中文教育中文水平等级标准·语法学习手册（中等）,242,部分支持,多数裁决,C-标注者2裁决
ASGD-2027-1393,18861a35933e8856,被字句候选,被动/受事凸显构式,国际中文教育中文水平等级标准·语法学习手册（初等）,158,不支持,无多数-标注者2裁决,C-标注者2裁决
ASGD-2027-1395,bfda770cfd7cac5e,因为候选,复句关联结构,国际中文教育中文水平等级标准·语法学习手册（初等）,326,支持,多数裁决,B-多数裁决
ASGD-2027-1396,6a4eeb2bd28ccfdd,被字句候选,被动/受事凸显构式,国际中文教育中文水平等级标准·语法学习手册（中等）,84,支持,三人一致,B-多数裁决
ASGD-2027-1398,0e8bb7351412e96f,但是候选,复句关联结构,国际中文教育中文水平等级标准·语法学习手册（高等）,39,支持,三人一致,B-多数裁决
ASGD-2027-1401,61524979bf651525,双宾/给予结构候选,多谓词/论元结构,国际中文教育中文水平等级标准·语法学习手册（初等）,208,支持,三人一致,B-多数裁决
ASGD-2027-1403,6cfa0a952ce4a421,时间状语候选,时间/处所功能结构,国际中文教育中文水平等级标准·语法学习手册（高等）,151,支持,多数裁决,C-标注者2裁决
ASGD-2027-1408,893bac009cfe2904,向/往/朝介词框架候选,介词/框架结构,国际中文教育中文水平等级标准·语法学习手册（初等）,324,支持,三人一致,B-多数裁决
ASGD-2027-1409,9e5bc7c13ccdd090,双宾/给予结构候选,多谓词/论元结构,国际中文教育中文水平等级标准·语法学习手册（初等）,260,不支持,多数裁决,C-标注者2裁决
ASGD-2027-1416,ff64fcd67bcd07c9,比字比较候选,比较构式,国际中文教育中文水平等级标准·语法学习手册（初等）,370,不支持,三人一致,C-标注者2裁决
ASGD-2027-1417,89f698acbbfbf1c5,被字句候选,被动/受事凸显构式,国际中文教育中文水平等级标准·语法学习手册（中等）,159,支持,三人一致,B-多数裁决
ASGD-2027-1419,ef4fe157c2d9bc9a,把字句候选,处置/受事重组构式,国际中文教育中文水平等级标准·语法学习手册（高等）,96,支持,三人一致,B-多数裁决
ASGD-2027-1422,f52a3f7e6d7a72d0,连动结构候选,多谓词/论元结构,国际中文教育中文水平等级标准·语法学习手册（初等）,227,部分支持,多数裁决,C-标注者2裁决
ASGD-2027-1423,e9feba15fe55a6c4,但是候选,复句关联结构,国际中文教育中文水平等级标准·语法学习手册（中等）,152,支持,三人一致,B-多数裁决
ASGD-2027-1426,8c9cde67673cd9ff,处所状语候选,时间/处所功能结构,国际中文教育中文水平等级标准·语法学习手册（初等）,19,支持,三人一致,B-多数裁决
ASGD-2027-1431,d281bdd4e40fbae5,不如比较候选,比较构式,国际中文教育中文水平等级标准·语法学习手册（高等）,83,支持,三人一致,B-多数裁决
ASGD-2027-1434,c8009f850580c8cc,得字补语候选,补语结构,国际中文教育中文水平等级标准·语法学习手册（高等）,150,支持,多数裁决,B-多数裁决
ASGD-2027-1436,b9b047b3d92635d0,把字句候选,处置/受事重组构式,国际中文教育中文水平等级标准·语法学习手册（中等）,82,支持,三人一致,B-多数裁决
ASGD-2027-1439,2ca59574a6dd906d,被字句候选,被动/受事凸显构式,国际中文教育中文水平等级标准·语法学习手册（中等）,359,支持,多数裁决,C-标注者2裁决
ASGD-2027-1447,7cafad6e7aeefcc5,没有比较候选,比较构式,国际中文教育中文水平等级标准·语法学习手册（高等）,68,不支持,三人一致,C-标注者2裁决
ASGD-2027-1449,06e821e096ba8dbb,数量/时量补语候选,补语结构,国际中文教育中文水平等级标准·语法学习手册（中等）,81,支持,三人一致,B-多数裁决
ASGD-2027-1451,96298c92c362cc2e,时间状语候选,时间/处所功能结构,国际中文教育中文水平等级标准·语法学习手册（初等）,159,支持,三人一致,B-多数裁决
ASGD-2027-1454,deebe644ea77170e,向/往/朝介词框架候选,介词/框架结构,国际中文教育中文水平等级标准·语法学习手册（初等）,322,支持,三人一致,B-多数裁决
ASGD-2027-1455,8083200ac9148a62,处所状语候选,时间/处所功能结构,国际中文教育中文水平等级标准·语法学习手册（初等）,19,支持,三人一致,B-多数裁决
ASGD-2027-1458,5474f6bfcd965573,但是候选,复句关联结构,国际中文教育中文水平等级标准·语法学习手册（初等）,278,支持,三人一致,B-多数裁决
ASGD-2027-1460,8941e19a532e1829,兼语结构候选,多谓词/论元结构,国际中文教育中文水平等级标准·语法学习手册（初等）,362,支持,三人一致,B-多数裁决
ASGD-2027-1465,5c4ed122b013493b,比字比较候选,比较构式,国际中文教育中文水平等级标准·语法学习手册（初等）,268,不支持,三人一致,C-标注者2裁决
ASGD-2027-1466,a722ce36740c42af,因为...所以候选,复句关联结构,国际中文教育中文水平等级标准·语法学习手册（初等）,237,支持,多数裁决,C-标注者2裁决
ASGD-2027-1472,b38810764c3a86ae,得字补语候选,补语结构,国际中文教育中文水平等级标准·语法学习手册（中等）,24,不支持,无多数-标注者2裁决,C-标注者2裁决
ASGD-2027-1474,0005f16a40b38f7a,给/为/关于等介词框架候选,介词/框架结构,国际中文教育中文水平等级标准·语法学习手册（初等）,131,不支持,多数裁决,C-标注者2裁决
ASGD-2027-1475,448975097f1e4a50,把字句候选,处置/受事重组构式,国际中文教育中文水平等级标准·语法学习手册（初等）,358,支持,三人一致,B-多数裁决
ASGD-2027-1478,049eebf06ae290f0,虽然...但是候选,复句关联结构,国际中文教育中文水平等级标准·语法学习手册（中等）,248,支持,多数裁决,C-标注者2裁决
ASGD-2027-1481,ef8f796fc7da07dd,把字句候选,处置/受事重组构式,国际中文教育中文水平等级标准·语法学习手册（高等）,64,支持,三人一致,B-多数裁决
ASGD-2027-1482,df877738cac4bd3c,在字介词框架候选,介词/框架结构,国际中文教育中文水平等级标准·语法学习手册（初等）,79,支持,多数裁决,C-标注者2裁决
ASGD-2027-1484,1df0644c1ab7b637,把字句候选,处置/受事重组构式,国际中文教育中文水平等级标准·语法学习手册（高等）,195,支持,多数裁决,B-多数裁决
ASGD-2027-1485,64ae28f2ec56220c,连动结构候选,多谓词/论元结构,国际中文教育中文水平等级标准·语法学习手册（中等）,184,支持,多数裁决,C-标注者2裁决
ASGD-2027-1486,4a4d1940951ae8df,双宾/给予结构候选,多谓词/论元结构,国际中文教育中文水平等级标准·语法学习手册（高等）,56,支持,多数裁决,C-标注者2裁决
ASGD-2027-1489,424c19e3bc2e4ac3,双宾/给予结构候选,多谓词/论元结构,国际中文教育中文水平等级标准·语法学习手册（中等）,37,支持,三人一致,B-多数裁决
ASGD-2027-1490,444c8ce0843725ce,从字介词框架候选,介词/框架结构,国际中文教育中文水平等级标准·语法学习手册（中等）,375,支持,三人一致,B-多数裁决
ASGD-2027-1497,085a4e4a51b32047,不如比较候选,比较构式,国际中文教育中文水平等级标准·语法学习手册（高等）,75,支持,三人一致,B-多数裁决
ASGD-2027-1508,411fcf12ded8d994,把字句候选,处置/受事重组构式,国际中文教育中文水平等级标准·语法学习手册（中等）,219,支持,三人一致,B-多数裁决
ASGD-2027-1512,b92cac2c13cf493f,向/往/朝介词框架候选,介词/框架结构,国际中文教育中文水平等级标准·语法学习手册（初等）,324,支持,三人一致,B-多数裁决
ASGD-2027-1516,a5af5ee6c22f96ef,所以候选,复句关联结构,国际中文教育中文水平等级标准·语法学习手册（高等）,130,支持,三人一致,B-多数裁决
ASGD-2027-1518,a77e531f366bf9bf,把字句候选,处置/受事重组构式,国际中文教育中文水平等级标准·语法学习手册（中等）,370,不支持,无多数-标注者2裁决,C-标注者2裁决
ASGD-2027-1521,5de98673f89fb665,被字句候选,被动/受事凸显构式,国际中文教育中文水平等级标准·语法学习手册（高等）,165,支持,多数裁决,B-多数裁决
ASGD-2027-1524,b71b1a880688aca5,时间状语候选,时间/处所功能结构,国际中文教育中文水平等级标准·语法学习手册（初等）,166,支持,多数裁决,C-标注者2裁决
ASGD-2027-1525,95eda8b47d1916ed,比字比较候选,比较构式,国际中文教育中文水平等级标准·语法学习手册（初等）,212,支持,三人一致,B-多数裁决
ASGD-2027-1530,397e40eb51a4b561,把字句候选,处置/受事重组构式,国际中文教育中文水平等级标准·语法学习手册（中等）,336,支持,三人一致,B-多数裁决
ASGD-2027-1534,f676bf2d2b83617b,比字比较候选,比较构式,国际中文教育中文水平等级标准·语法学习手册（初等）,363,支持,三人一致,B-多数裁决
ASGD-2027-1535,a5e1c62dc4c2c077,得字补语候选,补语结构,国际中文教育中文水平等级标准·语法学习手册（高等）,98,不支持,多数裁决,C-标注者2裁决
ASGD-2027-1538,fd177d4b7084b298,被字句候选,被动/受事凸显构式,国际中文教育中文水平等级标准·语法学习手册（高等）,68,支持,多数裁决,B-多数裁决
ASGD-2027-1539,1dfc3be76bdbbc04,处所状语候选,时间/处所功能结构,国际中文教育中文水平等级标准·语法学习手册（中等）,381,支持,多数裁决,C-标注者2裁决
ASGD-2027-1544,bd2607da9d15dfd0,趋向补语候选,补语结构,国际中文教育中文水平等级标准·语法学习手册（初等）,185,支持,多数裁决,B-多数裁决
ASGD-2027-1546,4537671d34bba73b,把字句候选,处置/受事重组构式,国际中文教育中文水平等级标准·语法学习手册（中等）,338,支持,多数裁决,B-多数裁决
ASGD-2027-1547,3267d18412499ce4,在字介词框架候选,介词/框架结构,国际中文教育中文水平等级标准·语法学习手册（中等）,304,支持,三人一致,B-多数裁决
ASGD-2027-1549,58a885beee85430a,被字句候选,被动/受事凸显构式,国际中文教育中文水平等级标准·语法学习手册（高等）,69,支持,多数裁决,B-多数裁决
ASGD-2027-1553,1e532c88c8df682c,只要候选,复句关联结构,国际中文教育中文水平等级标准·语法学习手册（初等）,235,支持,三人一致,B-多数裁决
ASGD-2027-1555,9318057622418ee1,连动结构候选,多谓词/论元结构,国际中文教育中文水平等级标准·语法学习手册（中等）,240,支持,多数裁决,C-标注者2裁决
ASGD-2027-1559,9992526bade4b66a,处所状语候选,时间/处所功能结构,国际中文教育中文水平等级标准·语法学习手册（初等）,19,支持,多数裁决,C-标注者2裁决
ASGD-2027-1561,c9c07cbb7f38e9ea,处所状语候选,时间/处所功能结构,国际中文教育中文水平等级标准·语法学习手册（中等）,292,部分支持,无多数-标注者2裁决,C-标注者2裁决
ASGD-2027-1562,b98439822cacbef9,没有比较候选,比较构式,国际中文教育中文水平等级标准·语法学习手册（中等）,230,支持,三人一致,B-多数裁决
ASGD-2027-1566,3039704d00b456c7,被字句候选,被动/受事凸显构式,国际中文教育中文水平等级标准·语法学习手册（高等）,126,支持,三人一致,B-多数裁决
ASGD-2027-1570,0ce22a47da2a1d0f,把字句候选,处置/受事重组构式,国际中文教育中文水平等级标准·语法学习手册（中等）,336,支持,三人一致,B-多数裁决
ASGD-2027-1580,75e1ef73305f1751,把字句候选,处置/受事重组构式,国际中文教育中文水平等级标准·语法学习手册（中等）,218,支持,多数裁决,B-多数裁决
ASGD-2027-1582,a35e80da49e8b357,时间状语候选,时间/处所功能结构,国际中文教育中文水平等级标准·语法学习手册（中等）,296,支持,多数裁决,C-标注者2裁决
ASGD-2027-1583,ff64d2d11ab3d681,如果候选,复句关联结构,国际中文教育中文水平等级标准·语法学习手册（中等）,283,支持,多数裁决,B-多数裁决
ASGD-2027-1587,005eacec001d7830,被字句候选,被动/受事凸显构式,国际中文教育中文水平等级标准·语法学习手册（初等）,410,不支持,多数裁决,C-标注者2裁决
ASGD-2027-1590,fcbc289edb58846d,被字句候选,被动/受事凸显构式,国际中文教育中文水平等级标准·语法学习手册（中等）,84,支持,三人一致,B-多数裁决
ASGD-2027-1594,3ce570b426ebae7c,如果候选,复句关联结构,国际中文教育中文水平等级标准·语法学习手册（初等）,187,支持,多数裁决,B-多数裁决
ASGD-2027-1596,6540235b31162ec2,把字句候选,处置/受事重组构式,国际中文教育中文水平等级标准·语法学习手册（初等）,357,支持,三人一致,B-多数裁决
ASGD-2027-1599,a7109ed1b1fb3dc1,比字比较候选,比较构式,国际中文教育中文水平等级标准·语法学习手册（初等）,365,支持,三人一致,B-多数裁决
ASGD-2027-1602,95175507c7571535,时间状语候选,时间/处所功能结构,国际中文教育中文水平等级标准·语法学习手册（中等）,112,支持,三人一致,B-多数裁决
ASGD-2027-1605,2b3206fa6724fab9,得字补语候选,补语结构,国际中文教育中文水平等级标准·语法学习手册（高等）,108,不支持,多数裁决,C-标注者2裁决
ASGD-2027-1607,132a0fa211f1187c,把字句候选,处置/受事重组构式,国际中文教育中文水平等级标准·语法学习手册（初等）,356,支持,三人一致,B-多数裁决
ASGD-2027-1608,d11addcaee32d9ca,被字句候选,被动/受事凸显构式,国际中文教育中文水平等级标准·语法学习手册（中等）,195,支持,三人一致,B-多数裁决
ASGD-2027-1613,f30cf774ebb6f83a,连动结构候选,多谓词/论元结构,国际中文教育中文水平等级标准·语法学习手册（初等）,187,支持,多数裁决,C-标注者2裁决
ASGD-2027-1617,5066205f552d2c0b,给/为/关于等介词框架候选,介词/框架结构,国际中文教育中文水平等级标准·语法学习手册（初等）,356,支持,三人一致,B-多数裁决
ASGD-2027-1618,dc73c8f32f7fe61c,把字句候选,处置/受事重组构式,国际中文教育中文水平等级标准·语法学习手册（中等）,79,支持,多数裁决,B-多数裁决
ASGD-2027-1619,f4651c54d8c1a47b,处所状语候选,时间/处所功能结构,国际中文教育中文水平等级标准·语法学习手册（中等）,293,部分支持,无多数-标注者2裁决,C-标注者2裁决
ASGD-2027-1620,05ff59806f100173,在字介词框架候选,介词/框架结构,国际中文教育中文水平等级标准·语法学习手册（中等）,108,支持,三人一致,B-多数裁决
ASGD-2027-1621,443d9ff34b4886f7,时间状语候选,时间/处所功能结构,国际中文教育中文水平等级标准·语法学习手册（初等）,390,支持,三人一致,B-多数裁决
ASGD-2027-1626,27d0a69749bf957b,比字比较候选,比较构式,国际中文教育中文水平等级标准·语法学习手册（初等）,366,支持,三人一致,B-多数裁决
ASGD-2027-1627,89bcce08125f1871,给/为/关于等介词框架候选,介词/框架结构,国际中文教育中文水平等级标准·语法学习手册（高等）,206,支持,三人一致,B-多数裁决
ASGD-2027-1630,420ac5feedc37f40,给/为/关于等介词框架候选,介词/框架结构,国际中文教育中文水平等级标准·语法学习手册（初等）,327,支持,多数裁决,C-标注者2裁决
ASGD-2027-1634,eecfc0320f94b4d9,把字句候选,处置/受事重组构式,国际中文教育中文水平等级标准·语法学习手册（中等）,218,支持,多数裁决,B-多数裁决
ASGD-2027-1635,f313b740693eeb22,把字句候选,处置/受事重组构式,国际中文教育中文水平等级标准·语法学习手册（初等）,293,不支持,多数裁决,C-标注者2裁决
ASGD-2027-1638,4c76b4da46a619b0,既然候选,复句关联结构,国际中文教育中文水平等级标准·语法学习手册（中等）,109,支持,三人一致,B-多数裁决
ASGD-2027-1639,a241bf75da91b2e8,结果补语候选,补语结构,国际中文教育中文水平等级标准·语法学习手册（初等）,234,支持,三人一致,B-多数裁决
ASGD-2027-1642,3c97e688142dddd3,把字句候选,处置/受事重组构式,国际中文教育中文水平等级标准·语法学习手册（中等）,210,支持,无多数-标注者2裁决,C-标注者2裁决
ASGD-2027-1643,f06f6e50eeaa09a1,把字句候选,处置/受事重组构式,国际中文教育中文水平等级标准·语法学习手册（高等）,50,支持,多数裁决,B-多数裁决
ASGD-2027-1650,b223a6845a869ef3,把字句候选,处置/受事重组构式,国际中文教育中文水平等级标准·语法学习手册（高等）,25,支持,三人一致,B-多数裁决
ASGD-2027-1652,dc7eab6e8a3ffd7d,在字介词框架候选,介词/框架结构,国际中文教育中文水平等级标准·语法学习手册（初等）,287,支持,多数裁决,C-标注者2裁决
ASGD-2027-1653,0effbc5e929ad592,比字比较候选,比较构式,国际中文教育中文水平等级标准·语法学习手册（中等）,131,不支持,三人一致,C-标注者2裁决
ASGD-2027-1654,5a9f2e44f66a514a,时间状语候选,时间/处所功能结构,国际中文教育中文水平等级标准·语法学习手册（高等）,104,支持,多数裁决,C-标注者2裁决
ASGD-2027-1657,8f3450776dda8c4d,被字句候选,被动/受事凸显构式,国际中文教育中文水平等级标准·语法学习手册（中等）,187,支持,多数裁决,B-多数裁决
ASGD-2027-1660,5a44f71ce4362e0f,被字句候选,被动/受事凸显构式,国际中文教育中文水平等级标准·语法学习手册（初等）,73,支持,多数裁决,C-标注者2裁决
ASGD-2027-1663,a81b4014d60f81b7,趋向补语候选,补语结构,国际中文教育中文水平等级标准·语法学习手册（初等）,286,支持,三人一致,B-多数裁决
ASGD-2027-1664,8785a5da54c8eec3,把字句候选,处置/受事重组构式,国际中文教育中文水平等级标准·语法学习手册（初等）,356,支持,三人一致,B-多数裁决
ASGD-2027-1666,cf423b7e0a37b60d,没有比较候选,比较构式,国际中文教育中文水平等级标准·语法学习手册（初等）,102,不支持,三人一致,C-标注者2裁决
ASGD-2027-1667,79ed8de63159f129,比字比较候选,比较构式,国际中文教育中文水平等级标准·语法学习手册（高等）,31,支持,多数裁决,C-标注者2裁决
ASGD-2027-1669,a9040bab71aff679,得字补语候选,补语结构,国际中文教育中文水平等级标准·语法学习手册（中等）,199,不支持,多数裁决,C-标注者2裁决
ASGD-2027-1672,1be7644d04c712bb,处所状语候选,时间/处所功能结构,国际中文教育中文水平等级标准·语法学习手册（初等）,21,不支持,多数裁决,C-标注者2裁决
ASGD-2027-1677,a49380689a842a1d,处所状语候选,时间/处所功能结构,国际中文教育中文水平等级标准·语法学习手册（初等）,21,支持,多数裁决,C-标注者2裁决
ASGD-2027-1684,ed8b5b21769d6824,给/为/关于等介词框架候选,介词/框架结构,国际中文教育中文水平等级标准·语法学习手册（高等）,111,支持,多数裁决,C-标注者2裁决
ASGD-2027-1688,3d1057086e11b0ae,双宾/给予结构候选,多谓词/论元结构,国际中文教育中文水平等级标准·语法学习手册（中等）,108,支持,三人一致,B-多数裁决
ASGD-2027-1693,cb2f1694c139bda8,双宾/给予结构候选,多谓词/论元结构,国际中文教育中文水平等级标准·语法学习手册（高等）,206,支持,多数裁决,C-标注者2裁决
ASGD-2027-1695,c9fd06ea2202382c,把字句候选,处置/受事重组构式,国际中文教育中文水平等级标准·语法学习手册（高等）,184,支持,多数裁决,B-多数裁决
ASGD-2027-1696,9fe850b80b014787,数量/时量补语候选,补语结构,国际中文教育中文水平等级标准·语法学习手册（中等）,193,支持,多数裁决,B-多数裁决
ASGD-2027-1698,5912a4668acf735b,向/往/朝介词框架候选,介词/框架结构,国际中文教育中文水平等级标准·语法学习手册（初等）,292,支持,多数裁决,C-标注者2裁决
ASGD-2027-1701,b45d858814b8b62c,双宾/给予结构候选,多谓词/论元结构,国际中文教育中文水平等级标准·语法学习手册（初等）,217,支持,三人一致,B-多数裁决
ASGD-2027-1702,f730b304359ee888,结果补语候选,补语结构,国际中文教育中文水平等级标准·语法学习手册（初等）,166,支持,三人一致,B-多数裁决
ASGD-2027-1703,8fbbce53fbbe6e05,即使候选,复句关联结构,国际中文教育中文水平等级标准·语法学习手册（高等）,140,支持,三人一致,B-多数裁决
ASGD-2027-1710,a6a50ee032848914,因为候选,复句关联结构,国际中文教育中文水平等级标准·语法学习手册（初等）,327,支持,多数裁决,B-多数裁决
ASGD-2027-1712,e58b38010feaa5ce,给/为/关于等介词框架候选,介词/框架结构,国际中文教育中文水平等级标准·语法学习手册（中等）,46,支持,多数裁决,C-标注者2裁决
ASGD-2027-1713,8aed6a90f230d02b,双宾/给予结构候选,多谓词/论元结构,国际中文教育中文水平等级标准·语法学习手册（初等）,234,支持,三人一致,B-多数裁决
ASGD-2027-1715,0c6999a3e5088c0d,连动结构候选,多谓词/论元结构,国际中文教育中文水平等级标准·语法学习手册（初等）,216,不支持,多数裁决,C-标注者2裁决
ASGD-2027-1718,5b5cd3f24fca8337,给/为/关于等介词框架候选,介词/框架结构,国际中文教育中文水平等级标准·语法学习手册（初等）,175,支持,三人一致,B-多数裁决
ASGD-2027-1722,15fdb780bf3ba958,只要候选,复句关联结构,国际中文教育中文水平等级标准·语法学习手册（初等）,234,部分支持,无多数-标注者2裁决,C-标注者2裁决
ASGD-2027-1723,5954446cbbccbf26,没有比较候选,比较构式,国际中文教育中文水平等级标准·语法学习手册（中等）,295,不支持,三人一致,C-标注者2裁决
ASGD-2027-1727,f85e6dc87b54666a,处所状语候选,时间/处所功能结构,国际中文教育中文水平等级标准·语法学习手册（中等）,175,不支持,多数裁决,C-标注者2裁决
ASGD-2027-1730,8162ef2bc562d96d,连动结构候选,多谓词/论元结构,国际中文教育中文水平等级标准·语法学习手册（初等）,208,支持,三人一致,B-多数裁决
ASGD-2027-1731,caf9d58747bb91e9,时间状语候选,时间/处所功能结构,国际中文教育中文水平等级标准·语法学习手册（中等）,206,支持,三人一致,B-多数裁决
ASGD-2027-1733,6220d6f60f3d8ce9,对字介词框架候选,介词/框架结构,国际中文教育中文水平等级标准·语法学习手册（高等）,15,支持,三人一致,B-多数裁决
ASGD-2027-1739,e0a32eb09541f5f4,数量/时量补语候选,补语结构,国际中文教育中文水平等级标准·语法学习手册（中等）,317,支持,多数裁决,B-多数裁决
ASGD-2027-1747,bc76c958d5936d95,没有比较候选,比较构式,国际中文教育中文水平等级标准·语法学习手册（高等）,128,不支持,三人一致,C-标注者2裁决
ASGD-2027-1752,b7a39763637a0c42,双宾/给予结构候选,多谓词/论元结构,国际中文教育中文水平等级标准·语法学习手册（中等）,167,支持,三人一致,B-多数裁决
ASGD-2027-1754,e084fac8f26a768f,时间状语候选,时间/处所功能结构,国际中文教育中文水平等级标准·语法学习手册（中等）,347,支持,多数裁决,C-标注者2裁决
ASGD-2027-1755,e0ea9638a5e30a41,双宾/给予结构候选,多谓词/论元结构,国际中文教育中文水平等级标准·语法学习手册（初等）,262,支持,多数裁决,C-标注者2裁决
ASGD-2027-1757,0425fe570d4b0eb7,没有比较候选,比较构式,国际中文教育中文水平等级标准·语法学习手册（中等）,161,不支持,三人一致,C-标注者2裁决
ASGD-2027-1758,28e6fbdd4b35afe8,把字句候选,处置/受事重组构式,国际中文教育中文水平等级标准·语法学习手册（高等）,124,支持,多数裁决,B-多数裁决
ASGD-2027-1761,ac01b5cff0c286ee,处所状语候选,时间/处所功能结构,国际中文教育中文水平等级标准·语法学习手册（中等）,86,不支持,多数裁决,C-标注者2裁决
ASGD-2027-1763,5d9484b76a990468,时间状语候选,时间/处所功能结构,国际中文教育中文水平等级标准·语法学习手册（高等）,136,支持,三人一致,B-多数裁决
ASGD-2027-1764,d4b247773b84e033,在字介词框架候选,介词/框架结构,国际中文教育中文水平等级标准·语法学习手册（高等）,56,支持,多数裁决,C-标注者2裁决
ASGD-2027-1768,04506c4ff8063fd6,把字句候选,处置/受事重组构式,国际中文教育中文水平等级标准·语法学习手册（中等）,219,不确定,无多数-标注者2裁决,C-标注者2裁决
ASGD-2027-1772,5ec0d6206e2bc3ae,双宾/给予结构候选,多谓词/论元结构,国际中文教育中文水平等级标准·语法学习手册（中等）,50,支持,多数裁决,C-标注者2裁决
ASGD-2027-1780,ca8c76d52dee4d11,时间状语候选,时间/处所功能结构,国际中文教育中文水平等级标准·语法学习手册（高等）,81,支持,多数裁决,C-标注者2裁决
ASGD-2027-1784,bf85985cf5e3e40c,处所状语候选,时间/处所功能结构,国际中文教育中文水平等级标准·语法学习手册（中等）,175,不支持,多数裁决,C-标注者2裁决
ASGD-2027-1796,81488f603dc1f597,把字句候选,处置/受事重组构式,国际中文教育中文水平等级标准·语法学习手册（中等）,370,不支持,无多数-标注者2裁决,C-标注者2裁决
ASGD-2027-1798,0d65510fc4794e12,时间状语候选,时间/处所功能结构,国际中文教育中文水平等级标准·语法学习手册（中等）,262,支持,三人一致,B-多数裁决
ASGD-2027-1799,7cd860d2f7dcb39d,把字句候选,处置/受事重组构式,国际中文教育中文水平等级标准·语法学习手册（高等）,166,支持,三人一致,B-多数裁决
ASGD-2027-1800,9ba2c323199c25dd,在字介词框架候选,介词/框架结构,国际中文教育中文水平等级标准·语法学习手册（高等）,48,支持,多数裁决,C-标注者2裁决
ASGD-2027-1805,b15ece8b03f7a4c6,只要候选,复句关联结构,国际中文教育中文水平等级标准·语法学习手册（初等）,235,支持,三人一致,B-多数裁决
ASGD-2027-1806,b2a5574f11e9d8a8,被字句候选,被动/受事凸显构式,国际中文教育中文水平等级标准·语法学习手册（中等）,117,支持,三人一致,B-多数裁决
ASGD-2027-1808,d04acd6954f619d4,如果候选,复句关联结构,国际中文教育中文水平等级标准·语法学习手册（初等）,186,支持,多数裁决,B-多数裁决
ASGD-2027-1814,79dfc09a3f68b757,双宾/给予结构候选,多谓词/论元结构,国际中文教育中文水平等级标准·语法学习手册（高等）,47,不支持,多数裁决,C-标注者2裁决
ASGD-2027-1816,335ebf01047ee73a,得字补语候选,补语结构,国际中文教育中文水平等级标准·语法学习手册（中等）,382,支持,多数裁决,B-多数裁决
ASGD-2027-1818,8e28be401697fc5b,一样比较候选,比较构式,国际中文教育中文水平等级标准·语法学习手册（初等）,214,支持,三人一致,B-多数裁决
ASGD-2027-1819,cbbcda833bacf70d,趋向补语候选,补语结构,国际中文教育中文水平等级标准·语法学习手册（中等）,74,支持,三人一致,B-多数裁决
ASGD-2027-1822,9ca1005c9e587214,被字句候选,被动/受事凸显构式,国际中文教育中文水平等级标准·语法学习手册（中等）,155,支持,三人一致,B-多数裁决
ASGD-2027-1825,1c23b27fd5eef812,把字句候选,处置/受事重组构式,国际中文教育中文水平等级标准·语法学习手册（中等）,344,支持,三人一致,B-多数裁决
ASGD-2027-1833,526a1376d91e8e95,处所状语候选,时间/处所功能结构,国际中文教育中文水平等级标准·语法学习手册（中等）,57,不支持,三人一致,C-标注者2裁决
ASGD-2027-1836,efe65b4f43e148a9,数量/时量补语候选,补语结构,国际中文教育中文水平等级标准·语法学习手册（初等）,352,支持,三人一致,B-多数裁决
ASGD-2027-1840,78821af2ff957a73,比字比较候选,比较构式,国际中文教育中文水平等级标准·语法学习手册（初等）,204,支持,三人一致,B-多数裁决
ASGD-2027-1842,eb420b65aa154b65,向/往/朝介词框架候选,介词/框架结构,国际中文教育中文水平等级标准·语法学习手册（初等）,322,支持,三人一致,B-多数裁决
ASGD-2027-1843,5c620c54e4572d88,双宾/给予结构候选,多谓词/论元结构,国际中文教育中文水平等级标准·语法学习手册（初等）,165,支持,多数裁决,C-标注者2裁决
ASGD-2027-1844,5b75d45e6fd12bcb,没有比较候选,比较构式,国际中文教育中文水平等级标准·语法学习手册（高等）,135,不支持,三人一致,C-标注者2裁决
ASGD-2027-1845,72840cb94403c726,时间状语候选,时间/处所功能结构,国际中文教育中文水平等级标准·语法学习手册（高等）,65,支持,三人一致,B-多数裁决
ASGD-2027-1849,6b32bedb11aa549c,时间状语候选,时间/处所功能结构,国际中文教育中文水平等级标准·语法学习手册（高等）,118,支持,多数裁决,C-标注者2裁决
ASGD-2027-1850,aea17c519172e20d,被字句候选,被动/受事凸显构式,国际中文教育中文水平等级标准·语法学习手册（初等）,359,支持,三人一致,B-多数裁决
ASGD-2027-1852,768d645893b80d85,被字句候选,被动/受事凸显构式,国际中文教育中文水平等级标准·语法学习手册（初等）,338,不支持,无多数-标注者2裁决,C-标注者2裁决
ASGD-2027-1858,3a603700c84dd33d,双宾/给予结构候选,多谓词/论元结构,国际中文教育中文水平等级标准·语法学习手册（初等）,39,支持,多数裁决,C-标注者2裁决
ASGD-2027-1861,c3f82af7fbc7dd95,没有比较候选,比较构式,国际中文教育中文水平等级标准·语法学习手册（高等）,30,不支持,三人一致,C-标注者2裁决
ASGD-2027-1863,7f21cbc3f2ae65b0,把字句候选,处置/受事重组构式,国际中文教育中文水平等级标准·语法学习手册（中等）,43,支持,多数裁决,B-多数裁决
ASGD-2027-1864,11b08ccb18b8bf29,结果补语候选,补语结构,国际中文教育中文水平等级标准·语法学习手册（初等）,405,支持,三人一致,B-多数裁决
ASGD-2027-1867,7b5f0615f4dbb644,在字介词框架候选,介词/框架结构,国际中文教育中文水平等级标准·语法学习手册（初等）,103,支持,多数裁决,C-标注者2裁决
ASGD-2027-1868,e2aec728bb592b42,双宾/给予结构候选,多谓词/论元结构,国际中文教育中文水平等级标准·语法学习手册（初等）,395,不支持,多数裁决,C-标注者2裁决
ASGD-2027-1869,b6bb704b63bf1e83,数量/时量补语候选,补语结构,国际中文教育中文水平等级标准·语法学习手册（中等）,134,支持,多数裁决,C-标注者2裁决
ASGD-2027-1871,dc936a26f2a1128f,在字介词框架候选,介词/框架结构,国际中文教育中文水平等级标准·语法学习手册（中等）,292,支持,三人一致,B-多数裁决
ASGD-2027-1873,ee3f649f31cd6c3b,时间状语候选,时间/处所功能结构,国际中文教育中文水平等级标准·语法学习手册（初等）,151,支持,三人一致,B-多数裁决
ASGD-2027-1878,ddbfd01e368c96fa,时间状语候选,时间/处所功能结构,国际中文教育中文水平等级标准·语法学习手册（初等）,350,支持,多数裁决,B-多数裁决
ASGD-2027-1882,8f00082bcfc7af77,在字介词框架候选,介词/框架结构,国际中文教育中文水平等级标准·语法学习手册（中等）,59,支持,多数裁决,C-标注者2裁决
ASGD-2027-1885,0092ba164024202f,被字句候选,被动/受事凸显构式,国际中文教育中文水平等级标准·语法学习手册（中等）,84,不支持,无多数-标注者2裁决,C-标注者2裁决
ASGD-2027-1886,d57e400b83c7dbb2,得字补语候选,补语结构,国际中文教育中文水平等级标准·语法学习手册（高等）,76,支持,多数裁决,B-多数裁决
ASGD-2027-1892,7435865f05204bc9,时间状语候选,时间/处所功能结构,国际中文教育中文水平等级标准·语法学习手册（高等）,213,支持,多数裁决,C-标注者2裁决
ASGD-2027-1893,84bd269e416d263f,得字补语候选,补语结构,国际中文教育中文水平等级标准·语法学习手册（初等）,225,支持,多数裁决,B-多数裁决
ASGD-2027-1899,4cbad64415f1f3e4,连动结构候选,多谓词/论元结构,国际中文教育中文水平等级标准·语法学习手册（中等）,352,支持,三人一致,B-多数裁决
ASGD-2027-1900,22096d9ecc4680a6,处所状语候选,时间/处所功能结构,国际中文教育中文水平等级标准·语法学习手册（初等）,20,不支持,多数裁决,C-标注者2裁决
ASGD-2027-1901,f050fbb53c5790ce,没有比较候选,比较构式,国际中文教育中文水平等级标准·语法学习手册（初等）,200,不支持,三人一致,C-标注者2裁决
ASGD-2027-1908,bd195e0945fceab4,连动结构候选,多谓词/论元结构,国际中文教育中文水平等级标准·语法学习手册（初等）,56,支持,多数裁决,C-标注者2裁决
ASGD-2027-1909,594882e635185d6d,被字句候选,被动/受事凸显构式,国际中文教育中文水平等级标准·语法学习手册（高等）,69,支持,多数裁决,B-多数裁决
ASGD-2027-1911,050dd20b14eb8614,得字补语候选,补语结构,国际中文教育中文水平等级标准·语法学习手册（中等）,59,部分支持,多数裁决,C-标注者2裁决
ASGD-2027-1912,73bc4c8c1835b887,时间状语候选,时间/处所功能结构,国际中文教育中文水平等级标准·语法学习手册（高等）,99,支持,多数裁决,C-标注者2裁决
ASGD-2027-1913,d7ed66565510d284,比字比较候选,比较构式,国际中文教育中文水平等级标准·语法学习手册（高等）,129,支持,多数裁决,C-标注者2裁决
ASGD-2027-1918,3537334844a55d0e,把字句候选,处置/受事重组构式,国际中文教育中文水平等级标准·语法学习手册（中等）,380,支持,多数裁决,B-多数裁决
ASGD-2027-1921,7d1de52055710424,双宾/给予结构候选,多谓词/论元结构,国际中文教育中文水平等级标准·语法学习手册（初等）,375,不支持,多数裁决,C-标注者2裁决
ASGD-2027-1922,22bb25c9c2f26800,时间状语候选,时间/处所功能结构,国际中文教育中文水平等级标准·语法学习手册（高等）,49,支持,三人一致,B-多数裁决
ASGD-2027-1929,3737ae659ce3bc59,没有比较候选,比较构式,国际中文教育中文水平等级标准·语法学习手册（初等）,397,不支持,三人一致,C-标注者2裁决
ASGD-2027-1936,6949b713ca472358,一边...一边候选,复句关联结构,国际中文教育中文水平等级标准·语法学习手册（初等）,99,支持,多数裁决,C-标注者2裁决
ASGD-2027-1937,6f6ebace2e81d3ff,把字句候选,处置/受事重组构式,国际中文教育中文水平等级标准·语法学习手册（初等）,357,支持,多数裁决,B-多数裁决
ASGD-2027-1946,22859a33324f719b,没有比较候选,比较构式,国际中文教育中文水平等级标准·语法学习手册（初等）,357,不支持,三人一致,C-标注者2裁决
ASGD-2027-1955,19a4562840e320ad,时间状语候选,时间/处所功能结构,国际中文教育中文水平等级标准·语法学习手册（中等）,153,支持,三人一致,B-多数裁决
ASGD-2027-1957,3f033da58d24ac99,时间状语候选,时间/处所功能结构,国际中文教育中文水平等级标准·语法学习手册（初等）,298,支持,多数裁决,C-标注者2裁决
ASGD-2027-1959,96b5db9fa700b120,把字句候选,处置/受事重组构式,国际中文教育中文水平等级标准·语法学习手册（中等）,220,支持,三人一致,B-多数裁决
ASGD-2027-1962,ca8c76d52dee4d11,对字介词框架候选,介词/框架结构,国际中文教育中文水平等级标准·语法学习手册（高等）,81,不支持,多数裁决,C-标注者2裁决
ASGD-2027-1964,f8efc0b806e9b9cb,得字补语候选,补语结构,国际中文教育中文水平等级标准·语法学习手册（初等）,309,支持,多数裁决,B-多数裁决
ASGD-2027-1969,7afec0417d0acca2,没有比较候选,比较构式,国际中文教育中文水平等级标准·语法学习手册（初等）,199,不支持,三人一致,C-标注者2裁决
ASGD-2027-1970,905c2fae0c036605,连动结构候选,多谓词/论元结构,国际中文教育中文水平等级标准·语法学习手册（高等）,150,支持,三人一致,B-多数裁决
ASGD-2027-1973,26e7e447b4de56b1,被字句候选,被动/受事凸显构式,国际中文教育中文水平等级标准·语法学习手册（高等）,128,不支持,多数裁决,C-标注者2裁决
ASGD-2027-1981,4aa516181b9a905b,比字比较候选,比较构式,国际中文教育中文水平等级标准·语法学习手册（初等）,204,支持,三人一致,B-多数裁决
ASGD-2027-1982,672070dde30213dc,双宾/给予结构候选,多谓词/论元结构,国际中文教育中文水平等级标准·语法学习手册（中等）,285,支持,三人一致,B-多数裁决
ASGD-2027-1984,9bf403659ec91d8d,处所状语候选,时间/处所功能结构,国际中文教育中文水平等级标准·语法学习手册（初等）,66,支持,三人一致,B-多数裁决
ASGD-2027-1985,dbddf747bd1092d9,兼语结构候选,多谓词/论元结构,国际中文教育中文水平等级标准·语法学习手册（初等）,362,支持,多数裁决,C-标注者2裁决
ASGD-2027-1990,19500608b53f7b4e,从字介词框架候选,介词/框架结构,国际中文教育中文水平等级标准·语法学习手册（初等）,321,支持,三人一致,B-多数裁决
ASGD-2027-1995,48aa660716560f3e,不如比较候选,比较构式,国际中文教育中文水平等级标准·语法学习手册（中等）,256,支持,多数裁决,C-标注者2裁决
ASGD-2027-1996,75952d16b675ddaa,处所状语候选,时间/处所功能结构,国际中文教育中文水平等级标准·语法学习手册（中等）,293,部分支持,无多数-标注者2裁决,C-标注者2裁决
ASGD-2027-2000,74faf38a996a79ea,得字补语候选,补语结构,国际中文教育中文水平等级标准·语法学习手册（中等）,253,支持,多数裁决,B-多数裁决
ASGD-2027-2003,a44b69b186805e57,在字介词框架候选,介词/框架结构,国际中文教育中文水平等级标准·语法学习手册（初等）,67,支持,多数裁决,C-标注者2裁决
ASGD-2027-2004,d7f48864066be495,一样比较候选,比较构式,国际中文教育中文水平等级标准·语法学习手册（初等）,213,支持,三人一致,B-多数裁决
ASGD-2027-2022,66ef713cebaccee4,数量/时量补语候选,补语结构,国际中文教育中文水平等级标准·语法学习手册（初等）,351,支持,多数裁决,B-多数裁决
ASGD-2027-2026,5c73ae83cf4d29f5,把字句候选,处置/受事重组构式,国际中文教育中文水平等级标准·语法学习手册（高等）,151,支持,多数裁决,B-多数裁决
ASGD-2027-2028,ace71d40ce51a252,没有比较候选,比较构式,国际中文教育中文水平等级标准·语法学习手册（初等）,344,不支持,三人一致,C-标注者2裁决
ASGD-2027-2033,ddbd33ca05555a5f,双宾/给予结构候选,多谓词/论元结构,国际中文教育中文水平等级标准·语法学习手册（初等）,175,支持,三人一致,B-多数裁决
ASGD-2027-2037,bb142f1d650d5fd7,处所状语候选,时间/处所功能结构,国际中文教育中文水平等级标准·语法学习手册（中等）,39,支持,多数裁决,B-多数裁决
ASGD-2027-2038,b5ef053b9180154f,从字介词框架候选,介词/框架结构,国际中文教育中文水平等级标准·语法学习手册（初等）,176,支持,三人一致,B-多数裁决
ASGD-2027-2040,89b61f90fb0ba001,处所状语候选,时间/处所功能结构,国际中文教育中文水平等级标准·语法学习手册（中等）,175,部分支持,无多数-标注者2裁决,C-标注者2裁决
ASGD-2027-2043,3db3ade9e36e7b9c,得字补语候选,补语结构,国际中文教育中文水平等级标准·语法学习手册（高等）,95,支持,多数裁决,B-多数裁决
ASGD-2027-2045,913a20e2e8979119,双宾/给予结构候选,多谓词/论元结构,国际中文教育中文水平等级标准·语法学习手册（高等）,214,支持,多数裁决,C-标注者2裁决
ASGD-2027-2047,518bbd63cbd5a9cf,给/为/关于等介词框架候选,介词/框架结构,国际中文教育中文水平等级标准·语法学习手册（初等）,328,支持,三人一致,B-多数裁决
ASGD-2027-2049,67ba18cb83431b04,把字句候选,处置/受事重组构式,国际中文教育中文水平等级标准·语法学习手册（初等）,259,不支持,多数裁决,C-标注者2裁决
ASGD-2027-2055,5807b9ce9442646d,数量/时量补语候选,补语结构,国际中文教育中文水平等级标准·语法学习手册（中等）,159,支持,多数裁决,B-多数裁决
ASGD-2027-2056,cb1d3011f7dede1f,被字句候选,被动/受事凸显构式,国际中文教育中文水平等级标准·语法学习手册（初等）,358,不支持,三人一致,C-标注者2裁决
ASGD-2027-2057,e1c88dc187a70227,被字句候选,被动/受事凸显构式,国际中文教育中文水平等级标准·语法学习手册（初等）,319,支持,三人一致,B-多数裁决
ASGD-2027-2058,ff519639fd34c0c8,把字句候选,处置/受事重组构式,国际中文教育中文水平等级标准·语法学习手册（中等）,218,支持,三人一致,B-多数裁决
ASGD-2027-2059,bfc91a89ef8819d0,被字句候选,被动/受事凸显构式,国际中文教育中文水平等级标准·语法学习手册（高等）,178,支持,三人一致,B-多数裁决
ASGD-2027-2062,58991e866d946c85,被字句候选,被动/受事凸显构式,国际中文教育中文水平等级标准·语法学习手册（高等）,126,支持,多数裁决,B-多数裁决
ASGD-2027-2063,2ade30bde421d1c9,数量/时量补语候选,补语结构,国际中文教育中文水平等级标准·语法学习手册（初等）,203,支持,多数裁决,B-多数裁决
ASGD-2027-2068,677b7e31106a500b,得字补语候选,补语结构,国际中文教育中文水平等级标准·语法学习手册（高等）,166,不支持,无多数-标注者2裁决,C-标注者2裁决
ASGD-2027-2070,11f73355ac13d7e4,把字句候选,处置/受事重组构式,国际中文教育中文水平等级标准·语法学习手册（中等）,345,支持,三人一致,B-多数裁决
ASGD-2027-2073,3edb3a97cdd8751e,双宾/给予结构候选,多谓词/论元结构,国际中文教育中文水平等级标准·语法学习手册（中等）,133,支持,多数裁决,C-标注者2裁决
ASGD-2027-2078,47b1373173cfcdbc,把字句候选,处置/受事重组构式,国际中文教育中文水平等级标准·语法学习手册（高等）,100,支持,三人一致,B-多数裁决
ASGD-2027-2080,1a5fe6801e8acda8,所以候选,复句关联结构,国际中文教育中文水平等级标准·语法学习手册（初等）,237,支持,三人一致,B-多数裁决
ASGD-2027-2083,787224090a358464,比字比较候选,比较构式,国际中文教育中文水平等级标准·语法学习手册（中等）,65,支持,三人一致,B-多数裁决
ASGD-2027-2089,a999c9df6ca6103a,比字比较候选,比较构式,国际中文教育中文水平等级标准·语法学习手册（高等）,137,支持,三人一致,B-多数裁决
ASGD-2027-2093,e74fd368eef65e35,没有比较候选,比较构式,国际中文教育中文水平等级标准·语法学习手册（初等）,237,不支持,三人一致,C-标注者2裁决
ASGD-2027-2094,0769a8529455f6e5,得字补语候选,补语结构,国际中文教育中文水平等级标准·语法学习手册（中等）,308,支持,多数裁决,B-多数裁决
ASGD-2027-2096,45ae562c957e86f9,把字句候选,处置/受事重组构式,国际中文教育中文水平等级标准·语法学习手册（中等）,115,支持,多数裁决,B-多数裁决
ASGD-2027-2099,5f520fb76a6321e3,虽然...但是候选,复句关联结构,国际中文教育中文水平等级标准·语法学习手册（中等）,58,支持,多数裁决,C-标注者2裁决
ASGD-2027-2106,215cda619698e7d8,被字句候选,被动/受事凸显构式,国际中文教育中文水平等级标准·语法学习手册（高等）,126,支持,三人一致,B-多数裁决
ASGD-2027-2108,d699a0ab7e27b8f1,被字句候选,被动/受事凸显构式,国际中文教育中文水平等级标准·语法学习手册（高等）,147,支持,三人一致,B-多数裁决
ASGD-2027-2110,151e2e1c47464941,没有比较候选,比较构式,国际中文教育中文水平等级标准·语法学习手册（初等）,283,不支持,三人一致,C-标注者2裁决
ASGD-2027-2112,e8416dfbe821b127,时间状语候选,时间/处所功能结构,国际中文教育中文水平等级标准·语法学习手册（初等）,24,支持,三人一致,B-多数裁决
ASGD-2027-2116,a5fd9a860fc10443,得字补语候选,补语结构,国际中文教育中文水平等级标准·语法学习手册（中等）,130,不支持,无多数-标注者2裁决,C-标注者2裁决
ASGD-2027-2119,9bc9bc4773825bd4,连动结构候选,多谓词/论元结构,国际中文教育中文水平等级标准·语法学习手册（初等）,220,支持,多数裁决,C-标注者2裁决
ASGD-2027-2125,68f180f3982eb5d0,得字补语候选,补语结构,国际中文教育中文水平等级标准·语法学习手册（初等）,348,支持,多数裁决,B-多数裁决
ASGD-2027-2126,257bf4c46c499cea,给/为/关于等介词框架候选,介词/框架结构,国际中文教育中文水平等级标准·语法学习手册（中等）,203,支持,多数裁决,C-标注者2裁决
ASGD-2027-2130,4de4cd62e89d53b8,被字句候选,被动/受事凸显构式,国际中文教育中文水平等级标准·语法学习手册（高等）,126,支持,三人一致,B-多数裁决
ASGD-2027-2131,e9889ee4c284cc1d,得字补语候选,补语结构,国际中文教育中文水平等级标准·语法学习手册（中等）,15,支持,无多数-标注者2裁决,C-标注者2裁决
ASGD-2027-2132,02b211fb3daf3548,把字句候选,处置/受事重组构式,国际中文教育中文水平等级标准·语法学习手册（中等）,221,支持,多数裁决,B-多数裁决
ASGD-2027-2134,6dd8a493564ee5ad,数量/时量补语候选,补语结构,国际中文教育中文水平等级标准·语法学习手册（初等）,354,支持,多数裁决,C-标注者2裁决
ASGD-2027-2136,77385dc246bb4190,数量/时量补语候选,补语结构,国际中文教育中文水平等级标准·语法学习手册（初等）,59,支持,多数裁决,B-多数裁决
ASGD-2027-2140,93d8c88b80f3ed43,只要候选,复句关联结构,国际中文教育中文水平等级标准·语法学习手册（初等）,234,支持,三人一致,B-多数裁决
ASGD-2027-2141,3754bd1b7d6c7062,被字句候选,被动/受事凸显构式,国际中文教育中文水平等级标准·语法学习手册（初等）,319,支持,多数裁决,B-多数裁决
ASGD-2027-2142,4f1151ff3ca29d37,被字句候选,被动/受事凸显构式,国际中文教育中文水平等级标准·语法学习手册（高等）,126,支持,三人一致,B-多数裁决
ASGD-2027-2143,a21bdd127e85acf5,给/为/关于等介词框架候选,介词/框架结构,国际中文教育中文水平等级标准·语法学习手册（中等）,24,支持,三人一致,B-多数裁决
ASGD-2027-2144,97f8c03739f2d36d,连动结构候选,多谓词/论元结构,国际中文教育中文水平等级标准·语法学习手册（高等）,78,支持,多数裁决,C-标注者2裁决
ASGD-2027-2145,1cc1ca1f570a1965,给/为/关于等介词框架候选,介词/框架结构,国际中文教育中文水平等级标准·语法学习手册（初等）,174,支持,三人一致,B-多数裁决
ASGD-2027-2146,a9b38f86c09cd0a4,把字句候选,处置/受事重组构式,国际中文教育中文水平等级标准·语法学习手册（高等）,125,支持,多数裁决,B-多数裁决
ASGD-2027-2149,14a3733be599e9cf,只要候选,复句关联结构,国际中文教育中文水平等级标准·语法学习手册（初等）,234,支持,多数裁决,C-标注者2裁决
ASGD-2027-2150,38241a241413df6f,给/为/关于等介词框架候选,介词/框架结构,国际中文教育中文水平等级标准·语法学习手册（初等）,176,支持,三人一致,B-多数裁决
ASGD-2027-2153,22a47d43b310fe3f,比字比较候选,比较构式,国际中文教育中文水平等级标准·语法学习手册（初等）,210,支持,三人一致,B-多数裁决
ASGD-2027-2157,44a0759366ee2d25,时间状语候选,时间/处所功能结构,国际中文教育中文水平等级标准·语法学习手册（中等）,241,支持,多数裁决,C-标注者2裁决
ASGD-2027-2160,65e16f9bb3752941,把字句候选,处置/受事重组构式,国际中文教育中文水平等级标准·语法学习手册（中等）,82,支持,多数裁决,B-多数裁决
ASGD-2027-2163,ba77c30ba73be5e9,从字介词框架候选,介词/框架结构,国际中文教育中文水平等级标准·语法学习手册（初等）,321,支持,三人一致,B-多数裁决
ASGD-2027-2165,0008ca3177ccfd9f,因为...所以候选,复句关联结构,国际中文教育中文水平等级标准·语法学习手册（初等）,317,支持,多数裁决,C-标注者2裁决
ASGD-2027-2169,479383a060f04276,一样比较候选,比较构式,国际中文教育中文水平等级标准·语法学习手册（中等）,296,支持,三人一致,B-多数裁决
ASGD-2027-2177,e4c5caca7a5eacaf,处所状语候选,时间/处所功能结构,国际中文教育中文水平等级标准·语法学习手册（初等）,21,支持,多数裁决,C-标注者2裁决
ASGD-2027-2183,649cbb325cd9b7fb,得字补语候选,补语结构,国际中文教育中文水平等级标准·语法学习手册（初等）,311,支持,多数裁决,B-多数裁决
ASGD-2027-2186,ae6267265c467ef3,双宾/给予结构候选,多谓词/论元结构,国际中文教育中文水平等级标准·语法学习手册（初等）,218,支持,三人一致,B-多数裁决
ASGD-2027-2188,cf6ca2a6cb951a0b,时间状语候选,时间/处所功能结构,国际中文教育中文水平等级标准·语法学习手册（初等）,196,支持,多数裁决,C-标注者2裁决
ASGD-2027-2190,dd1e82623eabd672,时间状语候选,时间/处所功能结构,国际中文教育中文水平等级标准·语法学习手册（高等）,70,支持,三人一致,B-多数裁决
ASGD-2027-2192,731433f3eaf14283,对字介词框架候选,介词/框架结构,国际中文教育中文水平等级标准·语法学习手册（高等）,110,支持,三人一致,B-多数裁决
ASGD-2027-2193,54d6204cf0215c83,时间状语候选,时间/处所功能结构,国际中文教育中文水平等级标准·语法学习手册（高等）,115,支持,三人一致,B-多数裁决
ASGD-2027-2194,3423d22d7ea30a1a,如果...就候选,复句关联结构,国际中文教育中文水平等级标准·语法学习手册（初等）,233,支持,多数裁决,C-标注者2裁决
ASGD-2027-2203,b3db7a2af53188b4,在字介词框架候选,介词/框架结构,国际中文教育中文水平等级标准·语法学习手册（中等）,362,支持,多数裁决,C-标注者2裁决
ASGD-2027-2205,1a37a53188f7cad3,不如比较候选,比较构式,国际中文教育中文水平等级标准·语法学习手册（高等）,177,支持,三人一致,B-多数裁决
ASGD-2027-2206,40f1322876405b7d,把字句候选,处置/受事重组构式,国际中文教育中文水平等级标准·语法学习手册（中等）,74,支持,三人一致,B-多数裁决
ASGD-2027-2207,cd35e971edfab7d8,之所以...是因为候选,复句关联结构,国际中文教育中文水平等级标准·语法学习手册（高等）,173,支持,多数裁决,C-标注者2裁决
ASGD-2027-2209,47076a67c72b5fc4,时间状语候选,时间/处所功能结构,国际中文教育中文水平等级标准·语法学习手册（高等）,67,支持,三人一致,B-多数裁决
ASGD-2027-2210,b926c1e877557608,得字补语候选,补语结构,国际中文教育中文水平等级标准·语法学习手册（中等）,206,支持,多数裁决,B-多数裁决
ASGD-2027-2213,b39baea17cf71fb2,结果补语候选,补语结构,国际中文教育中文水平等级标准·语法学习手册（初等）,167,支持,三人一致,B-多数裁决
ASGD-2027-2216,67400e9efe1f38b3,被字句候选,被动/受事凸显构式,国际中文教育中文水平等级标准·语法学习手册（高等）,127,支持,多数裁决,B-多数裁决
ASGD-2027-2224,ee946a79badd6bb8,得字补语候选,补语结构,国际中文教育中文水平等级标准·语法学习手册（初等）,369,支持,多数裁决,B-多数裁决
ASGD-2027-2226,2e9ad3e92c77c5b3,把字句候选,处置/受事重组构式,国际中文教育中文水平等级标准·语法学习手册（高等）,123,支持,多数裁决,B-多数裁决
ASGD-2027-2227,c846014ae37e9773,给/为/关于等介词框架候选,介词/框架结构,国际中文教育中文水平等级标准·语法学习手册（初等）,175,支持,三人一致,B-多数裁决
ASGD-2027-2233,e3e136ee140323fc,双宾/给予结构候选,多谓词/论元结构,国际中文教育中文水平等级标准·语法学习手册（初等）,315,支持,三人一致,B-多数裁决
ASGD-2027-2243,e9b1084fd5098545,数量/时量补语候选,补语结构,国际中文教育中文水平等级标准·语法学习手册（初等）,331,支持,多数裁决,C-标注者2裁决
ASGD-2027-2244,5c0b5a46502493aa,被字句候选,被动/受事凸显构式,国际中文教育中文水平等级标准·语法学习手册（中等）,84,支持,三人一致,B-多数裁决
ASGD-2027-2247,c761346ece7c2250,比字比较候选,比较构式,国际中文教育中文水平等级标准·语法学习手册（初等）,210,支持,三人一致,B-多数裁决
ASGD-2027-2251,b397df7fbad9a0cb,没有比较候选,比较构式,国际中文教育中文水平等级标准·语法学习手册（中等）,156,不支持,三人一致,C-标注者2裁决
ASGD-2027-2256,9b65427e9e9697b8,时间状语候选,时间/处所功能结构,国际中文教育中文水平等级标准·语法学习手册（中等）,329,支持,三人一致,B-多数裁决
ASGD-2027-2259,f6314ceb25b11e18,在字介词框架候选,介词/框架结构,国际中文教育中文水平等级标准·语法学习手册（初等）,54,支持,多数裁决,C-标注者2裁决
ASGD-2027-2261,a11318d3688faf52,越...越候选,比较构式,国际中文教育中文水平等级标准·语法学习手册（高等）,43,支持,三人一致,B-多数裁决
ASGD-2027-2265,f72a5b402172fa09,向/往/朝介词框架候选,介词/框架结构,国际中文教育中文水平等级标准·语法学习手册（高等）,214,支持,三人一致,B-多数裁决
ASGD-2027-2266,e3e136ee140323fc,得字补语候选,补语结构,国际中文教育中文水平等级标准·语法学习手册（初等）,315,不支持,无多数-标注者2裁决,C-标注者2裁决
ASGD-2027-2267,3694fde8010ba41c,处所状语候选,时间/处所功能结构,国际中文教育中文水平等级标准·语法学习手册（初等）,40,不支持,多数裁决,C-标注者2裁决
ASGD-2027-2272,80e6684b1ae96fb9,给/为/关于等介词框架候选,介词/框架结构,国际中文教育中文水平等级标准·语法学习手册（初等）,176,支持,三人一致,B-多数裁决
ASGD-2027-2273,c907323c7645f458,在字介词框架候选,介词/框架结构,国际中文教育中文水平等级标准·语法学习手册（中等）,177,支持,多数裁决,C-标注者2裁决
ASGD-2027-2285,1af0bc63b99e5008,比字比较候选,比较构式,国际中文教育中文水平等级标准·语法学习手册（初等）,364,支持,三人一致,B-多数裁决
ASGD-2027-2290,38aca4417f0aaead,把字句候选,处置/受事重组构式,国际中文教育中文水平等级标准·语法学习手册（中等）,13,支持,三人一致,B-多数裁决
ASGD-2027-2291,aff427eab61e35e2,只要候选,复句关联结构,国际中文教育中文水平等级标准·语法学习手册（初等）,298,支持,三人一致,B-多数裁决
ASGD-2027-2300,49660a06ccb004e9,不但...而且候选,复句关联结构,国际中文教育中文水平等级标准·语法学习手册（初等）,225,支持,多数裁决,C-标注者2裁决
ASGD-2027-2304,91b8d7a4f5fd451c,得字补语候选,补语结构,国际中文教育中文水平等级标准·语法学习手册（中等）,136,不支持,多数裁决,C-标注者2裁决
ASGD-2027-2305,9898501068ba2b30,得字补语候选,补语结构,国际中文教育中文水平等级标准·语法学习手册（中等）,13,不支持,无多数-标注者2裁决,C-标注者2裁决
ASGD-2027-2309,d6964c9a809f4643,给/为/关于等介词框架候选,介词/框架结构,国际中文教育中文水平等级标准·语法学习手册（初等）,327,支持,多数裁决,C-标注者2裁决
ASGD-2027-2312,f3373e149635dfa4,在字介词框架候选,介词/框架结构,国际中文教育中文水平等级标准·语法学习手册（中等）,144,支持,多数裁决,C-标注者2裁决
ASGD-2027-2314,21c2a2fe579a4aba,没有比较候选,比较构式,国际中文教育中文水平等级标准·语法学习手册（中等）,128,不支持,多数裁决,C-标注者2裁决
ASGD-2027-2318,7f57c76fe256d82d,被字句候选,被动/受事凸显构式,国际中文教育中文水平等级标准·语法学习手册（高等）,62,支持,三人一致,B-多数裁决
ASGD-2027-2319,24e8e7ceb0cd526f,把字句候选,处置/受事重组构式,国际中文教育中文水平等级标准·语法学习手册（初等）,356,支持,多数裁决,C-标注者2裁决
ASGD-2027-2321,8fb34064b36008ff,得字补语候选,补语结构,国际中文教育中文水平等级标准·语法学习手册（高等）,201,不支持,多数裁决,C-标注者2裁决
ASGD-2027-2328,57ebb53e5c663d4a,被字句候选,被动/受事凸显构式,国际中文教育中文水平等级标准·语法学习手册（高等）,26,支持,多数裁决,B-多数裁决
ASGD-2027-2332,cfe45311f72d1ca3,比字比较候选,比较构式,国际中文教育中文水平等级标准·语法学习手册（初等）,365,支持,三人一致,B-多数裁决
ASGD-2027-2338,0e935911191f3378,所以候选,复句关联结构,国际中文教育中文水平等级标准·语法学习手册（初等）,382,支持,三人一致,B-多数裁决
ASGD-2027-2341,f797c28a3555b67a,比字比较候选,比较构式,国际中文教育中文水平等级标准·语法学习手册（高等）,55,不支持,三人一致,C-标注者2裁决
ASGD-2027-2344,d0fa818db79071ba,如果候选,复句关联结构,国际中文教育中文水平等级标准·语法学习手册（中等）,326,支持,多数裁决,B-多数裁决
ASGD-2027-2345,1b68987a8febcdc9,被字句候选,被动/受事凸显构式,国际中文教育中文水平等级标准·语法学习手册（初等）,359,不支持,无多数-标注者2裁决,C-标注者2裁决
ASGD-2027-2353,5082b73898c96175,不如比较候选,比较构式,国际中文教育中文水平等级标准·语法学习手册（高等）,154,支持,多数裁决,C-标注者2裁决
ASGD-2027-2355,820bf94fcdcdcf30,处所状语候选,时间/处所功能结构,国际中文教育中文水平等级标准·语法学习手册（初等）,20,支持,三人一致,B-多数裁决
ASGD-2027-2357,311e0aa26bf718ff,给/为/关于等介词框架候选,介词/框架结构,国际中文教育中文水平等级标准·语法学习手册（初等）,127,支持,多数裁决,C-标注者2裁决
ASGD-2027-2359,8daa540336cd6b7d,只要候选,复句关联结构,国际中文教育中文水平等级标准·语法学习手册（初等）,157,支持,多数裁决,C-标注者2裁决
ASGD-2027-2360,705fb7c5975e979a,在字介词框架候选,介词/框架结构,国际中文教育中文水平等级标准·语法学习手册（初等）,176,支持,多数裁决,C-标注者2裁决
ASGD-2027-2361,76e9c1edea180be2,把字句候选,处置/受事重组构式,国际中文教育中文水平等级标准·语法学习手册（中等）,339,支持,多数裁决,B-多数裁决
ASGD-2027-2365,f1735e4eb04c2f46,得字补语候选,补语结构,国际中文教育中文水平等级标准·语法学习手册（高等）,84,不支持,多数裁决,C-标注者2裁决
ASGD-2027-2372,81571c40b14e79bc,被字句候选,被动/受事凸显构式,国际中文教育中文水平等级标准·语法学习手册（初等）,413,不支持,多数裁决,C-标注者2裁决
ASGD-2027-2378,9036e4fb592d0d50,比字比较候选,比较构式,国际中文教育中文水平等级标准·语法学习手册（初等）,365,支持,三人一致,B-多数裁决
ASGD-2027-2380,26e306c5ef4749cd,被字句候选,被动/受事凸显构式,国际中文教育中文水平等级标准·语法学习手册（初等）,358,支持,三人一致,B-多数裁决
ASGD-2027-2381,59e56d7586c537a0,把字句候选,处置/受事重组构式,国际中文教育中文水平等级标准·语法学习手册（中等）,275,支持,三人一致,B-多数裁决
ASGD-2027-2384,a8c9e625463b2292,时间状语候选,时间/处所功能结构,国际中文教育中文水平等级标准·语法学习手册（高等）,40,支持,三人一致,B-多数裁决
ASGD-2027-2385,c6b7b9cb4860fb1b,把字句候选,处置/受事重组构式,国际中文教育中文水平等级标准·语法学习手册（中等）,223,支持,三人一致,B-多数裁决
ASGD-2027-2393,decfe14bc743c38b,双宾/给予结构候选,多谓词/论元结构,国际中文教育中文水平等级标准·语法学习手册（初等）,71,不支持,多数裁决,C-标注者2裁决
ASGD-2027-2396,0fe4c75160669665,把字句候选,处置/受事重组构式,国际中文教育中文水平等级标准·语法学习手册（中等）,79,支持,多数裁决,B-多数裁决
ASGD-2027-2399,c6fd56dbd1009ec9,处所状语候选,时间/处所功能结构,国际中文教育中文水平等级标准·语法学习手册（中等）,378,不支持,多数裁决,B-多数裁决
ASGD-2027-2402,56718c84776ca7f7,没有比较候选,比较构式,国际中文教育中文水平等级标准·语法学习手册（初等）,83,不支持,三人一致,C-标注者2裁决
ASGD-2027-2409,1b97a0700d55aa26,被字句候选,被动/受事凸显构式,国际中文教育中文水平等级标准·语法学习手册（高等）,68,支持,多数裁决,B-多数裁决
ASGD-2027-2411,51cac92c9105c1b2,时间状语候选,时间/处所功能结构,国际中文教育中文水平等级标准·语法学习手册（初等）,254,支持,三人一致,B-多数裁决
ASGD-2027-2412,c7077d706c0d5380,双宾/给予结构候选,多谓词/论元结构,国际中文教育中文水平等级标准·语法学习手册（初等）,71,不支持,多数裁决,C-标注者2裁决
ASGD-2027-2415,0fc8a646210752c6,把字句候选,处置/受事重组构式,国际中文教育中文水平等级标准·语法学习手册（初等）,356,支持,三人一致,B-多数裁决
ASGD-2027-2422,a0e8e2669543e749,连动结构候选,多谓词/论元结构,国际中文教育中文水平等级标准·语法学习手册（中等）,136,支持,多数裁决,C-标注者2裁决
ASGD-2027-2431,0e98fd27306311b8,把字句候选,处置/受事重组构式,国际中文教育中文水平等级标准·语法学习手册（中等）,82,支持,多数裁决,B-多数裁决
ASGD-2027-2435,7ed40054805c2ebc,把字句候选,处置/受事重组构式,国际中文教育中文水平等级标准·语法学习手册（中等）,244,支持,三人一致,B-多数裁决
ASGD-2027-2437,d24411f82f589fbc,比字比较候选,比较构式,国际中文教育中文水平等级标准·语法学习手册（高等）,52,支持,三人一致,B-多数裁决
ASGD-2027-2438,917560bd1e4250f4,被字句候选,被动/受事凸显构式,国际中文教育中文水平等级标准·语法学习手册（中等）,83,支持,多数裁决,B-多数裁决
ASGD-2027-2439,e3a6f722ac41fd50,双宾/给予结构候选,多谓词/论元结构,国际中文教育中文水平等级标准·语法学习手册（中等）,133,支持,多数裁决,C-标注者2裁决
ASGD-2027-2440,bfda770cfd7cac5e,给/为/关于等介词框架候选,介词/框架结构,国际中文教育中文水平等级标准·语法学习手册（初等）,326,支持,多数裁决,C-标注者2裁决
ASGD-2027-2443,b8c1e26faafa74bf,即使候选,复句关联结构,国际中文教育中文水平等级标准·语法学习手册（中等）,242,支持,三人一致,B-多数裁决
ASGD-2027-2444,d138faa5ca66e190,时间状语候选,时间/处所功能结构,国际中文教育中文水平等级标准·语法学习手册（高等）,173,支持,三人一致,B-多数裁决
ASGD-2027-2445,5a47c8032263ec99,被字句候选,被动/受事凸显构式,国际中文教育中文水平等级标准·语法学习手册（高等）,213,不支持,无多数-标注者2裁决,C-标注者2裁决
ASGD-2027-2447,1cdb73d5cd2f6674,时间状语候选,时间/处所功能结构,国际中文教育中文水平等级标准·语法学习手册（中等）,136,支持,三人一致,B-多数裁决
ASGD-2027-2454,cc97f94fe9ab8562,但是候选,复句关联结构,国际中文教育中文水平等级标准·语法学习手册（初等）,278,支持,三人一致,B-多数裁决
ASGD-2027-2455,91015134dafe012f,给/为/关于等介词框架候选,介词/框架结构,国际中文教育中文水平等级标准·语法学习手册（初等）,175,支持,三人一致,B-多数裁决
ASGD-2027-2458,8f47eec594067e56,被字句候选,被动/受事凸显构式,国际中文教育中文水平等级标准·语法学习手册（高等）,67,支持,三人一致,B-多数裁决
ASGD-2027-2463,a6111d9cabf0eabf,因为候选,复句关联结构,国际中文教育中文水平等级标准·语法学习手册（高等）,116,支持,多数裁决,B-多数裁决
ASGD-2027-2464,676803a1d5a16413,向/往/朝介词框架候选,介词/框架结构,国际中文教育中文水平等级标准·语法学习手册（高等）,31,支持,多数裁决,C-标注者2裁决
ASGD-2027-2467,1bac0505dd33619f,得字补语候选,补语结构,国际中文教育中文水平等级标准·语法学习手册（高等）,168,不支持,多数裁决,C-标注者2裁决
ASGD-2027-2470,df3df266b0921126,把字句候选,处置/受事重组构式,国际中文教育中文水平等级标准·语法学习手册（中等）,222,支持,三人一致,B-多数裁决
ASGD-2027-2472,122c5fdb8ca49fcc,给/为/关于等介词框架候选,介词/框架结构,国际中文教育中文水平等级标准·语法学习手册（初等）,256,支持,多数裁决,C-标注者2裁决
ASGD-2027-2473,adeb009bc4f3196c,处所状语候选,时间/处所功能结构,国际中文教育中文水平等级标准·语法学习手册（初等）,31,支持,三人一致,B-多数裁决
ASGD-2027-2476,e75b52d68c4480d4,之所以...是因为候选,复句关联结构,国际中文教育中文水平等级标准·语法学习手册（高等）,174,支持,多数裁决,C-标注者2裁决
ASGD-2027-2479,9651d00d3545ac3c,双宾/给予结构候选,多谓词/论元结构,国际中文教育中文水平等级标准·语法学习手册（初等）,283,支持,三人一致,B-多数裁决
ASGD-2027-2480,5b9da97b0f3c43e2,比字比较候选,比较构式,国际中文教育中文水平等级标准·语法学习手册（初等）,364,支持,三人一致,B-多数裁决
ASGD-2027-2483,3d0ef8682f083196,把字句候选,处置/受事重组构式,国际中文教育中文水平等级标准·语法学习手册（中等）,220,支持,三人一致,B-多数裁决
ASGD-2027-2485,2bc4be19b44ccaa3,在字介词框架候选,介词/框架结构,国际中文教育中文水平等级标准·语法学习手册（中等）,361,支持,多数裁决,C-标注者2裁决
ASGD-2027-2486,e52ff1bbff846ad0,把字句候选,处置/受事重组构式,国际中文教育中文水平等级标准·语法学习手册（中等）,80,支持,多数裁决,C-标注者2裁决
ASGD-2027-2487,4da1a4c5ad175ada,双宾/给予结构候选,多谓词/论元结构,国际中文教育中文水平等级标准·语法学习手册（初等）,322,支持,多数裁决,C-标注者2裁决
ASGD-2027-2488,037142b0082052ba,被字句候选,被动/受事凸显构式,国际中文教育中文水平等级标准·语法学习手册（高等）,68,支持,多数裁决,C-标注者2裁决
ASGD-2027-2489,4c48fcccdaa26187,向/往/朝介词框架候选,介词/框架结构,国际中文教育中文水平等级标准·语法学习手册（初等）,172,支持,三人一致,B-多数裁决
ASGD-2027-2491,56748c1088eb9f42,得字补语候选,补语结构,国际中文教育中文水平等级标准·语法学习手册（中等）,66,不支持,多数裁决,C-标注者2裁决
ASGD-2027-2500,459892f4cd47a056,把字句候选,处置/受事重组构式,国际中文教育中文水平等级标准·语法学习手册（中等）,171,支持,三人一致,B-多数裁决
ASGD-2027-2503,f4cd2544a923dd64,时间状语候选,时间/处所功能结构,国际中文教育中文水平等级标准·语法学习手册（中等）,103,支持,多数裁决,C-标注者2裁决
ASGD-2027-2507,df38c8c525537179,把字句候选,处置/受事重组构式,国际中文教育中文水平等级标准·语法学习手册（高等）,153,支持,多数裁决,B-多数裁决
ASGD-2027-2509,296f5acae62ac493,处所状语候选,时间/处所功能结构,国际中文教育中文水平等级标准·语法学习手册（中等）,381,不支持,三人一致,C-标注者2裁决
ASGD-2027-2511,f1da9b9f2848b607,被字句候选,被动/受事凸显构式,国际中文教育中文水平等级标准·语法学习手册（中等）,224,不支持,多数裁决,C-标注者2裁决
ASGD-2027-2512,ec7c5542d17f2303,因为候选,复句关联结构,国际中文教育中文水平等级标准·语法学习手册（初等）,237,支持,多数裁决,B-多数裁决
ASGD-2027-2514,1e93177f41acb9da,处所状语候选,时间/处所功能结构,国际中文教育中文水平等级标准·语法学习手册（初等）,31,部分支持,无多数-标注者2裁决,C-标注者2裁决
ASGD-2027-2515,b07fd69a0e4e452b,时间状语候选,时间/处所功能结构,国际中文教育中文水平等级标准·语法学习手册（初等）,249,支持,三人一致,B-多数裁决
ASGD-2027-2516,e703d134a1a5fe69,连动结构候选,多谓词/论元结构,国际中文教育中文水平等级标准·语法学习手册（初等）,146,部分支持,多数裁决,C-标注者2裁决
ASGD-2027-2518,61ee6e47f8a60779,所以候选,复句关联结构,国际中文教育中文水平等级标准·语法学习手册（高等）,173,支持,三人一致,B-多数裁决
ASGD-2027-2521,cbba004e8821cf4a,比字比较候选,比较构式,国际中文教育中文水平等级标准·语法学习手册（高等）,58,不支持,三人一致,C-标注者2裁决
ASGD-2027-2522,5726f2b92deb7455,从字介词框架候选,介词/框架结构,国际中文教育中文水平等级标准·语法学习手册（初等）,173,支持,三人一致,B-多数裁决
ASGD-2027-2526,45d2f0ce4f95d03e,时间状语候选,时间/处所功能结构,国际中文教育中文水平等级标准·语法学习手册（中等）,154,支持,三人一致,B-多数裁决
ASGD-2027-2527,a2a510b200689c8b,把字句候选,处置/受事重组构式,国际中文教育中文水平等级标准·语法学习手册（高等）,67,支持,三人一致,B-多数裁决
ASGD-2027-2528,4cd506c0b25b7501,把字句候选,处置/受事重组构式,国际中文教育中文水平等级标准·语法学习手册（中等）,80,支持,三人一致,B-多数裁决
ASGD-2027-2530,a58e3acef2d6f089,把字句候选,处置/受事重组构式,国际中文教育中文水平等级标准·语法学习手册（高等）,212,支持,多数裁决,B-多数裁决
ASGD-2027-2531,e61434f2c3a4c954,时间状语候选,时间/处所功能结构,国际中文教育中文水平等级标准·语法学习手册（初等）,168,支持,三人一致,B-多数裁决
ASGD-2027-2533,2a2043d59671112b,连动结构候选,多谓词/论元结构,国际中文教育中文水平等级标准·语法学习手册（初等）,169,支持,三人一致,B-多数裁决
ASGD-2027-2534,4e98619fecb8d1ac,处所状语候选,时间/处所功能结构,国际中文教育中文水平等级标准·语法学习手册（初等）,66,支持,多数裁决,C-标注者2裁决
ASGD-2027-2536,e68390849ec27f41,比字比较候选,比较构式,国际中文教育中文水平等级标准·语法学习手册（中等）,236,不支持,三人一致,C-标注者2裁决
ASGD-2027-2542,da96f21c203faa33,双宾/给予结构候选,多谓词/论元结构,国际中文教育中文水平等级标准·语法学习手册（初等）,341,不支持,三人一致,C-标注者2裁决
ASGD-2027-2546,2cce31c7e1f4e435,给/为/关于等介词框架候选,介词/框架结构,国际中文教育中文水平等级标准·语法学习手册（初等）,326,支持,三人一致,B-多数裁决
ASGD-2027-2548,6f70d44995a5e5f6,即使候选,复句关联结构,国际中文教育中文水平等级标准·语法学习手册（中等）,248,支持,三人一致,B-多数裁决
ASGD-2027-2549,bbbd003bc6edaf71,对字介词框架候选,介词/框架结构,国际中文教育中文水平等级标准·语法学习手册（高等）,180,支持,三人一致,B-多数裁决
ASGD-2027-2550,96d20a51e61f9c00,被字句候选,被动/受事凸显构式,国际中文教育中文水平等级标准·语法学习手册（初等）,399,支持,多数裁决,B-多数裁决
ASGD-2027-2556,c009f90fb2e41705,数量/时量补语候选,补语结构,国际中文教育中文水平等级标准·语法学习手册（初等）,121,支持,多数裁决,B-多数裁决
ASGD-2027-2561,f27b9233418ef7ef,处所状语候选,时间/处所功能结构,国际中文教育中文水平等级标准·语法学习手册（中等）,380,不支持,多数裁决,C-标注者2裁决
ASGD-2027-2565,30a429fa7d51a9f7,在字介词框架候选,介词/框架结构,国际中文教育中文水平等级标准·语法学习手册（初等）,346,支持,三人一致,B-多数裁决
ASGD-2027-2566,b92e54eaefb53043,数量/时量补语候选,补语结构,国际中文教育中文水平等级标准·语法学习手册（高等）,96,支持,多数裁决,C-标注者2裁决
ASGD-2027-2573,d2e33a67f26b4634,时间状语候选,时间/处所功能结构,国际中文教育中文水平等级标准·语法学习手册（中等）,97,支持,三人一致,B-多数裁决
ASGD-2027-2579,7106578764524252,越...越候选,比较构式,国际中文教育中文水平等级标准·语法学习手册（高等）,110,支持,三人一致,B-多数裁决
ASGD-2027-2580,e02842cc50ee7e84,双宾/给予结构候选,多谓词/论元结构,国际中文教育中文水平等级标准·语法学习手册（初等）,193,不支持,多数裁决,C-标注者2裁决
ASGD-2027-2585,fb0337f2b091b690,没有比较候选,比较构式,国际中文教育中文水平等级标准·语法学习手册（初等）,65,支持,多数裁决,C-标注者2裁决
ASGD-2027-2589,5467afa892e07097,结果补语候选,补语结构,国际中文教育中文水平等级标准·语法学习手册（中等）,21,支持,多数裁决,B-多数裁决
ASGD-2027-2593,18871ea1edd50de3,把字句候选,处置/受事重组构式,国际中文教育中文水平等级标准·语法学习手册（中等）,223,支持,三人一致,B-多数裁决
ASGD-2027-2595,90b22d22fd7ba401,时间状语候选,时间/处所功能结构,国际中文教育中文水平等级标准·语法学习手册（初等）,72,支持,多数裁决,C-标注者2裁决
ASGD-2027-2598,196374df421c8fb5,没有比较候选,比较构式,国际中文教育中文水平等级标准·语法学习手册（初等）,281,不支持,三人一致,C-标注者2裁决
ASGD-2027-2601,a0aa11f0e45005be,得字补语候选,补语结构,国际中文教育中文水平等级标准·语法学习手册（中等）,142,部分支持,多数裁决,C-标注者2裁决
ASGD-2027-2605,d18fe2ea05207760,得字补语候选,补语结构,国际中文教育中文水平等级标准·语法学习手册（高等）,137,不支持,无多数-标注者2裁决,C-标注者2裁决
ASGD-2027-2606,53c07db29422b465,得字补语候选,补语结构,国际中文教育中文水平等级标准·语法学习手册（中等）,143,不支持,多数裁决,C-标注者2裁决
ASGD-2027-2610,c265c6172c169524,把字句候选,处置/受事重组构式,国际中文教育中文水平等级标准·语法学习手册（高等）,211,支持,多数裁决,B-多数裁决
ASGD-2027-2611,ba27b97441adb87d,时间状语候选,时间/处所功能结构,国际中文教育中文水平等级标准·语法学习手册（中等）,356,支持,三人一致,B-多数裁决
ASGD-2027-2616,41be5a7e8a0e4da0,所以候选,复句关联结构,国际中文教育中文水平等级标准·语法学习手册（初等）,382,支持,三人一致,B-多数裁决
ASGD-2027-2617,a769d44e277b083d,得字补语候选,补语结构,国际中文教育中文水平等级标准·语法学习手册（高等）,122,支持,多数裁决,B-多数裁决
ASGD-2027-2620,098bcd43be3dd8d8,不但...而且候选,复句关联结构,国际中文教育中文水平等级标准·语法学习手册（初等）,224,支持,多数裁决,C-标注者2裁决
ASGD-2027-2621,cbb390238b8125ff,被字句候选,被动/受事凸显构式,国际中文教育中文水平等级标准·语法学习手册（高等）,95,支持,多数裁决,C-标注者2裁决
ASGD-2027-2622,d80deb4e85eb5946,处所状语候选,时间/处所功能结构,国际中文教育中文水平等级标准·语法学习手册（中等）,39,部分支持,无多数-标注者2裁决,C-标注者2裁决
ASGD-2027-2624,b4f70edcfbbefe23,趋向补语候选,补语结构,国际中文教育中文水平等级标准·语法学习手册（中等）,21,支持,多数裁决,B-多数裁决
ASGD-2027-2625,6ccb07517a263bd0,把字句候选,处置/受事重组构式,国际中文教育中文水平等级标准·语法学习手册（高等）,212,支持,三人一致,B-多数裁决
ASGD-2027-2627,321cdf5d3d4f384d,在字介词框架候选,介词/框架结构,国际中文教育中文水平等级标准·语法学习手册（初等）,270,不支持,无多数-标注者2裁决,C-标注者2裁决
ASGD-2027-2628,021218ff60458519,比字比较候选,比较构式,国际中文教育中文水平等级标准·语法学习手册（初等）,365,支持,三人一致,B-多数裁决
ASGD-2027-2632,5eb05f14875f4e0a,处所状语候选,时间/处所功能结构,国际中文教育中文水平等级标准·语法学习手册（初等）,19,部分支持,无多数-标注者2裁决,C-标注者2裁决
ASGD-2027-2640,397e40eb51a4b561,趋向补语候选,补语结构,国际中文教育中文水平等级标准·语法学习手册（中等）,336,支持,多数裁决,B-多数裁决
ASGD-2027-2643,d13d223801f80a0b,没有比较候选,比较构式,国际中文教育中文水平等级标准·语法学习手册（高等）,101,不支持,三人一致,C-标注者2裁决
ASGD-2027-2648,95f60f810fe536f2,比字比较候选,比较构式,国际中文教育中文水平等级标准·语法学习手册（初等）,263,不支持,三人一致,C-标注者2裁决
ASGD-2027-2653,d1f53275aa9aae8e,在字介词框架候选,介词/框架结构,国际中文教育中文水平等级标准·语法学习手册（高等）,202,支持,多数裁决,C-标注者2裁决
ASGD-2027-2654,24c061835f32ec67,既然候选,复句关联结构,国际中文教育中文水平等级标准·语法学习手册（中等）,329,支持,三人一致,B-多数裁决
ASGD-2027-2661,890e6fbb17add6c4,比字比较候选,比较构式,国际中文教育中文水平等级标准·语法学习手册（中等）,94,不支持,三人一致,C-标注者2裁决
ASGD-2027-2662,459e0f9a01139c71,双宾/给予结构候选,多谓词/论元结构,国际中文教育中文水平等级标准·语法学习手册（中等）,27,不支持,三人一致,C-标注者2裁决
ASGD-2027-2663,d8d32fa5133df9ad,在字介词框架候选,介词/框架结构,国际中文教育中文水平等级标准·语法学习手册（初等）,112,支持,多数裁决,C-标注者2裁决
ASGD-2027-2664,d602bebd45233b3e,没有比较候选,比较构式,国际中文教育中文水平等级标准·语法学习手册（高等）,69,不支持,三人一致,C-标注者2裁决
ASGD-2027-2666,7c42cf85fdb0725f,趋向补语候选,补语结构,国际中文教育中文水平等级标准·语法学习手册（初等）,346,支持,多数裁决,B-多数裁决
ASGD-2027-2668,d5c8006a69d9f92f,比字比较候选,比较构式,国际中文教育中文水平等级标准·语法学习手册（高等）,165,不支持,三人一致,C-标注者2裁决
ASGD-2027-2670,e30a83dcd8bc8598,把字句候选,处置/受事重组构式,国际中文教育中文水平等级标准·语法学习手册（初等）,372,支持,三人一致,B-多数裁决
ASGD-2027-2674,d551090d34949170,得字补语候选,补语结构,国际中文教育中文水平等级标准·语法学习手册（初等）,132,支持,多数裁决,B-多数裁决
ASGD-2027-2675,09b6480bbb7d6daa,没有比较候选,比较构式,国际中文教育中文水平等级标准·语法学习手册（中等）,204,不支持,三人一致,C-标注者2裁决
ASGD-2027-2678,cb00ea45eab4818a,在字介词框架候选,介词/框架结构,国际中文教育中文水平等级标准·语法学习手册（初等）,302,支持,三人一致,B-多数裁决
ASGD-2027-2681,ef664cfcc0b4dbe0,没有比较候选,比较构式,国际中文教育中文水平等级标准·语法学习手册（高等）,199,不支持,三人一致,C-标注者2裁决
ASGD-2027-2682,a9ddfc2fd69449b0,被字句候选,被动/受事凸显构式,国际中文教育中文水平等级标准·语法学习手册（高等）,155,支持,多数裁决,B-多数裁决
ASGD-2027-2688,13e243f73d51103c,把字句候选,处置/受事重组构式,国际中文教育中文水平等级标准·语法学习手册（中等）,43,支持,多数裁决,B-多数裁决
ASGD-2027-2689,5ae9138751b93f06,连动结构候选,多谓词/论元结构,国际中文教育中文水平等级标准·语法学习手册（初等）,104,部分支持,多数裁决,C-标注者2裁决
ASGD-2027-2690,919809276c344683,在字介词框架候选,介词/框架结构,国际中文教育中文水平等级标准·语法学习手册（高等）,78,支持,多数裁决,C-标注者2裁决
ASGD-2027-2700,818686a1f03baf84,在字介词框架候选,介词/框架结构,国际中文教育中文水平等级标准·语法学习手册（高等）,116,支持,多数裁决,C-标注者2裁决
ASGD-2027-2705,3a1d595c2d45f722,得字补语候选,补语结构,国际中文教育中文水平等级标准·语法学习手册（中等）,331,不支持,无多数-标注者2裁决,C-标注者2裁决
ASGD-2027-2708,a2bb7dc65ffa2334,数量/时量补语候选,补语结构,国际中文教育中文水平等级标准·语法学习手册（初等）,202,支持,多数裁决,B-多数裁决
ASGD-2027-2712,4d45e706873fdd14,没有比较候选,比较构式,国际中文教育中文水平等级标准·语法学习手册（高等）,214,不支持,三人一致,C-标注者2裁决
ASGD-2027-2716,7a40a6a9a3598f97,被字句候选,被动/受事凸显构式,国际中文教育中文水平等级标准·语法学习手册（高等）,148,支持,三人一致,B-多数裁决
ASGD-2027-2717,646e1ce96ae26d78,双宾/给予结构候选,多谓词/论元结构,国际中文教育中文水平等级标准·语法学习手册（中等）,243,支持,三人一致,B-多数裁决
ASGD-2027-2721,7d0054e79160821d,得字补语候选,补语结构,国际中文教育中文水平等级标准·语法学习手册（中等）,213,支持,无多数-标注者2裁决,C-标注者2裁决
ASGD-2027-2726,3b31a886b702f871,在字介词框架候选,介词/框架结构,国际中文教育中文水平等级标准·语法学习手册（高等）,53,支持,三人一致,B-多数裁决
ASGD-2027-2731,89cfbfe9e273132e,没有比较候选,比较构式,国际中文教育中文水平等级标准·语法学习手册（中等）,69,不支持,三人一致,C-标注者2裁决
ASGD-2027-2734,b5b71070d9fbfc73,数量/时量补语候选,补语结构,国际中文教育中文水平等级标准·语法学习手册（中等）,58,支持,三人一致,B-多数裁决
ASGD-2027-2740,d63d1d59253bbb09,在字介词框架候选,介词/框架结构,国际中文教育中文水平等级标准·语法学习手册（中等）,72,支持,多数裁决,C-标注者2裁决
ASGD-2027-2745,466d720851db6251,比字比较候选,比较构式,国际中文教育中文水平等级标准·语法学习手册（初等）,268,不支持,三人一致,C-标注者2裁决
ASGD-2027-2747,e83fd5d0fcd7f07c,向/往/朝介词框架候选,介词/框架结构,国际中文教育中文水平等级标准·语法学习手册（初等）,322,支持,三人一致,B-多数裁决
ASGD-2027-2749,5f1b8e68c3739a2c,把字句候选,处置/受事重组构式,国际中文教育中文水平等级标准·语法学习手册（中等）,81,支持,三人一致,B-多数裁决
ASGD-2027-2753,315be10e970f0321,双宾/给予结构候选,多谓词/论元结构,国际中文教育中文水平等级标准·语法学习手册（初等）,149,支持,多数裁决,C-标注者2裁决
ASGD-2027-2758,883066ea392eef1f,给/为/关于等介词框架候选,介词/框架结构,国际中文教育中文水平等级标准·语法学习手册（中等）,243,支持,三人一致,B-多数裁决
ASGD-2027-2760,9326708815d88587,得字补语候选,补语结构,国际中文教育中文水平等级标准·语法学习手册（高等）,197,支持,多数裁决,B-多数裁决
ASGD-2027-2767,d100c836581e718a,把字句候选,处置/受事重组构式,国际中文教育中文水平等级标准·语法学习手册（中等）,81,部分支持,多数裁决,C-标注者2裁决
ASGD-2027-2777,1883cbf2c1ae02df,在字介词框架候选,介词/框架结构,国际中文教育中文水平等级标准·语法学习手册（中等）,177,支持,多数裁决,C-标注者2裁决
ASGD-2027-2781,505a3baf0522d677,处所状语候选,时间/处所功能结构,国际中文教育中文水平等级标准·语法学习手册（中等）,331,不支持,多数裁决,C-标注者2裁决
ASGD-2027-2783,a2abb3413118b5db,被字句候选,被动/受事凸显构式,国际中文教育中文水平等级标准·语法学习手册（中等）,341,不支持,多数裁决,C-标注者2裁决
ASGD-2027-2786,e41cebb1a960eca7,双宾/给予结构候选,多谓词/论元结构,国际中文教育中文水平等级标准·语法学习手册（初等）,193,不支持,多数裁决,C-标注者2裁决
ASGD-2027-2789,309e8a61f1bcd0a9,被字句候选,被动/受事凸显构式,国际中文教育中文水平等级标准·语法学习手册（高等）,24,支持,多数裁决,B-多数裁决
ASGD-2027-2791,1ac51e76fd94e297,被字句候选,被动/受事凸显构式,国际中文教育中文水平等级标准·语法学习手册（中等）,160,支持,多数裁决,B-多数裁决
ASGD-2027-2793,4344d8a4980d1d5f,被字句候选,被动/受事凸显构式,国际中文教育中文水平等级标准·语法学习手册（初等）,328,不支持,多数裁决,C-标注者2裁决
ASGD-2027-2795,29d25c4c22a957ce,被字句候选,被动/受事凸显构式,国际中文教育中文水平等级标准·语法学习手册（中等）,165,支持,多数裁决,B-多数裁决
ASGD-2027-2796,945b89ea9c306db2,如果...就候选,复句关联结构,国际中文教育中文水平等级标准·语法学习手册（初等）,186,支持,多数裁决,C-标注者2裁决
ASGD-2027-2799,f88473a47afbdf4a,把字句候选,处置/受事重组构式,国际中文教育中文水平等级标准·语法学习手册（中等）,222,支持,多数裁决,B-多数裁决
ASGD-2027-2800,0feaaba58e9e238b,把字句候选,处置/受事重组构式,国际中文教育中文水平等级标准·语法学习手册（中等）,223,支持,三人一致,B-多数裁决
ASGD-2027-2808,242854ae26e3ed19,被字句候选,被动/受事凸显构式,国际中文教育中文水平等级标准·语法学习手册（中等）,84,支持,三人一致,B-多数裁决
ASGD-2027-2810,f9250b72abb3267a,从字介词框架候选,介词/框架结构,国际中文教育中文水平等级标准·语法学习手册（初等）,340,支持,三人一致,B-多数裁决
ASGD-2027-2812,4d8e7a3cd3026b4c,被字句候选,被动/受事凸显构式,国际中文教育中文水平等级标准·语法学习手册（中等）,379,支持,多数裁决,B-多数裁决
ASGD-2027-2814,92d33b421dd42324,时间状语候选,时间/处所功能结构,国际中文教育中文水平等级标准·语法学习手册（高等）,52,支持,多数裁决,B-多数裁决
ASGD-2027-2815,c2d2222dd0e266fd,被字句候选,被动/受事凸显构式,国际中文教育中文水平等级标准·语法学习手册（初等）,399,支持,多数裁决,B-多数裁决
ASGD-2027-2817,d57e400b83c7dbb2,把字句候选,处置/受事重组构式,国际中文教育中文水平等级标准·语法学习手册（高等）,76,支持,三人一致,B-多数裁决
ASGD-2027-2822,c4fe6e0550b8d292,被字句候选,被动/受事凸显构式,国际中文教育中文水平等级标准·语法学习手册（中等）,214,支持,多数裁决,B-多数裁决
ASGD-2027-2825,8b89bfc54c8e15d3,时间状语候选,时间/处所功能结构,国际中文教育中文水平等级标准·语法学习手册（初等）,167,支持,多数裁决,C-标注者2裁决
ASGD-2027-2827,20dd1a3f733f7ee9,但是候选,复句关联结构,国际中文教育中文水平等级标准·语法学习手册（中等）,156,支持,三人一致,B-多数裁决
ASGD-2027-2832,9e258fad752fc5d8,时间状语候选,时间/处所功能结构,国际中文教育中文水平等级标准·语法学习手册（中等）,21,支持,三人一致,B-多数裁决
ASGD-2027-2833,a3f62cad4c2f9ae6,把字句候选,处置/受事重组构式,国际中文教育中文水平等级标准·语法学习手册（中等）,219,支持,多数裁决,B-多数裁决
ASGD-2027-2834,4ce09e041cc6dace,被字句候选,被动/受事凸显构式,国际中文教育中文水平等级标准·语法学习手册（初等）,359,不支持,无多数-标注者2裁决,C-标注者2裁决
ASGD-2027-2840,2656664b940e5e62,没有比较候选,比较构式,国际中文教育中文水平等级标准·语法学习手册（初等）,309,不支持,三人一致,C-标注者2裁决
ASGD-2027-2845,380089c2f0feea17,因为候选,复句关联结构,国际中文教育中文水平等级标准·语法学习手册（高等）,32,支持,多数裁决,B-多数裁决
ASGD-2027-2847,9e4fcc15a877edeb,从字介词框架候选,介词/框架结构,国际中文教育中文水平等级标准·语法学习手册（初等）,321,支持,多数裁决,C-标注者2裁决
ASGD-2027-2853,ff526cdd9e10b67f,被字句候选,被动/受事凸显构式,国际中文教育中文水平等级标准·语法学习手册（中等）,161,支持,多数裁决,C-标注者2裁决
ASGD-2027-2854,cfba7f0d2ec1d4cd,得字补语候选,补语结构,国际中文教育中文水平等级标准·语法学习手册（中等）,60,不支持,多数裁决,C-标注者2裁决
ASGD-2027-2860,efbe9a63bdabe3a9,即使候选,复句关联结构,国际中文教育中文水平等级标准·语法学习手册（中等）,241,支持,三人一致,B-多数裁决
ASGD-2027-2863,0b0394776e8d1a2d,从字介词框架候选,介词/框架结构,国际中文教育中文水平等级标准·语法学习手册（初等）,321,支持,三人一致,B-多数裁决
ASGD-2027-2870,d31d558d9ec002f4,处所状语候选,时间/处所功能结构,国际中文教育中文水平等级标准·语法学习手册（中等）,57,部分支持,无多数-标注者2裁决,C-标注者2裁决
ASGD-2027-2871,d0117ea91b1ad6f6,对字介词框架候选,介词/框架结构,国际中文教育中文水平等级标准·语法学习手册（初等）,265,支持,三人一致,B-多数裁决
ASGD-2027-2872,4ae52a539059bc9e,得字补语候选,补语结构,国际中文教育中文水平等级标准·语法学习手册（高等）,122,支持,多数裁决,B-多数裁决
ASGD-2027-2874,e06574d72a964a02,在字介词框架候选,介词/框架结构,国际中文教育中文水平等级标准·语法学习手册（初等）,219,支持,多数裁决,C-标注者2裁决
ASGD-2027-2878,c4bea75030c458de,数量/时量补语候选,补语结构,国际中文教育中文水平等级标准·语法学习手册（初等）,353,支持,多数裁决,B-多数裁决
ASGD-2027-2882,b9a14776776d0f7d,趋向补语候选,补语结构,国际中文教育中文水平等级标准·语法学习手册（中等）,254,支持,多数裁决,B-多数裁决
ASGD-2027-2884,671eeb75f1f402b6,双宾/给予结构候选,多谓词/论元结构,国际中文教育中文水平等级标准·语法学习手册（初等）,216,支持,三人一致,B-多数裁决
ASGD-2027-2888,c2f35063a9b44b1d,把字句候选,处置/受事重组构式,国际中文教育中文水平等级标准·语法学习手册（初等）,357,支持,三人一致,B-多数裁决
ASGD-2027-2891,519dbf7f92a70744,被字句候选,被动/受事凸显构式,国际中文教育中文水平等级标准·语法学习手册（高等）,26,支持,多数裁决,B-多数裁决
ASGD-2027-2892,3e07bcfc43298c76,处所状语候选,时间/处所功能结构,国际中文教育中文水平等级标准·语法学习手册（初等）,20,支持,多数裁决,C-标注者2裁决
ASGD-2027-2893,08b7454b79deef8a,被字句候选,被动/受事凸显构式,国际中文教育中文水平等级标准·语法学习手册（中等）,385,不支持,多数裁决,C-标注者2裁决
ASGD-2027-2895,165764cfa3c7165b,如果候选,复句关联结构,国际中文教育中文水平等级标准·语法学习手册（高等）,92,支持,多数裁决,B-多数裁决
ASGD-2027-2896,70e366042215e86d,给/为/关于等介词框架候选,介词/框架结构,国际中文教育中文水平等级标准·语法学习手册（初等）,328,支持,三人一致,B-多数裁决
ASGD-2027-2898,9a44d2c936ce71db,在字介词框架候选,介词/框架结构,国际中文教育中文水平等级标准·语法学习手册（中等）,346,支持,多数裁决,C-标注者2裁决
ASGD-2027-2901,e339b590d6968604,给/为/关于等介词框架候选,介词/框架结构,国际中文教育中文水平等级标准·语法学习手册（初等）,237,支持,多数裁决,C-标注者2裁决
ASGD-2027-2903,398bd46a6f624f31,比字比较候选,比较构式,国际中文教育中文水平等级标准·语法学习手册（初等）,209,支持,三人一致,B-多数裁决
ASGD-2027-2906,8bf193ae7a6ee062,把字句候选,处置/受事重组构式,国际中文教育中文水平等级标准·语法学习手册（中等）,337,部分支持,多数裁决,C-标注者2裁决
ASGD-2027-2908,577756a827e92777,兼语结构候选,多谓词/论元结构,国际中文教育中文水平等级标准·语法学习手册（初等）,354,支持,三人一致,B-多数裁决
ASGD-2027-2909,aa9500bf3e131fc2,连动结构候选,多谓词/论元结构,国际中文教育中文水平等级标准·语法学习手册（初等）,361,支持,多数裁决,C-标注者2裁决
ASGD-2027-2910,f9ee913947c15eea,趋向补语候选,补语结构,国际中文教育中文水平等级标准·语法学习手册（高等）,98,支持,多数裁决,B-多数裁决
ASGD-2027-2913,acae8b0e9c634ac5,被字句候选,被动/受事凸显构式,国际中文教育中文水平等级标准·语法学习手册（中等）,83,支持,三人一致,B-多数裁决
ASGD-2027-2914,dfa7304f7b7707b5,把字句候选,处置/受事重组构式,国际中文教育中文水平等级标准·语法学习手册（初等）,273,支持,三人一致,B-多数裁决
ASGD-2027-2915,f60337a5cc228d92,对字介词框架候选,介词/框架结构,国际中文教育中文水平等级标准·语法学习手册（高等）,78,不支持,多数裁决,C-标注者2裁决
ASGD-2027-2922,17df95bf9635e88f,连动结构候选,多谓词/论元结构,国际中文教育中文水平等级标准·语法学习手册（初等）,190,支持,多数裁决,C-标注者2裁决
ASGD-2027-2926,7a366031a7153008,连动结构候选,多谓词/论元结构,国际中文教育中文水平等级标准·语法学习手册（中等）,105,支持,多数裁决,C-标注者2裁决
ASGD-2027-2927,5a52d633b86814eb,因为候选,复句关联结构,国际中文教育中文水平等级标准·语法学习手册（高等）,55,支持,多数裁决,B-多数裁决
ASGD-2027-2929,3011c56dc88c2912,从字介词框架候选,介词/框架结构,国际中文教育中文水平等级标准·语法学习手册（初等）,321,支持,三人一致,B-多数裁决
ASGD-2027-2932,c4dbb27b9e9ccd17,没有比较候选,比较构式,国际中文教育中文水平等级标准·语法学习手册（中等）,255,不支持,三人一致,C-标注者2裁决
ASGD-2027-2934,efb3ea6c2e106fbe,得字补语候选,补语结构,国际中文教育中文水平等级标准·语法学习手册（初等）,225,支持,多数裁决,B-多数裁决
ASGD-2027-2936,ed558f71afc3f904,数量/时量补语候选,补语结构,国际中文教育中文水平等级标准·语法学习手册（初等）,263,支持,多数裁决,C-标注者2裁决
ASGD-2027-2937,07bbe17959188763,把字句候选,处置/受事重组构式,国际中文教育中文水平等级标准·语法学习手册（高等）,40,支持,三人一致,B-多数裁决
ASGD-2027-2941,6cd182f5988ae317,把字句候选,处置/受事重组构式,国际中文教育中文水平等级标准·语法学习手册（高等）,125,支持,三人一致,B-多数裁决
ASGD-2027-2944,1c2856c867b6b2eb,得字补语候选,补语结构,国际中文教育中文水平等级标准·语法学习手册（高等）,24,不支持,无多数-标注者2裁决,C-标注者2裁决
ASGD-2027-2949,fee01db1fe878870,即使候选,复句关联结构,国际中文教育中文水平等级标准·语法学习手册（高等）,139,支持,三人一致,B-多数裁决
ASGD-2027-2953,084c199900b0e512,被字句候选,被动/受事凸显构式,国际中文教育中文水平等级标准·语法学习手册（中等）,83,支持,三人一致,B-多数裁决
ASGD-2027-2956,680adb1b262e7b7c,在字介词框架候选,介词/框架结构,国际中文教育中文水平等级标准·语法学习手册（高等）,106,支持,多数裁决,C-标注者2裁决
ASGD-2027-2959,4b640611e11a5771,给/为/关于等介词框架候选,介词/框架结构,国际中文教育中文水平等级标准·语法学习手册（中等）,341,支持,三人一致,B-多数裁决
ASGD-2027-2964,5cc5b69ddcbd8d35,时间状语候选,时间/处所功能结构,国际中文教育中文水平等级标准·语法学习手册（中等）,60,支持,三人一致,B-多数裁决
ASGD-2027-2965,d35ea0686560c73f,时间状语候选,时间/处所功能结构,国际中文教育中文水平等级标准·语法学习手册（中等）,150,支持,三人一致,B-多数裁决
ASGD-2027-2968,b3cd76fb58c33f89,在字介词框架候选,介词/框架结构,国际中文教育中文水平等级标准·语法学习手册（初等）,176,不支持,无多数-标注者2裁决,C-标注者2裁决
ASGD-2027-2976,badc6bdc7c1849d5,得字补语候选,补语结构,国际中文教育中文水平等级标准·语法学习手册（初等）,349,不支持,多数裁决,C-标注者2裁决
ASGD-2027-2978,b598f1e3cbd2f6da,双宾/给予结构候选,多谓词/论元结构,国际中文教育中文水平等级标准·语法学习手册（初等）,175,支持,三人一致,B-多数裁决
ASGD-2027-2979,d37d6e01b68998f9,但是候选,复句关联结构,国际中文教育中文水平等级标准·语法学习手册（初等）,179,支持,三人一致,B-多数裁决
ASGD-2027-2982,5402f17bd7999182,时间状语候选,时间/处所功能结构,国际中文教育中文水平等级标准·语法学习手册（高等）,43,支持,多数裁决,C-标注者2裁决
ASGD-2027-2983,b1ac56e7d9934d6e,在字介词框架候选,介词/框架结构,国际中文教育中文水平等级标准·语法学习手册（高等）,144,支持,多数裁决,C-标注者2裁决
ASGD-2027-2987,9721eb973f70f576,在字介词框架候选,介词/框架结构,国际中文教育中文水平等级标准·语法学习手册（中等）,143,支持,三人一致,B-多数裁决
ASGD-2027-2989,c4e90a68f68f0b94,得字补语候选,补语结构,国际中文教育中文水平等级标准·语法学习手册（初等）,309,支持,多数裁决,B-多数裁决
ASGD-2027-2990,cb2232bed8d0a5ce,数量/时量补语候选,补语结构,国际中文教育中文水平等级标准·语法学习手册（初等）,352,支持,多数裁决,B-多数裁决
ASGD-2027-2997,44406d9927eefcb7,数量/时量补语候选,补语结构,国际中文教育中文水平等级标准·语法学习手册（初等）,351,支持,多数裁决,B-多数裁决
ASGD-2027-2998,c4a6276428aafd72,处所状语候选,时间/处所功能结构,国际中文教育中文水平等级标准·语法学习手册（初等）,31,支持,多数裁决,C-标注者2裁决
ASGD-2027-2999,43f071f58e73b9c5,得字补语候选,补语结构,国际中文教育中文水平等级标准·语法学习手册（中等）,211,不支持,无多数-标注者2裁决,C-标注者2裁决
ASGD-2027-3000,baf10b2689514b4c,趋向补语候选,补语结构,国际中文教育中文水平等级标准·语法学习手册（中等）,77,支持,三人一致,B-多数裁决
