section,field,decision_source,count,proportion
main,候选提取是否正确,多数裁决,1454,0.4846666666666667
main,候选提取是否正确,三人一致,1356,0.452
main,候选提取是否正确,无多数-标注者2裁决,190,0.06333333333333334
main,主标签：是否为目标语法点,三人一致,2113,0.7043333333333334
main,主标签：是否为目标语法点,多数裁决,883,0.29433333333333334
main,主标签：是否为目标语法点,无多数-标注者2裁决,4,0.0013333333333333333
main,功能/问题类型,多数裁决,1464,0.488
main,功能/问题类型,三人一致,1355,0.45166666666666666
main,功能/问题类型,无多数-标注者2裁决,181,0.060333333333333336
evidence,结构槽位是否支持,三人一致,475,0.475
evidence,结构槽位是否支持,多数裁决,468,0.468
evidence,结构槽位是否支持,无多数-标注者2裁决,57,0.057
evidence,缺失/异常槽位,三人一致,475,0.475
evidence,缺失/异常槽位,多数裁决,468,0.468
evidence,缺失/异常槽位,无多数-标注者2裁决,57,0.057
evidence,易混对象,多数裁决,954,0.954
evidence,易混对象,无多数-标注者2裁决,46,0.046
slot,槽位状态,多数裁决,719,0.5446969696969697
slot,槽位状态,三人一致,511,0.38712121212121214
slot,槽位状态,无多数-标注者2裁决,90,0.06818181818181818
slot,槽位片段（从句子中复制；条件必填）,多数裁决,330,0.25
slot,槽位片段（从句子中复制；条件必填）,无多数-标注者2裁决,320,0.24242424242424243
slot,槽位片段（从句子中复制；条件必填）,空值,273,0.20681818181818182
slot,槽位片段（从句子中复制；条件必填）,三人一致,209,0.15833333333333333
slot,槽位片段（从句子中复制；条件必填）,无多数-非空回退,188,0.14242424242424243
