section,field,annotator_pair,n,exact_agreement,cohen_kappa
main,候选提取是否正确,1-2,3000,0.659,0.3060655613158571
main,候选提取是否正确,1-3,3000,0.6956666666666667,0.29930892776102713
main,候选提取是否正确,2-3,3000,0.486,0.1204085745903416
main,主标签：是否为目标语法点,1-2,3000,0.7726666666666666,0.39532931795747783
main,主标签：是否为目标语法点,1-3,3000,0.8833333333333333,0.5317115985671265
main,主标签：是否为目标语法点,2-3,3000,0.7513333333333333,0.30421049031708486
main,功能/问题类型,1-2,3000,0.6583333333333333,0.30447236708297293
main,功能/问题类型,1-3,3000,0.6956666666666667,0.29923399290791014
main,功能/问题类型,2-3,3000,0.489,0.10030776165022223
evidence,结构槽位是否支持,1-2,1000,0.682,0.32571690287778954
evidence,结构槽位是否支持,1-3,1000,0.695,0.29921144054555815
evidence,结构槽位是否支持,2-3,1000,0.516,0.143071627880625
evidence,缺失/异常槽位,1-2,1000,0.682,0.32571690287778954
evidence,缺失/异常槽位,1-3,1000,0.695,0.29921144054555815
evidence,缺失/异常槽位,2-3,1000,0.516,0.14378714973110673
evidence,易混对象,1-2,1000,0.264,0.03622030746667367
evidence,易混对象,1-3,1000,0.014,0.012123033764151888
evidence,易混对象,2-3,1000,0.676,0.15480612713385383
slot,槽位状态,1-2,1320,0.44393939393939397,0.15524861348578523
slot,槽位状态,1-3,1320,0.6151515151515151,0.3173447136362062
slot,槽位状态,2-3,1320,0.646969696969697,0.38711641221183907
