seed,task,model,accuracy,macro_f1,negative_accuracy,selected_C,train_n,dev_n,test_n,zero_group_overlap,exact_span_f1,relaxed_span_f1,exact_precision,exact_recall,relaxed_precision,relaxed_recall,cue_grounding
13,structure_evidence_support,global_majority,0.755,0.28679962013295346,0.0,,699,100,200,1,,,,,,,
13,structure_evidence_support,family_majority,0.765,0.41875637104994906,0.3170731707317073,,699,100,200,1,,,,,,,
13,structure_evidence_support,executable_kg_rules,0.605,0.3300485146404292,0.0975609756097561,,699,100,200,1,,,,,,,
13,structure_evidence_support,char_tfidf_lr,0.845,0.6642535999496949,0.8780487804878049,4.0,699,100,200,1,,,,,,,
13,structure_evidence_support,char_tfidf_svm,0.865,0.6976837098511917,0.7560975609756098,4.0,699,100,200,1,,,,,,,
13,structure_evidence_support,char_lr_plus_kg,0.87,0.7140873249382135,0.8780487804878049,4.0,699,100,200,1,,,,,,,
13,structure_evidence_support,char_svm_plus_kg,0.875,0.7037253627896902,0.7804878048780488,1.0,699,100,200,1,,,,,,,
42,structure_evidence_support,global_majority,0.77,0.2900188323917137,0.0,,699,100,200,1,,,,,,,
42,structure_evidence_support,family_majority,0.76,0.403128054740958,0.2894736842105263,,699,100,200,1,,,,,,,
42,structure_evidence_support,executable_kg_rules,0.615,0.3553158705701079,0.15789473684210525,,699,100,200,1,,,,,,,
42,structure_evidence_support,char_tfidf_lr,0.86,0.7064941526070397,0.7368421052631579,4.0,699,100,200,1,,,,,,,
42,structure_evidence_support,char_tfidf_svm,0.885,0.6850057846603157,0.7105263157894737,4.0,699,100,200,1,,,,,,,
42,structure_evidence_support,char_lr_plus_kg,0.91,0.774704195551101,0.868421052631579,4.0,699,100,200,1,,,,,,,
42,structure_evidence_support,char_svm_plus_kg,0.92,0.7280446978614122,0.868421052631579,0.25,699,100,200,1,,,,,,,
2027,structure_evidence_support,global_majority,0.7487437185929648,0.28544061302681994,0.0,,700,100,199,1,,,,,,,
2027,structure_evidence_support,family_majority,0.7688442211055276,0.43184156378600824,0.35,,700,100,199,1,,,,,,,
2027,structure_evidence_support,executable_kg_rules,0.6030150753768844,0.36651335236762655,0.175,,700,100,199,1,,,,,,,
2027,structure_evidence_support,char_tfidf_lr,0.8442211055276382,0.6976028868731935,0.75,4.0,700,100,199,1,,,,,,,
2027,structure_evidence_support,char_tfidf_svm,0.8743718592964824,0.7262782262782262,0.7,4.0,700,100,199,1,,,,,,,
2027,structure_evidence_support,char_lr_plus_kg,0.8492462311557789,0.6839299617077393,0.775,4.0,700,100,199,1,,,,,,,
2027,structure_evidence_support,char_svm_plus_kg,0.8793969849246231,0.700027144408252,0.75,4.0,700,100,199,1,,,,,,,
13,slot_status,global_majority,0.6022727272727273,0.1879432624113475,,,924,132,264,1,,,,,,,
13,slot_status,family_majority,0.6325757575757576,0.32686842853083264,,,924,132,264,1,,,,,,,
13,slot_status,slot_char_tfidf_lr,0.7803030303030303,0.6775789439835359,,1.0,924,132,264,1,,,,,,,
13,slot_status,slot_char_tfidf_svm,0.8446969696969697,0.761948529202241,,4.0,924,132,264,1,,,,,,,
13,slot_span,executable_slot_rules,,,,,,,264,1,0.39769452449567727,0.6570605187319885,0.3670212765957447,0.4339622641509434,0.6063829787234043,0.7169811320754716,1.0
42,slot_status,global_majority,0.553030303030303,0.17804878048780487,,,924,132,264,1,,,,,,,
42,slot_status,family_majority,0.6174242424242424,0.3250389044506692,,,924,132,264,1,,,,,,,
42,slot_status,slot_char_tfidf_lr,0.7234848484848485,0.5707295373665481,,4.0,924,132,264,1,,,,,,,
42,slot_status,slot_char_tfidf_svm,0.7159090909090909,0.5585203346926961,,1.0,924,132,264,1,,,,,,,
42,slot_span,executable_slot_rules,,,,,,,264,1,0.3588235294117647,0.6352941176470588,0.31443298969072164,0.4178082191780822,0.5567010309278351,0.7397260273972602,1.0
2027,slot_status,global_majority,0.5568181818181818,0.17883211678832117,,,924,132,264,1,,,,,,,
2027,slot_status,family_majority,0.5568181818181818,0.27948988566402816,,,924,132,264,1,,,,,,,
2027,slot_status,slot_char_tfidf_lr,0.7537878787878788,0.6305460806037064,,4.0,924,132,264,1,,,,,,,
2027,slot_status,slot_char_tfidf_svm,0.803030303030303,0.6557271557271557,,4.0,924,132,264,1,,,,,,,
2027,slot_span,executable_slot_rules,,,,,,,264,1,0.3734939759036145,0.6445783132530121,0.33513513513513515,0.4217687074829932,0.5783783783783784,0.7278911564625851,1.0
