task,model,metric,point,ci_low,ci_high,bootstrap_sd,n_sentence_groups,n_candidates,n_bootstrap,seed
extraction,char_lr_plus_kg_constraints,accuracy,0.8998330550918197,0.8728813559322034,0.9242174629324547,0.013043590301215605,510,599,5000,13
extraction,char_lr_plus_kg_constraints,macro_f1,0.6873573573573574,0.5789546767079446,0.7775484566422187,0.05086750989230314,510,599,5000,13
extraction,char_lr_plus_kg_constraints,hard_negative_accuracy,0.8425925925925926,0.7692307692307693,0.9090909090909091,0.035626076681158254,510,599,5000,13
extraction,char_lr_plus_kg_markers,accuracy,0.8931552587646077,0.8666666666666667,0.9176470588235294,0.013159103072098867,510,599,5000,13
extraction,char_lr_plus_kg_markers,macro_f1,0.678852969348659,0.5678958935144557,0.769841779863009,0.0519985918480248,510,599,5000,13
extraction,char_lr_plus_kg_markers,hard_negative_accuracy,0.8148148148148148,0.74,0.8849557522123894,0.0371546738181689,510,599,5000,13
extraction,char_svm_plus_kg_constraints,accuracy,0.9115191986644408,0.8860971524288107,0.9339006824411255,0.012441526073994517,510,599,5000,13
extraction,char_svm_plus_kg_constraints,macro_f1,0.7090347238873003,0.6003588293213317,0.7995137298236958,0.05198497690939025,510,599,5000,13
extraction,char_svm_plus_kg_constraints,hard_negative_accuracy,0.7777777777777778,0.6979106104651163,0.8529411764705882,0.04040637633604448,510,599,5000,13
extraction,char_tfidf_lr,accuracy,0.8814691151919867,0.8532856820601415,0.9081803005008348,0.014098953187312099,510,599,5000,13
extraction,char_tfidf_lr,macro_f1,0.6707370800291155,0.5650547933354402,0.7528857214286507,0.04669359038882217,510,599,5000,13
extraction,char_tfidf_lr,hard_negative_accuracy,0.7870370370370371,0.7019230769230769,0.8648778586278585,0.04130073252804671,510,599,5000,13
extraction,char_tfidf_svm,accuracy,0.9131886477462438,0.8875838926174496,0.9363796578149263,0.01238813703867858,510,599,5000,13
extraction,char_tfidf_svm,macro_f1,0.7204354515547737,0.60831528220847,0.809668323540113,0.05171307577059728,510,599,5000,13
extraction,char_tfidf_svm,hard_negative_accuracy,0.8055555555555556,0.7238037166085947,0.8833333333333333,0.04035324267079369,510,599,5000,13
function_type,char_lr_plus_kg_constraints,accuracy,0.9065108514190318,0.8807627775084433,0.9305785123966942,0.01274982411354422,510,599,5000,13
function_type,char_lr_plus_kg_constraints,macro_f1,0.7778587962802822,0.7039947057664565,0.8413911184913594,0.03559650963667434,510,599,5000,13
function_type,char_lr_plus_kg_constraints,hard_negative_accuracy,0.8425925925925926,0.7692307692307693,0.9108910891089109,0.0359535410888874,510,599,5000,13
function_type,char_lr_plus_kg_markers,accuracy,0.8998330550918197,0.8737334855851874,0.9242244424665257,0.013072124361628424,510,599,5000,13
function_type,char_lr_plus_kg_markers,macro_f1,0.7755975646133617,0.7010224211227174,0.8407757448095645,0.035957766805741725,510,599,5000,13
function_type,char_lr_plus_kg_markers,hard_negative_accuracy,0.8148148148148148,0.74,0.8871103660746645,0.03779259223958602,510,599,5000,13
function_type,char_svm_plus_kg_constraints,accuracy,0.9115191986644408,0.887391456582633,0.9344557757636606,0.012018583879753747,510,599,5000,13
function_type,char_svm_plus_kg_constraints,macro_f1,0.7904654657918803,0.7060718267613265,0.8576043622942022,0.0385589515257725,510,599,5000,13
function_type,char_svm_plus_kg_constraints,hard_negative_accuracy,0.7592592592592593,0.6759196696696697,0.8387189469781238,0.041537150419723605,510,599,5000,13
function_type,char_tfidf_lr,accuracy,0.8931552587646077,0.8658940397350994,0.9190106826360933,0.01360981344062784,510,599,5000,13
function_type,char_tfidf_lr,macro_f1,0.7822280881664071,0.7019675985771846,0.8455518972169761,0.03647679540277317,510,599,5000,13
function_type,char_tfidf_lr,hard_negative_accuracy,0.7962962962962963,0.7115384615384616,0.8762886597938144,0.041611933862623726,510,599,5000,13
function_type,char_tfidf_svm,accuracy,0.9131886477462438,0.8892464347302439,0.9368604934632,0.01220461948018185,510,599,5000,13
function_type,char_tfidf_svm,macro_f1,0.7926413255360624,0.7013811931655279,0.8628028776892196,0.040643174649081605,510,599,5000,13
function_type,char_tfidf_svm,hard_negative_accuracy,0.8055555555555556,0.7217391304347827,0.8807452993005721,0.04013627163212664,510,599,5000,13
target_label,char_lr_plus_kg_constraints,accuracy,0.9482470784641068,0.9295302013422819,0.9656864847139542,0.009168480832421248,510,599,5000,13
target_label,char_lr_plus_kg_constraints,macro_f1,0.9042662335988452,0.8708469408337428,0.9346534653465346,0.016771593548080544,510,599,5000,13
target_label,char_lr_plus_kg_constraints,hard_negative_accuracy,0.8617021276595744,0.7901234567901234,0.9278373734559302,0.03515372749459603,510,599,5000,13
target_label,char_lr_plus_kg_markers,accuracy,0.9315525876460768,0.9107438016528926,0.9510521885521885,0.010258464119477681,510,599,5000,13
target_label,char_lr_plus_kg_markers,macro_f1,0.8754595658148958,0.8388879782390859,0.9094559760560244,0.018256168891363056,510,599,5000,13
target_label,char_lr_plus_kg_markers,hard_negative_accuracy,0.8297872340425532,0.7529411764705882,0.9014222590444627,0.03789465419405065,510,599,5000,13
target_label,char_svm_plus_kg_constraints,accuracy,0.9515859766277128,0.9338979548956436,0.9678974746214914,0.00881178023251414,510,599,5000,13
target_label,char_svm_plus_kg_constraints,macro_f1,0.9081176576376437,0.8731290271543398,0.9386346953755811,0.016624432426438056,510,599,5000,13
target_label,char_svm_plus_kg_constraints,hard_negative_accuracy,0.8404255319148937,0.7613636363636364,0.9101123595505618,0.03745469387587271,510,599,5000,13
target_label,char_tfidf_lr,accuracy,0.9198664440734557,0.8973509933774835,0.9414717877722069,0.011294794841508568,510,599,5000,13
target_label,char_tfidf_lr,macro_f1,0.8535989245997799,0.8120958455390515,0.890639748868555,0.019991342515079783,510,599,5000,13
target_label,char_tfidf_lr,hard_negative_accuracy,0.7872340425531915,0.6956521739130435,0.8712871287128713,0.04456343673948398,510,599,5000,13
target_label,char_tfidf_svm,accuracy,0.9398998330550918,0.919732441471572,0.959114139693356,0.01023431638107305,510,599,5000,13
target_label,char_tfidf_svm,macro_f1,0.887406015037594,0.8490382157664227,0.921940745337223,0.01861325590753069,510,599,5000,13
target_label,char_tfidf_svm,hard_negative_accuracy,0.8191489361702128,0.7333168316831683,0.9000274725274722,0.04264125174967148,510,599,5000,13
target_label,macbert_base_finetuned,accuracy,0.9382303839732888,0.9178959443957082,0.9581154024923921,0.01014015635303023,510,599,5000,13
target_label,macbert_base_finetuned,macro_f1,0.8686286713493969,0.8234295729845243,0.9086206350055996,0.02142193972329703,510,599,5000,13
target_label,macbert_base_finetuned,hard_negative_accuracy,0.6702127659574468,0.5684150717703349,0.7684210526315789,0.05079344111275058,510,599,5000,13
extraction,char_lr_plus_kg_constraints,accuracy,0.8963210702341137,0.8713342954816655,0.919931856899489,0.012261319225822652,509,598,5000,42
extraction,char_lr_plus_kg_constraints,macro_f1,0.7143351344748906,0.6044576721339411,0.7939497723325232,0.048594532109059174,509,598,5000,42
extraction,char_lr_plus_kg_constraints,hard_negative_accuracy,0.8990825688073395,0.8363636363636363,0.9509922901199312,0.029593467185342778,509,598,5000,42
extraction,char_lr_plus_kg_markers,accuracy,0.8879598662207357,0.8614357262103506,0.9135623585270247,0.013251496183523299,509,598,5000,42
extraction,char_lr_plus_kg_markers,macro_f1,0.6899122008960353,0.5852177387759147,0.7718542725792321,0.04756858332276719,509,598,5000,42
extraction,char_lr_plus_kg_markers,hard_negative_accuracy,0.8623853211009175,0.7916666666666666,0.922415463779738,0.033990067795564405,509,598,5000,42
extraction,char_svm_plus_kg_constraints,accuracy,0.9130434782608695,0.8890755606878512,0.9354317987609484,0.011643799689857147,509,598,5000,42
extraction,char_svm_plus_kg_constraints,macro_f1,0.7506012968526652,0.6394372376770759,0.8316991104336704,0.04973474405456596,509,598,5000,42
extraction,char_svm_plus_kg_constraints,hard_negative_accuracy,0.8256880733944955,0.75,0.8947368421052632,0.036846443498482144,509,598,5000,42
extraction,char_tfidf_lr,accuracy,0.8729096989966555,0.8443708609271523,0.8993061381431767,0.01388893211607369,509,598,5000,42
extraction,char_tfidf_lr,macro_f1,0.6749843661377816,0.5768284410877506,0.7510955728102163,0.04453584046845352,509,598,5000,42
extraction,char_tfidf_lr,hard_negative_accuracy,0.8256880733944955,0.7475703638324998,0.8925619834710744,0.037116899921975616,509,598,5000,42
extraction,char_tfidf_svm,accuracy,0.9013377926421404,0.8762659347932433,0.9247863247863248,0.0124815940505193,509,598,5000,42
extraction,char_tfidf_svm,macro_f1,0.715848184112325,0.616496656187771,0.7941464510051732,0.04551341541684229,509,598,5000,42
extraction,char_tfidf_svm,hard_negative_accuracy,0.7981651376146789,0.7204278294149808,0.8703703703703703,0.03874998354736578,509,598,5000,42
function_type,char_lr_plus_kg_constraints,accuracy,0.8929765886287625,0.8667790200363895,0.917492165883255,0.012937605929244839,509,598,5000,42
function_type,char_lr_plus_kg_constraints,macro_f1,0.7727359134335371,0.7004087444219984,0.8301335146986903,0.03330096456785693,509,598,5000,42
function_type,char_lr_plus_kg_constraints,hard_negative_accuracy,0.8440366972477065,0.7716479190101238,0.9099099099099099,0.03493513980380538,509,598,5000,42
function_type,char_lr_plus_kg_markers,accuracy,0.8913043478260869,0.8651306081920653,0.9158249158249159,0.013179825572055898,509,598,5000,42
function_type,char_lr_plus_kg_markers,macro_f1,0.7707739415056487,0.6946426158009144,0.8310562333343255,0.03467621018592462,509,598,5000,42
function_type,char_lr_plus_kg_markers,hard_negative_accuracy,0.8532110091743119,0.7830188679245284,0.9166666666666666,0.034177445393678035,509,598,5000,42
function_type,char_svm_plus_kg_constraints,accuracy,0.9163879598662207,0.8922546359113523,0.9381296726428104,0.011720768695280579,509,598,5000,42
function_type,char_svm_plus_kg_constraints,macro_f1,0.8078287742719213,0.7268016724382692,0.8683081859899889,0.03585465115891674,509,598,5000,42
function_type,char_svm_plus_kg_constraints,hard_negative_accuracy,0.8256880733944955,0.7520644628099175,0.8947368421052632,0.03678110647229493,509,598,5000,42
function_type,char_tfidf_lr,accuracy,0.8879598662207357,0.860738255033557,0.9125412541254125,0.013198925602362344,509,598,5000,42
function_type,char_tfidf_lr,macro_f1,0.765001935733643,0.6883450524511217,0.8241668322986083,0.03448272401407921,509,598,5000,42
function_type,char_tfidf_lr,hard_negative_accuracy,0.8348623853211009,0.7604166666666666,0.9021759561948349,0.036347241785715086,509,598,5000,42
function_type,char_tfidf_svm,accuracy,0.903010033444816,0.8765202148508383,0.9273648648648649,0.012867489939258972,509,598,5000,42
function_type,char_tfidf_svm,macro_f1,0.7810179125491162,0.6995904926290468,0.8447033314021226,0.03742837117799094,509,598,5000,42
function_type,char_tfidf_svm,hard_negative_accuracy,0.7889908256880734,0.7075352582428054,0.8644111935028248,0.03948295970013684,509,598,5000,42
target_label,char_lr_plus_kg_constraints,accuracy,0.95,0.9323432343234324,0.9665565798069246,0.008660496012972262,511,600,5000,42
target_label,char_lr_plus_kg_constraints,macro_f1,0.9085291487112774,0.876905414481666,0.9379638715858503,0.0156721208219584,511,600,5000,42
target_label,char_lr_plus_kg_constraints,hard_negative_accuracy,0.8736842105263158,0.8043478260869565,0.9375,0.033890447166239665,511,600,5000,42
target_label,char_lr_plus_kg_markers,accuracy,0.9416666666666667,0.9230769230769231,0.9591836734693877,0.009241583102651767,511,600,5000,42
target_label,char_lr_plus_kg_markers,macro_f1,0.8945777840250202,0.8607017203007947,0.9255300071947979,0.016571947040722172,511,600,5000,42
target_label,char_lr_plus_kg_markers,hard_negative_accuracy,0.8631578947368421,0.7916552197802198,0.9285714285714286,0.03520713346256481,511,600,5000,42
target_label,char_svm_plus_kg_constraints,accuracy,0.9583333333333334,0.9424326772970563,0.9732441471571907,0.00794765958667414,511,600,5000,42
target_label,char_svm_plus_kg_constraints,macro_f1,0.9201171614964718,0.8891597373800407,0.9480098887115033,0.015126445959800776,511,600,5000,42
target_label,char_svm_plus_kg_constraints,hard_negative_accuracy,0.8421052631578947,0.7659574468085106,0.9130434782608695,0.03735681753163248,511,600,5000,42
target_label,char_tfidf_lr,accuracy,0.9416666666666667,0.9226971611012826,0.9595283021442176,0.009410215777630002,511,600,5000,42
target_label,char_tfidf_lr,macro_f1,0.8954178058655671,0.8609166830528308,0.9264576139151016,0.016756118905930095,511,600,5000,42
target_label,char_tfidf_lr,hard_negative_accuracy,0.8736842105263158,0.8,0.9368421052631579,0.03464643802969311,511,600,5000,42
target_label,char_tfidf_svm,accuracy,0.95,0.932201285217196,0.9662162162162162,0.008734378458557955,511,600,5000,42
target_label,char_tfidf_svm,macro_f1,0.9045619393013934,0.8705819338912218,0.9348852750914607,0.016446833444987034,511,600,5000,42
target_label,char_tfidf_svm,hard_negative_accuracy,0.8210526315789474,0.7402532467532468,0.8938131181676209,0.03952961425145912,511,600,5000,42
target_label,macbert_base_finetuned,accuracy,0.9616666666666667,0.9452985074626865,0.9767054908485857,0.008015122598856879,511,600,5000,42
target_label,macbert_base_finetuned,macro_f1,0.9258507020004191,0.894569129163787,0.9545602200234112,0.015485035382835403,511,600,5000,42
target_label,macbert_base_finetuned,hard_negative_accuracy,0.8421052631578947,0.762496905940594,0.9159073208722739,0.03966441698210104,511,600,5000,42
extraction,char_lr_plus_kg_constraints,accuracy,0.8848080133555927,0.858085808580858,0.9109617771444332,0.013595711450422593,509,599,5000,2027
extraction,char_lr_plus_kg_constraints,macro_f1,0.6446104722885668,0.5515951218813198,0.7213627656882734,0.04323119973335537,509,599,5000,2027
extraction,char_lr_plus_kg_constraints,hard_negative_accuracy,0.8526315789473684,0.7755102040816326,0.922348767737117,0.03779790221609274,509,599,5000,2027
extraction,char_lr_plus_kg_markers,accuracy,0.8831385642737897,0.8559127603833321,0.9101727293203445,0.013725344038622429,509,599,5000,2027
extraction,char_lr_plus_kg_markers,macro_f1,0.6428934071513188,0.5497478509131118,0.7202341752630821,0.04354877862668273,509,599,5000,2027
extraction,char_lr_plus_kg_markers,hard_negative_accuracy,0.8421052631578947,0.7634408602150538,0.9120021978021978,0.03838908818894107,509,599,5000,2027
extraction,char_svm_plus_kg_constraints,accuracy,0.8898163606010017,0.8633311965811965,0.914676766696725,0.013112348424968301,509,599,5000,2027
extraction,char_svm_plus_kg_constraints,macro_f1,0.6488349378150041,0.5638037340809111,0.7160661925853012,0.039752323397574264,509,599,5000,2027
extraction,char_svm_plus_kg_constraints,hard_negative_accuracy,0.8,0.7128712871287128,0.8761929307805596,0.04203204014060277,509,599,5000,2027
extraction,char_tfidf_lr,accuracy,0.8781302170283807,0.8505937396327303,0.9051580698835274,0.014109465152646265,509,599,5000,2027
extraction,char_tfidf_lr,macro_f1,0.6520198896224676,0.5582225346020667,0.7309261185915085,0.044509529827055624,509,599,5000,2027
extraction,char_tfidf_lr,hard_negative_accuracy,0.8315789473684211,0.7473684210526316,0.9035114140773621,0.03921398045882666,509,599,5000,2027
extraction,char_tfidf_svm,accuracy,0.8998330550918197,0.8745926994979629,0.9249146757679181,0.012713131128271098,509,599,5000,2027
extraction,char_tfidf_svm,macro_f1,0.6937490314582365,0.5945812262254822,0.7813717448705512,0.04811523520715127,509,599,5000,2027
extraction,char_tfidf_svm,hard_negative_accuracy,0.7894736842105263,0.7032967032967034,0.8690476190476191,0.04186683382246179,509,599,5000,2027
function_type,char_lr_plus_kg_constraints,accuracy,0.8864774624373957,0.8580968280467446,0.9125882612533098,0.013778142302189763,509,599,5000,2027
function_type,char_lr_plus_kg_constraints,macro_f1,0.7355357653555908,0.6541480111714364,0.803426518294068,0.038445092922154464,509,599,5000,2027
function_type,char_lr_plus_kg_constraints,hard_negative_accuracy,0.8421052631578947,0.7613512845849802,0.9130434782608695,0.03846476413539581,509,599,5000,2027
function_type,char_lr_plus_kg_markers,accuracy,0.8864774624373957,0.858843037214886,0.9126853377265239,0.01374342146734653,509,599,5000,2027
function_type,char_lr_plus_kg_markers,macro_f1,0.7318831665846591,0.6508019314613755,0.7998473521646395,0.03843729062909968,509,599,5000,2027
function_type,char_lr_plus_kg_markers,hard_negative_accuracy,0.8315789473684211,0.7476612830051719,0.9036304793642653,0.0396095174430855,509,599,5000,2027
function_type,char_svm_plus_kg_constraints,accuracy,0.9081803005008348,0.8839590443686007,0.9315068493150684,0.012053476191209259,509,599,5000,2027
function_type,char_svm_plus_kg_constraints,macro_f1,0.7649388836237273,0.6752967252916755,0.8339888449089383,0.04026680490543967,509,599,5000,2027
function_type,char_svm_plus_kg_constraints,hard_negative_accuracy,0.8210526315789474,0.7411764705882353,0.8958333333333334,0.039350709355690315,509,599,5000,2027
function_type,char_tfidf_lr,accuracy,0.8864774624373957,0.8595310815666547,0.9123124468663331,0.013460333315307374,509,599,5000,2027
function_type,char_tfidf_lr,macro_f1,0.7578591456374731,0.6702063141251079,0.8221803591369786,0.039301023316234904,509,599,5000,2027
function_type,char_tfidf_lr,hard_negative_accuracy,0.8315789473684211,0.75,0.9017900910364145,0.03835608854793857,509,599,5000,2027
function_type,char_tfidf_svm,accuracy,0.9048414023372288,0.8797348682712527,0.9286955806788922,0.012388082288122956,509,599,5000,2027
function_type,char_tfidf_svm,macro_f1,0.7950545099357319,0.707625599763009,0.8569898398807565,0.03822219424047494,509,599,5000,2027
function_type,char_tfidf_svm,hard_negative_accuracy,0.8,0.717948717948718,0.875,0.04072661872020168,509,599,5000,2027
target_label,char_lr_plus_kg_constraints,accuracy,0.9533333333333334,0.9349305063233242,0.970395952164895,0.008931469811991848,510,600,5000,2027
target_label,char_lr_plus_kg_constraints,macro_f1,0.9058950057135176,0.8693475383682846,0.9391001732185701,0.017631887923897135,510,600,5000,2027
target_label,char_lr_plus_kg_constraints,hard_negative_accuracy,0.948051948051948,0.8933333333333333,0.9883754343758353,0.025414159563415563,510,600,5000,2027
target_label,char_lr_plus_kg_markers,accuracy,0.9416666666666667,0.922165820642978,0.9603960396039604,0.009577387585982535,510,600,5000,2027
target_label,char_lr_plus_kg_markers,macro_f1,0.8829268292682927,0.8442838655733654,0.917015538050938,0.01861963093108295,510,600,5000,2027
target_label,char_lr_plus_kg_markers,hard_negative_accuracy,0.9090909090909091,0.84,0.9682539682539683,0.032921651589781865,510,600,5000,2027
target_label,char_svm_plus_kg_constraints,accuracy,0.955,0.9373915942527746,0.9712351945854484,0.008571296127227013,510,600,5000,2027
target_label,char_svm_plus_kg_constraints,macro_f1,0.9041595920274978,0.8684775951153693,0.9368400934460254,0.01727501584107546,510,600,5000,2027
target_label,char_svm_plus_kg_constraints,hard_negative_accuracy,0.8831168831168831,0.8107937050975026,0.95,0.03595331259494894,510,600,5000,2027
target_label,char_tfidf_lr,accuracy,0.9283333333333333,0.90625,0.9491525423728814,0.011091069061024706,510,600,5000,2027
target_label,char_tfidf_lr,macro_f1,0.8601163528321016,0.8185444542150568,0.8991454851352445,0.020394990185623473,510,600,5000,2027
target_label,char_tfidf_lr,hard_negative_accuracy,0.8961038961038961,0.8208955223880597,0.9583333333333334,0.03494438950709664,510,600,5000,2027
target_label,char_tfidf_svm,accuracy,0.94,0.9193541610192464,0.9596655574981671,0.010283105494589368,510,600,5000,2027
target_label,char_tfidf_svm,macro_f1,0.8778391095828432,0.8392830297999423,0.914539176855765,0.019258879705725426,510,600,5000,2027
target_label,char_tfidf_svm,hard_negative_accuracy,0.8831168831168831,0.8055555555555556,0.9487179487179487,0.036365776962426044,510,600,5000,2027
target_label,macbert_base_finetuned,accuracy,0.96,0.9418604651162791,0.9766286867000556,0.008874370980243464,510,600,5000,2027
target_label,macbert_base_finetuned,macro_f1,0.9085714285714286,0.8681440392085411,0.9454144815244933,0.01961277889282945,510,600,5000,2027
target_label,macbert_base_finetuned,hard_negative_accuracy,0.8181818181818182,0.7124957191780822,0.9166911764705878,0.051686114013365925,510,600,5000,2027
