seed,regime,model,n,n_negative,accuracy,macro_f1,hard_negative_accuracy
13,structural_pattern,char_tfidf_lr,470,73,0.9340425531914893,0.8721604618718797,0.7671232876712328
13,structural_pattern,char_lr_plus_kg_markers,470,73,0.9404255319148936,0.8877286377286377,0.821917808219178
13,structural_pattern,char_lr_plus_kg_constraints,470,73,0.9574468085106383,0.9179927414852038,0.8493150684931506
13,structural_pattern,char_tfidf_svm,470,73,0.9468085106382979,0.896903598283774,0.8082191780821918
13,structural_pattern,char_svm_plus_kg_constraints,470,73,0.9659574468085106,0.9336369091743444,0.863013698630137
13,complex_functional,char_tfidf_lr,129,21,0.8682170542635659,0.7981592268752876,0.8571428571428571
13,complex_functional,char_lr_plus_kg_markers,129,21,0.8992248062015504,0.8362464603066107,0.8571428571428571
13,complex_functional,char_lr_plus_kg_constraints,129,21,0.9147286821705426,0.861439312567132,0.9047619047619048
13,complex_functional,char_tfidf_svm,129,21,0.9147286821705426,0.8569123726933549,0.8571428571428571
13,complex_functional,char_svm_plus_kg_constraints,129,21,0.8992248062015504,0.8250391236306729,0.7619047619047619
42,structural_pattern,char_tfidf_lr,470,70,0.948936170212766,0.9026948690521377,0.8714285714285714
42,structural_pattern,char_lr_plus_kg_markers,470,70,0.9425531914893617,0.8899154196486663,0.8428571428571429
42,structural_pattern,char_lr_plus_kg_constraints,470,70,0.951063829787234,0.905151310421072,0.8571428571428571
42,structural_pattern,char_tfidf_svm,470,70,0.9574468085106383,0.9129661864375394,0.8142857142857143
42,structural_pattern,char_svm_plus_kg_constraints,470,70,0.9638297872340426,0.9264780308258569,0.8428571428571429
42,complex_functional,char_tfidf_lr,130,25,0.9153846153846154,0.8731707317073171,0.88
42,complex_functional,char_lr_plus_kg_markers,130,25,0.9384615384615385,0.9065084501977706,0.92
42,complex_functional,char_lr_plus_kg_constraints,130,25,0.9461538461538461,0.917054051590557,0.92
42,complex_functional,char_tfidf_svm,130,25,0.9230769230769231,0.8798076923076923,0.84
42,complex_functional,char_svm_plus_kg_constraints,130,25,0.9384615384615385,0.900952380952381,0.84
2027,structural_pattern,char_tfidf_lr,470,57,0.9531914893617022,0.8978099304237824,0.8947368421052632
2027,structural_pattern,char_lr_plus_kg_markers,470,57,0.9595744680851064,0.9111363206655323,0.9122807017543859
2027,structural_pattern,char_lr_plus_kg_constraints,470,57,0.9744680851063829,0.9426829268292682,0.9473684210526315
2027,structural_pattern,char_tfidf_svm,470,57,0.9638297872340426,0.9170223593066849,0.8771929824561403
2027,structural_pattern,char_svm_plus_kg_constraints,470,57,0.9765957446808511,0.9446768894928893,0.8947368421052632
2027,complex_functional,char_tfidf_lr,130,20,0.8384615384615385,0.764065335753176,0.9
2027,complex_functional,char_lr_plus_kg_markers,130,20,0.8769230769230769,0.8076923076923077,0.9
2027,complex_functional,char_lr_plus_kg_constraints,130,20,0.8769230769230769,0.8130169003955412,0.95
2027,complex_functional,char_tfidf_svm,130,20,0.8538461538461538,0.7809312638580932,0.9
2027,complex_functional,char_svm_plus_kg_constraints,130,20,0.8769230769230769,0.8019047619047619,0.85
