regime,model,n_mean,n_negative_mean,accuracy_mean,accuracy_std,macro_f1_mean,macro_f1_std,hard_negative_accuracy_mean,hard_negative_accuracy_std
structural_pattern,char_tfidf_lr,470.0,66.66666666666667,0.9453900709219858,0.010054926864367297,0.8908884204492666,0.016401767609252965,0.8444295670683558,0.06795597469063344
structural_pattern,char_lr_plus_kg_markers,470.0,66.66666666666667,0.9475177304964539,0.010495495451736692,0.8962601260142787,0.01292947714596104,0.8590185509435689,0.04729964551152394
structural_pattern,char_lr_plus_kg_constraints,470.0,66.66666666666667,0.9609929078014184,0.012098384474632589,0.9219423262451814,0.019074982893444007,0.8846087822295464,0.054492180794029406
structural_pattern,char_tfidf_svm,470.0,66.66666666666667,0.9560283687943263,0.008598833796441252,0.9089640480093327,0.010639735441877568,0.8332326249413488,0.03819143215432457
structural_pattern,char_svm_plus_kg_constraints,470.0,66.66666666666667,0.9687943262411347,0.00683946862481772,0.9349306098310302,0.009168143772732142,0.866869227864181,0.026153864490258024
complex_functional,char_tfidf_lr,129.66666666666666,22.0,0.8740210693699065,0.03878859219338043,0.8117984314452602,0.055816823472441046,0.8790476190476191,0.02144443856990042
complex_functional,char_lr_plus_kg_markers,129.66666666666666,22.0,0.9048698071953886,0.031155177568030375,0.8501490727322296,0.05085390328291152,0.8923809523809524,0.032113743428737886
complex_functional,char_lr_plus_kg_constraints,129.66666666666666,22.0,0.9126018684158219,0.034664352794065795,0.8638367548510767,0.05205999427893051,0.9249206349206349,0.023016967680591013
complex_functional,char_tfidf_svm,129.66666666666666,22.0,0.8972172530312065,0.03779169836018885,0.8392171096197134,0.05175885216241957,0.8657142857142857,0.030904725218262798
complex_functional,char_svm_plus_kg_constraints,129.66666666666666,22.0,0.9048698071953886,0.031155177568030375,0.8426320888292719,0.051814496312421146,0.8173015873015873,0.04823490642713812
