seed,task,model,语法家族,accuracy,macro_f1,hard_negative_accuracy,n
13,target_label,global_majority,介词/框架结构,0.8761904761904762,0.467005076142132,0.0,105
13,target_label,global_majority,处置/受事重组构式,0.9875,0.4968553459119497,0.0,80
13,target_label,global_majority,复句关联结构,1.0,1.0,,50
13,target_label,global_majority,多谓词/论元结构,0.7884615384615384,0.44086021505376344,0.0,52
13,target_label,global_majority,时间/处所功能结构,0.8372093023255814,0.45569620253164556,0.0,129
13,target_label,global_majority,比较构式,0.4375,0.30434782608695654,0.0,64
13,target_label,global_majority,补语结构,0.8777777777777778,0.46745562130177515,0.0,90
13,target_label,global_majority,被动/受事凸显构式,0.9655172413793104,0.49122807017543857,0.0,29
13,target_label,family_majority,介词/框架结构,0.8761904761904762,0.467005076142132,0.0,105
13,target_label,family_majority,处置/受事重组构式,0.9875,0.4968553459119497,0.0,80
13,target_label,family_majority,复句关联结构,1.0,1.0,,50
13,target_label,family_majority,多谓词/论元结构,0.7884615384615384,0.44086021505376344,0.0,52
13,target_label,family_majority,时间/处所功能结构,0.8372093023255814,0.45569620253164556,0.0,129
13,target_label,family_majority,比较构式,0.5625,0.36,1.0,64
13,target_label,family_majority,补语结构,0.8777777777777778,0.46745562130177515,0.0,90
13,target_label,family_majority,被动/受事凸显构式,0.9655172413793104,0.49122807017543857,0.0,29
13,target_label,point_majority,介词/框架结构,0.8761904761904762,0.467005076142132,0.0,105
13,target_label,point_majority,处置/受事重组构式,0.9875,0.4968553459119497,0.0,80
13,target_label,point_majority,复句关联结构,1.0,1.0,,50
13,target_label,point_majority,多谓词/论元结构,0.7884615384615384,0.44086021505376344,0.0,52
13,target_label,point_majority,时间/处所功能结构,0.8372093023255814,0.45569620253164556,0.0,129
13,target_label,point_majority,比较构式,0.8125,0.8123167155425219,0.75,64
13,target_label,point_majority,补语结构,0.8777777777777778,0.46745562130177515,0.0,90
13,target_label,point_majority,被动/受事凸显构式,0.9655172413793104,0.49122807017543857,0.0,29
13,target_label,executable_kg_rules,介词/框架结构,0.8571428571428571,0.5199634257848217,0.07692307692307693,105
13,target_label,executable_kg_rules,处置/受事重组构式,0.975,0.7435897435897436,1.0,80
13,target_label,executable_kg_rules,复句关联结构,0.98,0.494949494949495,,50
13,target_label,executable_kg_rules,多谓词/论元结构,0.3076923076923077,0.2983508245877061,1.0,52
13,target_label,executable_kg_rules,时间/处所功能结构,0.751937984496124,0.6675257731958764,0.7619047619047619,129
13,target_label,executable_kg_rules,比较构式,0.5625,0.5151515151515151,0.2222222222222222,64
13,target_label,executable_kg_rules,补语结构,0.12222222222222222,0.10891089108910891,1.0,90
13,target_label,executable_kg_rules,被动/受事凸显构式,1.0,1.0,1.0,29
13,target_label,char_tfidf_lr,介词/框架结构,0.8952380952380953,0.6051282051282051,0.15384615384615385,105
13,target_label,char_tfidf_lr,处置/受事重组构式,1.0,1.0,1.0,80
13,target_label,char_tfidf_lr,复句关联结构,1.0,1.0,,50
13,target_label,char_tfidf_lr,多谓词/论元结构,0.9423076923076923,0.9104991394148021,0.8181818181818182,52
13,target_label,char_tfidf_lr,时间/处所功能结构,0.8682170542635659,0.7981592268752876,0.8571428571428571,129
13,target_label,char_tfidf_lr,比较构式,0.859375,0.8512012399896667,0.9722222222222222,64
13,target_label,char_tfidf_lr,补语结构,0.9111111111111111,0.8076923076923077,0.7272727272727273,90
13,target_label,char_tfidf_lr,被动/受事凸显构式,1.0,1.0,1.0,29
13,target_label,char_tfidf_svm,介词/框架结构,0.9142857142857143,0.7619047619047619,0.46153846153846156,105
13,target_label,char_tfidf_svm,处置/受事重组构式,1.0,1.0,1.0,80
13,target_label,char_tfidf_svm,复句关联结构,1.0,1.0,,50
13,target_label,char_tfidf_svm,多谓词/论元结构,0.9230769230769231,0.8847006651884701,0.8181818181818182,52
13,target_label,char_tfidf_svm,时间/处所功能结构,0.9147286821705426,0.8569123726933549,0.8571428571428571,129
13,target_label,char_tfidf_svm,比较构式,0.90625,0.902834008097166,0.9722222222222222,64
13,target_label,char_tfidf_svm,补语结构,0.9333333333333333,0.83125,0.6363636363636364,90
13,target_label,char_tfidf_svm,被动/受事凸显构式,1.0,1.0,1.0,29
13,target_label,kg_only_lr,介词/框架结构,0.8285714285714286,0.543036750483559,0.15384615384615385,105
13,target_label,kg_only_lr,处置/受事重组构式,0.9875,0.8301486199575372,1.0,80
13,target_label,kg_only_lr,复句关联结构,1.0,1.0,,50
13,target_label,kg_only_lr,多谓词/论元结构,0.7692307692307693,0.5047619047619047,0.09090909090909091,52
13,target_label,kg_only_lr,时间/处所功能结构,0.8992248062015504,0.8411480534242683,0.9047619047619048,129
13,target_label,kg_only_lr,比较构式,0.9375,0.9359359359359359,0.9722222222222222,64
13,target_label,kg_only_lr,补语结构,0.6888888888888889,0.6123076923076923,1.0,90
13,target_label,kg_only_lr,被动/受事凸显构式,0.7586206896551724,0.5396825396825397,1.0,29
13,target_label,char_lr_plus_kg_markers,介词/框架结构,0.9142857142857143,0.7395976853127584,0.38461538461538464,105
13,target_label,char_lr_plus_kg_markers,处置/受事重组构式,0.9875,0.8301486199575372,1.0,80
13,target_label,char_lr_plus_kg_markers,复句关联结构,1.0,1.0,,50
13,target_label,char_lr_plus_kg_markers,多谓词/论元结构,0.9423076923076923,0.9104991394148021,0.8181818181818182,52
13,target_label,char_lr_plus_kg_markers,时间/处所功能结构,0.8992248062015504,0.8362464603066107,0.8571428571428571,129
13,target_label,char_lr_plus_kg_markers,比较构式,0.875,0.8687179487179487,0.9722222222222222,64
13,target_label,char_lr_plus_kg_markers,补语结构,0.9222222222222223,0.8374193548387097,0.8181818181818182,90
13,target_label,char_lr_plus_kg_markers,被动/受事凸显构式,1.0,1.0,1.0,29
13,target_label,char_lr_plus_kg_constraints,介词/框架结构,0.9523809523809523,0.8677248677248677,0.6153846153846154,105
13,target_label,char_lr_plus_kg_constraints,处置/受事重组构式,0.9875,0.8301486199575372,1.0,80
13,target_label,char_lr_plus_kg_constraints,复句关联结构,1.0,1.0,,50
13,target_label,char_lr_plus_kg_constraints,多谓词/论元结构,0.9423076923076923,0.9104991394148021,0.8181818181818182,52
13,target_label,char_lr_plus_kg_constraints,时间/处所功能结构,0.9147286821705426,0.861439312567132,0.9047619047619048,129
13,target_label,char_lr_plus_kg_constraints,比较构式,0.9375,0.9359359359359359,0.9722222222222222,64
13,target_label,char_lr_plus_kg_constraints,补语结构,0.9222222222222223,0.8255330933259485,0.7272727272727273,90
13,target_label,char_lr_plus_kg_constraints,被动/受事凸显构式,1.0,1.0,1.0,29
13,target_label,char_lr_plus_kg_full,介词/框架结构,0.9523809523809523,0.8677248677248677,0.6153846153846154,105
13,target_label,char_lr_plus_kg_full,处置/受事重组构式,0.9875,0.8301486199575372,1.0,80
13,target_label,char_lr_plus_kg_full,复句关联结构,1.0,1.0,,50
13,target_label,char_lr_plus_kg_full,多谓词/论元结构,0.9423076923076923,0.9104991394148021,0.8181818181818182,52
13,target_label,char_lr_plus_kg_full,时间/处所功能结构,0.9147286821705426,0.861439312567132,0.9047619047619048,129
13,target_label,char_lr_plus_kg_full,比较构式,0.9375,0.9359359359359359,0.9722222222222222,64
13,target_label,char_lr_plus_kg_full,补语结构,0.9222222222222223,0.8255330933259485,0.7272727272727273,90
13,target_label,char_lr_plus_kg_full,被动/受事凸显构式,1.0,1.0,1.0,29
13,target_label,char_lr_plus_kg_full_hard_reject,介词/框架结构,0.9523809523809523,0.8677248677248677,0.6153846153846154,105
13,target_label,char_lr_plus_kg_full_hard_reject,处置/受事重组构式,0.975,0.7435897435897436,1.0,80
13,target_label,char_lr_plus_kg_full_hard_reject,复句关联结构,0.98,0.494949494949495,,50
13,target_label,char_lr_plus_kg_full_hard_reject,多谓词/论元结构,0.9423076923076923,0.9104991394148021,0.8181818181818182,52
13,target_label,char_lr_plus_kg_full_hard_reject,时间/处所功能结构,0.9147286821705426,0.861439312567132,0.9047619047619048,129
13,target_label,char_lr_plus_kg_full_hard_reject,比较构式,0.9375,0.9359359359359359,0.9722222222222222,64
13,target_label,char_lr_plus_kg_full_hard_reject,补语结构,0.9222222222222223,0.8255330933259485,0.7272727272727273,90
13,target_label,char_lr_plus_kg_full_hard_reject,被动/受事凸显构式,1.0,1.0,1.0,29
13,target_label,char_svm_plus_kg_constraints,介词/框架结构,0.9523809523809523,0.8779353638688677,0.6923076923076923,105
13,target_label,char_svm_plus_kg_constraints,处置/受事重组构式,0.9875,0.8301486199575372,1.0,80
13,target_label,char_svm_plus_kg_constraints,复句关联结构,1.0,1.0,,50
13,target_label,char_svm_plus_kg_constraints,多谓词/论元结构,0.9423076923076923,0.9104991394148021,0.8181818181818182,52
13,target_label,char_svm_plus_kg_constraints,时间/处所功能结构,0.8992248062015504,0.8250391236306729,0.7619047619047619,129
13,target_label,char_svm_plus_kg_constraints,比较构式,0.9375,0.9359359359359359,0.9722222222222222,64
13,target_label,char_svm_plus_kg_constraints,补语结构,0.9666666666666667,0.9117358613926119,0.7272727272727273,90
13,target_label,char_svm_plus_kg_constraints,被动/受事凸显构式,1.0,1.0,1.0,29
13,target_label,char_svm_plus_kg_full,介词/框架结构,0.9523809523809523,0.8779353638688677,0.6923076923076923,105
13,target_label,char_svm_plus_kg_full,处置/受事重组构式,0.9875,0.8301486199575372,1.0,80
13,target_label,char_svm_plus_kg_full,复句关联结构,1.0,1.0,,50
13,target_label,char_svm_plus_kg_full,多谓词/论元结构,0.9423076923076923,0.9104991394148021,0.8181818181818182,52
13,target_label,char_svm_plus_kg_full,时间/处所功能结构,0.8992248062015504,0.8250391236306729,0.7619047619047619,129
13,target_label,char_svm_plus_kg_full,比较构式,0.9375,0.9359359359359359,0.9722222222222222,64
13,target_label,char_svm_plus_kg_full,补语结构,0.9666666666666667,0.9117358613926119,0.7272727272727273,90
13,target_label,char_svm_plus_kg_full,被动/受事凸显构式,1.0,1.0,1.0,29
13,target_label,reliability_weighted_kg_reranker,介词/框架结构,0.8952380952380953,0.6051282051282051,0.15384615384615385,105
13,target_label,reliability_weighted_kg_reranker,处置/受事重组构式,1.0,1.0,1.0,80
13,target_label,reliability_weighted_kg_reranker,复句关联结构,1.0,1.0,,50
13,target_label,reliability_weighted_kg_reranker,多谓词/论元结构,0.9423076923076923,0.9104991394148021,0.8181818181818182,52
13,target_label,reliability_weighted_kg_reranker,时间/处所功能结构,0.8682170542635659,0.7981592268752876,0.8571428571428571,129
13,target_label,reliability_weighted_kg_reranker,比较构式,0.859375,0.8512012399896667,0.9722222222222222,64
13,target_label,reliability_weighted_kg_reranker,补语结构,0.9111111111111111,0.8076923076923077,0.7272727272727273,90
13,target_label,reliability_weighted_kg_reranker,被动/受事凸显构式,1.0,1.0,1.0,29
13,extraction,global_majority,介词/框架结构,0.8666666666666667,0.30952380952380953,0.0,105
13,extraction,global_majority,处置/受事重组构式,0.9375,0.3225806451612903,0.0,80
13,extraction,global_majority,复句关联结构,0.98,0.494949494949495,,50
13,extraction,global_majority,多谓词/论元结构,0.75,0.2857142857142857,0.0,52
13,extraction,global_majority,时间/处所功能结构,0.7751937984496124,0.2183406113537118,0.0,129
13,extraction,global_majority,比较构式,0.421875,0.1978021978021978,0.0,64
13,extraction,global_majority,补语结构,0.7444444444444445,0.28450106157112526,0.0,90
13,extraction,global_majority,被动/受事凸显构式,0.7241379310344828,0.21,0.0,29
13,extraction,family_majority,介词/框架结构,0.8666666666666667,0.30952380952380953,0.0,105
13,extraction,family_majority,处置/受事重组构式,0.9375,0.3225806451612903,0.0,80
13,extraction,family_majority,复句关联结构,0.98,0.494949494949495,,50
13,extraction,family_majority,多谓词/论元结构,0.75,0.2857142857142857,0.0,52
13,extraction,family_majority,时间/处所功能结构,0.7751937984496124,0.2183406113537118,0.0,129
13,extraction,family_majority,比较构式,0.5625,0.24,1.0,64
13,extraction,family_majority,补语结构,0.7444444444444445,0.28450106157112526,0.0,90
13,extraction,family_majority,被动/受事凸显构式,0.7241379310344828,0.21,0.0,29
13,extraction,point_majority,介词/框架结构,0.8666666666666667,0.30952380952380953,0.0,105
13,extraction,point_majority,处置/受事重组构式,0.9375,0.3225806451612903,0.0,80
13,extraction,point_majority,复句关联结构,0.98,0.494949494949495,,50
13,extraction,point_majority,多谓词/论元结构,0.75,0.2857142857142857,0.0,52
13,extraction,point_majority,时间/处所功能结构,0.7751937984496124,0.2183406113537118,0.0,129
13,extraction,point_majority,比较构式,0.796875,0.5350223546944859,0.75,64
13,extraction,point_majority,补语结构,0.7444444444444445,0.28450106157112526,0.0,90
13,extraction,point_majority,被动/受事凸显构式,0.7241379310344828,0.21,0.0,29
13,extraction,executable_kg_rules,介词/框架结构,0.8476190476190476,0.2648809523809524,0.07692307692307693,105
13,extraction,executable_kg_rules,处置/受事重组构式,0.9125,0.24013157894736842,0.0,80
13,extraction,executable_kg_rules,复句关联结构,0.96,0.32653061224489793,,50
13,extraction,executable_kg_rules,多谓词/论元结构,0.057692307692307696,0.04545454545454545,0.0,52
13,extraction,executable_kg_rules,时间/处所功能结构,0.5891472868217055,0.22335203366058903,0.047619047619047616,129
13,extraction,executable_kg_rules,比较构式,0.546875,0.33807959109163926,0.2222222222222222,64
13,extraction,executable_kg_rules,补语结构,0.011111111111111112,0.007326007326007327,0.0,90
13,extraction,executable_kg_rules,被动/受事凸显构式,0.7586206896551724,0.3392857142857143,0.3333333333333333,29
13,extraction,char_tfidf_lr,介词/框架结构,0.8857142857142857,0.403223949337939,0.15384615384615385,105
13,extraction,char_tfidf_lr,处置/受事重组构式,0.95,0.6801169590643275,0.5,80
13,extraction,char_tfidf_lr,复句关联结构,0.98,0.8281786941580755,,50
13,extraction,char_tfidf_lr,多谓词/论元结构,0.9230769230769231,0.8686202686202685,0.8181818181818182,52
13,extraction,char_tfidf_lr,时间/处所功能结构,0.8682170542635659,0.7798477564102564,0.8571428571428571,129
13,extraction,char_tfidf_lr,比较构式,0.875,0.583030303030303,0.9722222222222222,64
13,extraction,char_tfidf_lr,补语结构,0.8111111111111111,0.3936678614097969,0.8636363636363636,90
13,extraction,char_tfidf_lr,被动/受事凸显构式,0.7241379310344828,0.468859649122807,0.3333333333333333,29
13,extraction,char_tfidf_svm,介词/框架结构,0.9238095238095239,0.5315139701104613,0.46153846153846156,105
13,extraction,char_tfidf_svm,处置/受事重组构式,0.9625,0.7156862745098039,0.5,80
13,extraction,char_tfidf_svm,复句关联结构,0.98,0.494949494949495,,50
13,extraction,char_tfidf_svm,多谓词/论元结构,0.9230769230769231,0.8246031746031744,0.8181818181818182,52
13,extraction,char_tfidf_svm,时间/处所功能结构,0.875968992248062,0.745340176057593,0.8095238095238095,129
13,extraction,char_tfidf_svm,比较构式,0.890625,0.5945992432060544,0.9722222222222222,64
13,extraction,char_tfidf_svm,补语结构,0.8888888888888888,0.5716465075732811,0.8181818181818182,90
13,extraction,char_tfidf_svm,被动/受事凸显构式,0.896551724137931,0.6083333333333334,0.3333333333333333,29
13,extraction,kg_only_lr,介词/框架结构,0.8380952380952381,0.45024420024420025,0.15384615384615385,105
13,extraction,kg_only_lr,处置/受事重组构式,0.875,0.5438356164383561,0.5,80
13,extraction,kg_only_lr,复句关联结构,0.88,0.4227053140096619,,50
13,extraction,kg_only_lr,多谓词/论元结构,0.6538461538461539,0.3403880070546737,0.0,52
13,extraction,kg_only_lr,时间/处所功能结构,0.7441860465116279,0.5104285627964591,0.6666666666666666,129
13,extraction,kg_only_lr,比较构式,0.90625,0.7753153153153153,0.9722222222222222,64
13,extraction,kg_only_lr,补语结构,0.7444444444444445,0.36016949152542377,0.8181818181818182,90
13,extraction,kg_only_lr,被动/受事凸显构式,0.2413793103448276,0.13942307692307693,0.0,29
13,extraction,char_lr_plus_kg_markers,介词/框架结构,0.8952380952380953,0.44097222222222215,0.23076923076923078,105
13,extraction,char_lr_plus_kg_markers,处置/受事重组构式,0.9375,0.6222958057395144,0.5,80
13,extraction,char_lr_plus_kg_markers,复句关联结构,0.94,0.4845360824742268,,50
13,extraction,char_lr_plus_kg_markers,多谓词/论元结构,0.9230769230769231,0.8686202686202685,0.8181818181818182,52
13,extraction,char_lr_plus_kg_markers,时间/处所功能结构,0.875968992248062,0.6904761904761906,0.8571428571428571,129
13,extraction,char_lr_plus_kg_markers,比较构式,0.90625,0.9336842105263158,0.9722222222222222,64
13,extraction,char_lr_plus_kg_markers,补语结构,0.8444444444444444,0.5481029810298103,0.9545454545454546,90
13,extraction,char_lr_plus_kg_markers,被动/受事凸显构式,0.8275862068965517,0.5233739837398373,0.3333333333333333,29
13,extraction,char_lr_plus_kg_constraints,介词/框架结构,0.9238095238095239,0.5298245614035088,0.46153846153846156,105
13,extraction,char_lr_plus_kg_constraints,处置/受事重组构式,0.9375,0.6222958057395144,0.5,80
13,extraction,char_lr_plus_kg_constraints,复句关联结构,0.96,0.7395833333333333,,50
13,extraction,char_lr_plus_kg_constraints,多谓词/论元结构,0.9038461538461539,0.8196248196248196,0.8181818181818182,52
13,extraction,char_lr_plus_kg_constraints,时间/处所功能结构,0.8837209302325582,0.6980442176870748,0.9047619047619048,129
13,extraction,char_lr_plus_kg_constraints,比较构式,0.921875,0.8381911323087793,0.9722222222222222,64
13,extraction,char_lr_plus_kg_constraints,补语结构,0.8555555555555555,0.5531596286313268,0.9090909090909091,90
13,extraction,char_lr_plus_kg_constraints,被动/受事凸显构式,0.7586206896551724,0.4717948717948718,0.3333333333333333,29
13,extraction,char_lr_plus_kg_full,介词/框架结构,0.9142857142857143,0.5044834307992203,0.38461538461538464,105
13,extraction,char_lr_plus_kg_full,处置/受事重组构式,0.9375,0.6222958057395144,0.5,80
13,extraction,char_lr_plus_kg_full,复句关联结构,0.94,0.4845360824742268,,50
13,extraction,char_lr_plus_kg_full,多谓词/论元结构,0.9038461538461539,0.8196248196248196,0.8181818181818182,52
13,extraction,char_lr_plus_kg_full,时间/处所功能结构,0.8837209302325582,0.6980442176870748,0.9047619047619048,129
13,extraction,char_lr_plus_kg_full,比较构式,0.921875,0.8381911323087793,0.9722222222222222,64
13,extraction,char_lr_plus_kg_full,补语结构,0.8555555555555555,0.5531596286313268,0.9090909090909091,90
13,extraction,char_lr_plus_kg_full,被动/受事凸显构式,0.7586206896551724,0.4717948717948718,0.3333333333333333,29
13,extraction,char_lr_plus_kg_full_hard_reject,介词/框架结构,0.9142857142857143,0.5044834307992203,0.38461538461538464,105
13,extraction,char_lr_plus_kg_full_hard_reject,处置/受事重组构式,0.9375,0.6222958057395144,0.5,80
13,extraction,char_lr_plus_kg_full_hard_reject,复句关联结构,0.92,0.3194444444444445,,50
13,extraction,char_lr_plus_kg_full_hard_reject,多谓词/论元结构,0.9038461538461539,0.8196248196248196,0.8181818181818182,52
13,extraction,char_lr_plus_kg_full_hard_reject,时间/处所功能结构,0.8837209302325582,0.6980442176870748,0.9047619047619048,129
13,extraction,char_lr_plus_kg_full_hard_reject,比较构式,0.921875,0.8381911323087793,0.9722222222222222,64
13,extraction,char_lr_plus_kg_full_hard_reject,补语结构,0.8555555555555555,0.5531596286313268,0.9090909090909091,90
13,extraction,char_lr_plus_kg_full_hard_reject,被动/受事凸显构式,0.7586206896551724,0.4717948717948718,0.3333333333333333,29
13,extraction,char_svm_plus_kg_constraints,介词/框架结构,0.9428571428571428,0.5766632894292468,0.6153846153846154,105
13,extraction,char_svm_plus_kg_constraints,处置/受事重组构式,0.9375,0.6222958057395144,0.5,80
13,extraction,char_svm_plus_kg_constraints,复句关联结构,0.98,0.494949494949495,,50
13,extraction,char_svm_plus_kg_constraints,多谓词/论元结构,0.9230769230769231,0.8246031746031744,0.8181818181818182,52
13,extraction,char_svm_plus_kg_constraints,时间/处所功能结构,0.8837209302325582,0.665808329601433,0.7619047619047619,129
13,extraction,char_svm_plus_kg_constraints,比较构式,0.9375,0.9563409563409563,0.9722222222222222,64
13,extraction,char_svm_plus_kg_constraints,补语结构,0.8555555555555555,0.5354916067146283,0.6363636363636364,90
13,extraction,char_svm_plus_kg_constraints,被动/受事凸显构式,0.8275862068965517,0.5431524547803618,0.3333333333333333,29
13,extraction,char_svm_plus_kg_full,介词/框架结构,0.9428571428571428,0.5766632894292468,0.6153846153846154,105
13,extraction,char_svm_plus_kg_full,处置/受事重组构式,0.9375,0.6222958057395144,0.5,80
13,extraction,char_svm_plus_kg_full,复句关联结构,0.98,0.494949494949495,,50
13,extraction,char_svm_plus_kg_full,多谓词/论元结构,0.9230769230769231,0.8246031746031744,0.8181818181818182,52
13,extraction,char_svm_plus_kg_full,时间/处所功能结构,0.8837209302325582,0.665808329601433,0.7619047619047619,129
13,extraction,char_svm_plus_kg_full,比较构式,0.9375,0.9563409563409563,0.9722222222222222,64
13,extraction,char_svm_plus_kg_full,补语结构,0.8555555555555555,0.5354916067146283,0.6363636363636364,90
13,extraction,char_svm_plus_kg_full,被动/受事凸显构式,0.8275862068965517,0.5431524547803618,0.3333333333333333,29
13,extraction,reliability_weighted_kg_reranker,介词/框架结构,0.8857142857142857,0.403223949337939,0.15384615384615385,105
13,extraction,reliability_weighted_kg_reranker,处置/受事重组构式,0.95,0.6801169590643275,0.5,80
13,extraction,reliability_weighted_kg_reranker,复句关联结构,0.98,0.8281786941580755,,50
13,extraction,reliability_weighted_kg_reranker,多谓词/论元结构,0.9230769230769231,0.8686202686202685,0.8181818181818182,52
13,extraction,reliability_weighted_kg_reranker,时间/处所功能结构,0.8682170542635659,0.7798477564102564,0.8571428571428571,129
13,extraction,reliability_weighted_kg_reranker,比较构式,0.875,0.583030303030303,0.9722222222222222,64
13,extraction,reliability_weighted_kg_reranker,补语结构,0.8111111111111111,0.3936678614097969,0.8636363636363636,90
13,extraction,reliability_weighted_kg_reranker,被动/受事凸显构式,0.7241379310344828,0.468859649122807,0.3333333333333333,29
13,function_type,global_majority,介词/框架结构,0.8666666666666667,0.30952380952380953,0.0,105
13,function_type,global_majority,处置/受事重组构式,0.9375,0.3225806451612903,0.0,80
13,function_type,global_majority,复句关联结构,0.98,0.494949494949495,,50
13,function_type,global_majority,多谓词/论元结构,0.75,0.2857142857142857,0.0,52
13,function_type,global_majority,时间/处所功能结构,0.7751937984496124,0.2911208151382824,0.0,129
13,function_type,global_majority,比较构式,0.421875,0.1978021978021978,0.0,64
13,function_type,global_majority,补语结构,0.7444444444444445,0.28450106157112526,0.0,90
13,function_type,global_majority,被动/受事凸显构式,0.7241379310344828,0.27999999999999997,0.0,29
13,function_type,family_majority,介词/框架结构,0.8666666666666667,0.30952380952380953,0.0,105
13,function_type,family_majority,处置/受事重组构式,0.9375,0.3225806451612903,0.0,80
13,function_type,family_majority,复句关联结构,0.98,0.494949494949495,,50
13,function_type,family_majority,多谓词/论元结构,0.75,0.2857142857142857,0.0,52
13,function_type,family_majority,时间/处所功能结构,0.7751937984496124,0.2911208151382824,0.0,129
13,function_type,family_majority,比较构式,0.5625,0.24,1.0,64
13,function_type,family_majority,补语结构,0.7444444444444445,0.28450106157112526,0.0,90
13,function_type,family_majority,被动/受事凸显构式,0.7241379310344828,0.27999999999999997,0.0,29
13,function_type,point_majority,介词/框架结构,0.8666666666666667,0.30952380952380953,0.0,105
13,function_type,point_majority,处置/受事重组构式,0.9375,0.3225806451612903,0.0,80
13,function_type,point_majority,复句关联结构,0.98,0.494949494949495,,50
13,function_type,point_majority,多谓词/论元结构,0.75,0.2857142857142857,0.0,52
13,function_type,point_majority,时间/处所功能结构,0.7751937984496124,0.2911208151382824,0.0,129
13,function_type,point_majority,比较构式,0.796875,0.5350223546944859,0.75,64
13,function_type,point_majority,补语结构,0.7444444444444445,0.28450106157112526,0.0,90
13,function_type,point_majority,被动/受事凸显构式,0.7241379310344828,0.27999999999999997,0.0,29
13,function_type,executable_kg_rules,介词/框架结构,0.8476190476190476,0.3531746031746032,0.07692307692307693,105
13,function_type,executable_kg_rules,处置/受事重组构式,0.9125,0.3201754385964912,0.0,80
13,function_type,executable_kg_rules,复句关联结构,0.96,0.32653061224489793,,50
13,function_type,executable_kg_rules,多谓词/论元结构,0.057692307692307696,0.04545454545454545,0.0,52
13,function_type,executable_kg_rules,时间/处所功能结构,0.6046511627906976,0.32501359590119355,0.047619047619047616,129
13,function_type,executable_kg_rules,比较构式,0.546875,0.33807959109163926,0.2222222222222222,64
13,function_type,executable_kg_rules,补语结构,0.011111111111111112,0.007326007326007327,0.0,90
13,function_type,executable_kg_rules,被动/受事凸显构式,0.7586206896551724,0.4523809523809524,0.3333333333333333,29
13,function_type,char_tfidf_lr,介词/框架结构,0.8952380952380953,0.4393350604490501,0.23076923076923078,105
13,function_type,char_tfidf_lr,处置/受事重组构式,0.9625,0.7156862745098039,0.5,80
13,function_type,char_tfidf_lr,复句关联结构,0.98,0.8281786941580755,,50
13,function_type,char_tfidf_lr,多谓词/论元结构,0.9230769230769231,0.8686202686202685,0.8181818181818182,52
13,function_type,char_tfidf_lr,时间/处所功能结构,0.875968992248062,0.8009827245727791,0.8571428571428571,129
13,function_type,char_tfidf_lr,比较构式,0.875,0.583030303030303,0.9722222222222222,64
13,function_type,char_tfidf_lr,补语结构,0.8222222222222222,0.5279012345679012,0.8636363636363636,90
13,function_type,char_tfidf_lr,被动/受事凸显构式,0.8275862068965517,0.6904761904761904,0.3333333333333333,29
13,function_type,char_tfidf_svm,介词/框架结构,0.9333333333333333,0.554320987654321,0.5384615384615384,105
13,function_type,char_tfidf_svm,处置/受事重组构式,0.9625,0.7156862745098039,0.5,80
13,function_type,char_tfidf_svm,复句关联结构,0.98,0.494949494949495,,50
13,function_type,char_tfidf_svm,多谓词/论元结构,0.9230769230769231,0.8246031746031744,0.8181818181818182,52
13,function_type,char_tfidf_svm,时间/处所功能结构,0.875968992248062,0.7715646791879016,0.8095238095238095,129
13,function_type,char_tfidf_svm,比较构式,0.890625,0.5945992432060544,0.9722222222222222,64
13,function_type,char_tfidf_svm,补语结构,0.8777777777777778,0.5603095632946379,0.7727272727272727,90
13,function_type,char_tfidf_svm,被动/受事凸显构式,0.896551724137931,0.774074074074074,0.3333333333333333,29
13,function_type,kg_only_lr,介词/框架结构,0.8571428571428571,0.3812293969362032,0.15384615384615385,105
13,function_type,kg_only_lr,处置/受事重组构式,0.925,0.4868421052631579,0.5,80
13,function_type,kg_only_lr,复句关联结构,0.92,0.6453900709219859,,50
13,function_type,kg_only_lr,多谓词/论元结构,0.6923076923076923,0.48257839721254353,0.09090909090909091,52
13,function_type,kg_only_lr,时间/处所功能结构,0.7906976744186046,0.6531803542673108,0.7619047619047619,129
13,function_type,kg_only_lr,比较构式,0.9375,0.9563409563409563,0.9722222222222222,64
13,function_type,kg_only_lr,补语结构,0.7666666666666667,0.49541539316476796,0.9090909090909091,90
13,function_type,kg_only_lr,被动/受事凸显构式,0.1724137931034483,0.09803921568627451,0.0,29
13,function_type,char_lr_plus_kg_markers,介词/框架结构,0.9142857142857143,0.502811712235796,0.38461538461538464,105
13,function_type,char_lr_plus_kg_markers,处置/受事重组构式,0.95,0.6578947368421053,0.5,80
13,function_type,char_lr_plus_kg_markers,复句关联结构,0.96,0.7395833333333333,,50
13,function_type,char_lr_plus_kg_markers,多谓词/论元结构,0.9230769230769231,0.8686202686202685,0.8181818181818182,52
13,function_type,char_lr_plus_kg_markers,时间/处所功能结构,0.875968992248062,0.7605791962174941,0.8095238095238095,129
13,function_type,char_lr_plus_kg_markers,比较构式,0.90625,0.9336842105263158,0.9722222222222222,64
13,function_type,char_lr_plus_kg_markers,补语结构,0.8555555555555555,0.5531596286313268,0.9090909090909091,90
13,function_type,char_lr_plus_kg_markers,被动/受事凸显构式,0.7931034482758621,0.6571428571428571,0.3333333333333333,29
13,function_type,char_lr_plus_kg_constraints,介词/框架结构,0.9333333333333333,0.554320987654321,0.5384615384615384,105
13,function_type,char_lr_plus_kg_constraints,处置/受事重组构式,0.9375,0.6222958057395144,0.5,80
13,function_type,char_lr_plus_kg_constraints,复句关联结构,0.96,0.7395833333333333,,50
13,function_type,char_lr_plus_kg_constraints,多谓词/论元结构,0.9230769230769231,0.8686202686202685,0.8181818181818182,52
13,function_type,char_lr_plus_kg_constraints,时间/处所功能结构,0.8837209302325582,0.7710481099656358,0.8571428571428571,129
13,function_type,char_lr_plus_kg_constraints,比较构式,0.9375,0.9563409563409563,0.9722222222222222,64
13,function_type,char_lr_plus_kg_constraints,补语结构,0.8666666666666667,0.5608721986674743,0.9090909090909091,90
13,function_type,char_lr_plus_kg_constraints,被动/受事凸显构式,0.7586206896551724,0.635042735042735,0.3333333333333333,29
13,function_type,char_lr_plus_kg_full,介词/框架结构,0.9333333333333333,0.554320987654321,0.5384615384615384,105
13,function_type,char_lr_plus_kg_full,处置/受事重组构式,0.9375,0.6222958057395144,0.5,80
13,function_type,char_lr_plus_kg_full,复句关联结构,0.96,0.7395833333333333,,50
13,function_type,char_lr_plus_kg_full,多谓词/论元结构,0.9230769230769231,0.8686202686202685,0.8181818181818182,52
13,function_type,char_lr_plus_kg_full,时间/处所功能结构,0.8837209302325582,0.7710481099656358,0.8571428571428571,129
13,function_type,char_lr_plus_kg_full,比较构式,0.9375,0.9563409563409563,0.9722222222222222,64
13,function_type,char_lr_plus_kg_full,补语结构,0.8666666666666667,0.5608721986674743,0.9090909090909091,90
13,function_type,char_lr_plus_kg_full,被动/受事凸显构式,0.7586206896551724,0.635042735042735,0.3333333333333333,29
13,function_type,char_lr_plus_kg_full_hard_reject,介词/框架结构,0.9333333333333333,0.554320987654321,0.5384615384615384,105
13,function_type,char_lr_plus_kg_full_hard_reject,处置/受事重组构式,0.9375,0.6222958057395144,0.5,80
13,function_type,char_lr_plus_kg_full_hard_reject,复句关联结构,0.94,0.4894736842105263,,50
13,function_type,char_lr_plus_kg_full_hard_reject,多谓词/论元结构,0.9230769230769231,0.8686202686202685,0.8181818181818182,52
13,function_type,char_lr_plus_kg_full_hard_reject,时间/处所功能结构,0.8837209302325582,0.7710481099656358,0.8571428571428571,129
13,function_type,char_lr_plus_kg_full_hard_reject,比较构式,0.9375,0.9563409563409563,0.9722222222222222,64
13,function_type,char_lr_plus_kg_full_hard_reject,补语结构,0.8666666666666667,0.5608721986674743,0.9090909090909091,90
13,function_type,char_lr_plus_kg_full_hard_reject,被动/受事凸显构式,0.7586206896551724,0.635042735042735,0.3333333333333333,29
13,function_type,char_svm_plus_kg_constraints,介词/框架结构,0.9428571428571428,0.5766632894292468,0.6153846153846154,105
13,function_type,char_svm_plus_kg_constraints,处置/受事重组构式,0.9375,0.6222958057395144,0.5,80
13,function_type,char_svm_plus_kg_constraints,复句关联结构,1.0,1.0,,50
13,function_type,char_svm_plus_kg_constraints,多谓词/论元结构,0.9230769230769231,0.8246031746031744,0.8181818181818182,52
13,function_type,char_svm_plus_kg_constraints,时间/处所功能结构,0.8837209302325582,0.7552103069344449,0.7142857142857143,129
13,function_type,char_svm_plus_kg_constraints,比较构式,0.921875,0.6172021077681454,0.9722222222222222,64
13,function_type,char_svm_plus_kg_constraints,补语结构,0.8444444444444444,0.5222222222222223,0.5909090909090909,90
13,function_type,char_svm_plus_kg_constraints,被动/受事凸显构式,0.8620689655172413,0.7326599326599327,0.3333333333333333,29
13,function_type,char_svm_plus_kg_full,介词/框架结构,0.9428571428571428,0.5766632894292468,0.6153846153846154,105
13,function_type,char_svm_plus_kg_full,处置/受事重组构式,0.9375,0.6222958057395144,0.5,80
13,function_type,char_svm_plus_kg_full,复句关联结构,1.0,1.0,,50
13,function_type,char_svm_plus_kg_full,多谓词/论元结构,0.9230769230769231,0.8246031746031744,0.8181818181818182,52
13,function_type,char_svm_plus_kg_full,时间/处所功能结构,0.8837209302325582,0.7552103069344449,0.7142857142857143,129
13,function_type,char_svm_plus_kg_full,比较构式,0.921875,0.6172021077681454,0.9722222222222222,64
13,function_type,char_svm_plus_kg_full,补语结构,0.8444444444444444,0.5222222222222223,0.5909090909090909,90
13,function_type,char_svm_plus_kg_full,被动/受事凸显构式,0.8620689655172413,0.7326599326599327,0.3333333333333333,29
13,function_type,reliability_weighted_kg_reranker,介词/框架结构,0.8952380952380953,0.4393350604490501,0.23076923076923078,105
13,function_type,reliability_weighted_kg_reranker,处置/受事重组构式,0.9625,0.7156862745098039,0.5,80
13,function_type,reliability_weighted_kg_reranker,复句关联结构,0.98,0.8281786941580755,,50
13,function_type,reliability_weighted_kg_reranker,多谓词/论元结构,0.9230769230769231,0.8686202686202685,0.8181818181818182,52
13,function_type,reliability_weighted_kg_reranker,时间/处所功能结构,0.875968992248062,0.8009827245727791,0.8571428571428571,129
13,function_type,reliability_weighted_kg_reranker,比较构式,0.875,0.583030303030303,0.9722222222222222,64
13,function_type,reliability_weighted_kg_reranker,补语结构,0.8222222222222222,0.5279012345679012,0.8636363636363636,90
13,function_type,reliability_weighted_kg_reranker,被动/受事凸显构式,0.8275862068965517,0.6904761904761904,0.3333333333333333,29
42,target_label,global_majority,介词/框架结构,0.9433962264150944,0.4854368932038835,0.0,106
42,target_label,global_majority,处置/受事重组构式,0.9875,0.4968553459119497,0.0,80
42,target_label,global_majority,复句关联结构,1.0,1.0,,50
42,target_label,global_majority,多谓词/论元结构,0.8461538461538461,0.4583333333333333,0.0,52
42,target_label,global_majority,时间/处所功能结构,0.8076923076923077,0.44680851063829785,0.0,130
42,target_label,global_majority,比较构式,0.390625,0.2808988764044944,0.0,64
42,target_label,global_majority,补语结构,0.8777777777777778,0.46745562130177515,0.0,90
42,target_label,global_majority,被动/受事凸显构式,0.8214285714285714,0.45098039215686275,0.0,28
42,target_label,family_majority,介词/框架结构,0.9433962264150944,0.4854368932038835,0.0,106
42,target_label,family_majority,处置/受事重组构式,0.9875,0.4968553459119497,0.0,80
42,target_label,family_majority,复句关联结构,1.0,1.0,,50
42,target_label,family_majority,多谓词/论元结构,0.8461538461538461,0.4583333333333333,0.0,52
42,target_label,family_majority,时间/处所功能结构,0.8076923076923077,0.44680851063829785,0.0,130
42,target_label,family_majority,比较构式,0.609375,0.3786407766990291,1.0,64
42,target_label,family_majority,补语结构,0.8777777777777778,0.46745562130177515,0.0,90
42,target_label,family_majority,被动/受事凸显构式,0.8214285714285714,0.45098039215686275,0.0,28
42,target_label,point_majority,介词/框架结构,0.9433962264150944,0.4854368932038835,0.0,106
42,target_label,point_majority,处置/受事重组构式,0.9875,0.4968553459119497,0.0,80
42,target_label,point_majority,复句关联结构,1.0,1.0,,50
42,target_label,point_majority,多谓词/论元结构,0.8461538461538461,0.4583333333333333,0.0,52
42,target_label,point_majority,时间/处所功能结构,0.8076923076923077,0.44680851063829785,0.0,130
42,target_label,point_majority,比较构式,0.78125,0.7803921568627451,0.6923076923076923,64
42,target_label,point_majority,补语结构,0.8777777777777778,0.46745562130177515,0.0,90
42,target_label,point_majority,被动/受事凸显构式,0.8214285714285714,0.45098039215686275,0.0,28
42,target_label,executable_kg_rules,介词/框架结构,0.9245283018867925,0.4803921568627451,0.0,106
42,target_label,executable_kg_rules,处置/受事重组构式,0.9625,0.6903225806451613,1.0,80
42,target_label,executable_kg_rules,复句关联结构,1.0,1.0,,50
42,target_label,executable_kg_rules,多谓词/论元结构,0.40384615384615385,0.39284369114877593,0.875,52
42,target_label,executable_kg_rules,时间/处所功能结构,0.7923076923076923,0.7336671978147052,0.84,130
42,target_label,executable_kg_rules,比较构式,0.578125,0.5599694423223835,0.3076923076923077,64
42,target_label,executable_kg_rules,补语结构,0.13333333333333333,0.1225,1.0,90
42,target_label,executable_kg_rules,被动/受事凸显构式,0.8214285714285714,0.45098039215686275,0.0,28
42,target_label,char_tfidf_lr,介词/框架结构,0.9716981132075472,0.825944170771757,0.5,106
42,target_label,char_tfidf_lr,处置/受事重组构式,0.9875,0.4968553459119497,0.0,80
42,target_label,char_tfidf_lr,复句关联结构,1.0,1.0,,50
42,target_label,char_tfidf_lr,多谓词/论元结构,0.9615384615384616,0.9174603174603174,0.75,52
42,target_label,char_tfidf_lr,时间/处所功能结构,0.9153846153846154,0.8731707317073171,0.88,130
42,target_label,char_tfidf_lr,比较构式,0.90625,0.8981972428419936,0.9743589743589743,64
42,target_label,char_tfidf_lr,补语结构,0.9111111111111111,0.8308270676691729,0.9090909090909091,90
42,target_label,char_tfidf_lr,被动/受事凸显构式,0.8571428571428571,0.7878787878787878,0.8,28
42,target_label,char_tfidf_svm,介词/框架结构,0.9716981132075472,0.825944170771757,0.5,106
42,target_label,char_tfidf_svm,处置/受事重组构式,0.9875,0.4968553459119497,0.0,80
42,target_label,char_tfidf_svm,复句关联结构,1.0,1.0,,50
42,target_label,char_tfidf_svm,多谓词/论元结构,0.9423076923076923,0.8681318681318682,0.625,52
42,target_label,char_tfidf_svm,时间/处所功能结构,0.9230769230769231,0.8798076923076923,0.84,130
42,target_label,char_tfidf_svm,比较构式,0.9375,0.9343589743589744,0.9487179487179487,64
42,target_label,char_tfidf_svm,补语结构,0.9333333333333333,0.8446490218642118,0.7272727272727273,90
42,target_label,char_tfidf_svm,被动/受事凸显构式,0.8928571428571429,0.8303030303030303,0.8,28
42,target_label,kg_only_lr,介词/框架结构,0.8962264150943396,0.549284885968303,0.16666666666666666,106
42,target_label,kg_only_lr,处置/受事重组构式,1.0,1.0,1.0,80
42,target_label,kg_only_lr,复句关联结构,1.0,1.0,,50
42,target_label,kg_only_lr,多谓词/论元结构,0.8461538461538461,0.4583333333333333,0.0,52
42,target_label,kg_only_lr,时间/处所功能结构,0.7692307692307693,0.7291666666666667,1.0,130
42,target_label,kg_only_lr,比较构式,0.96875,0.9666666666666667,1.0,64
42,target_label,kg_only_lr,补语结构,0.6555555555555556,0.5854999257168325,1.0,90
42,target_label,kg_only_lr,被动/受事凸显构式,0.8571428571428571,0.6266666666666667,0.2,28
42,target_label,char_lr_plus_kg_markers,介词/框架结构,0.9622641509433962,0.7900990099009901,0.5,106
42,target_label,char_lr_plus_kg_markers,处置/受事重组构式,0.9875,0.4968553459119497,0.0,80
42,target_label,char_lr_plus_kg_markers,复句关联结构,1.0,1.0,,50
42,target_label,char_lr_plus_kg_markers,多谓词/论元结构,0.9423076923076923,0.8681318681318682,0.625,52
42,target_label,char_lr_plus_kg_markers,时间/处所功能结构,0.9384615384615385,0.9065084501977706,0.92,130
42,target_label,char_lr_plus_kg_markers,比较构式,0.921875,0.9173340222164815,0.9487179487179487,64
42,target_label,char_lr_plus_kg_markers,补语结构,0.8666666666666667,0.7719594594594594,0.9090909090909091,90
42,target_label,char_lr_plus_kg_markers,被动/受事凸显构式,0.9285714285714286,0.8782608695652174,0.8,28
42,target_label,char_lr_plus_kg_constraints,介词/框架结构,0.9622641509433962,0.7900990099009901,0.5,106
42,target_label,char_lr_plus_kg_constraints,处置/受事重组构式,1.0,1.0,1.0,80
42,target_label,char_lr_plus_kg_constraints,复句关联结构,1.0,1.0,,50
42,target_label,char_lr_plus_kg_constraints,多谓词/论元结构,0.9423076923076923,0.8681318681318682,0.625,52
42,target_label,char_lr_plus_kg_constraints,时间/处所功能结构,0.9461538461538461,0.917054051590557,0.92,130
42,target_label,char_lr_plus_kg_constraints,比较构式,0.953125,0.9495665878644601,1.0,64
42,target_label,char_lr_plus_kg_constraints,补语结构,0.8888888888888888,0.7885338345864662,0.8181818181818182,90
42,target_label,char_lr_plus_kg_constraints,被动/受事凸显构式,0.8928571428571429,0.801418439716312,0.6,28
42,target_label,char_lr_plus_kg_full,介词/框架结构,0.9622641509433962,0.7900990099009901,0.5,106
42,target_label,char_lr_plus_kg_full,处置/受事重组构式,1.0,1.0,1.0,80
42,target_label,char_lr_plus_kg_full,复句关联结构,1.0,1.0,,50
42,target_label,char_lr_plus_kg_full,多谓词/论元结构,0.9423076923076923,0.8681318681318682,0.625,52
42,target_label,char_lr_plus_kg_full,时间/处所功能结构,0.9461538461538461,0.917054051590557,0.92,130
42,target_label,char_lr_plus_kg_full,比较构式,0.953125,0.9495665878644601,1.0,64
42,target_label,char_lr_plus_kg_full,补语结构,0.8888888888888888,0.7885338345864662,0.8181818181818182,90
42,target_label,char_lr_plus_kg_full,被动/受事凸显构式,0.8928571428571429,0.801418439716312,0.6,28
42,target_label,char_lr_plus_kg_full_hard_reject,介词/框架结构,0.9622641509433962,0.7900990099009901,0.5,106
42,target_label,char_lr_plus_kg_full_hard_reject,处置/受事重组构式,0.9625,0.6903225806451613,1.0,80
42,target_label,char_lr_plus_kg_full_hard_reject,复句关联结构,1.0,1.0,,50
42,target_label,char_lr_plus_kg_full_hard_reject,多谓词/论元结构,0.9423076923076923,0.8681318681318682,0.625,52
42,target_label,char_lr_plus_kg_full_hard_reject,时间/处所功能结构,0.9461538461538461,0.917054051590557,0.92,130
42,target_label,char_lr_plus_kg_full_hard_reject,比较构式,0.953125,0.9495665878644601,1.0,64
42,target_label,char_lr_plus_kg_full_hard_reject,补语结构,0.8888888888888888,0.7885338345864662,0.8181818181818182,90
42,target_label,char_lr_plus_kg_full_hard_reject,被动/受事凸显构式,0.8928571428571429,0.801418439716312,0.6,28
42,target_label,char_svm_plus_kg_constraints,介词/框架结构,0.9716981132075472,0.825944170771757,0.5,106
42,target_label,char_svm_plus_kg_constraints,处置/受事重组构式,0.9875,0.4968553459119497,0.0,80
42,target_label,char_svm_plus_kg_constraints,复句关联结构,1.0,1.0,,50
42,target_label,char_svm_plus_kg_constraints,多谓词/论元结构,0.9615384615384616,0.9174603174603174,0.75,52
42,target_label,char_svm_plus_kg_constraints,时间/处所功能结构,0.9384615384615385,0.900952380952381,0.84,130
42,target_label,char_svm_plus_kg_constraints,比较构式,0.96875,0.9666666666666667,1.0,64
42,target_label,char_svm_plus_kg_constraints,补语结构,0.9333333333333333,0.8446490218642118,0.7272727272727273,90
42,target_label,char_svm_plus_kg_constraints,被动/受事凸显构式,0.8928571428571429,0.801418439716312,0.6,28
42,target_label,char_svm_plus_kg_full,介词/框架结构,0.9716981132075472,0.825944170771757,0.5,106
42,target_label,char_svm_plus_kg_full,处置/受事重组构式,0.9875,0.4968553459119497,0.0,80
42,target_label,char_svm_plus_kg_full,复句关联结构,1.0,1.0,,50
42,target_label,char_svm_plus_kg_full,多谓词/论元结构,0.9615384615384616,0.9174603174603174,0.75,52
42,target_label,char_svm_plus_kg_full,时间/处所功能结构,0.9384615384615385,0.900952380952381,0.84,130
42,target_label,char_svm_plus_kg_full,比较构式,0.96875,0.9666666666666667,1.0,64
42,target_label,char_svm_plus_kg_full,补语结构,0.9333333333333333,0.8446490218642118,0.7272727272727273,90
42,target_label,char_svm_plus_kg_full,被动/受事凸显构式,0.8928571428571429,0.801418439716312,0.6,28
42,target_label,reliability_weighted_kg_reranker,介词/框架结构,0.9433962264150944,0.4854368932038835,0.0,106
42,target_label,reliability_weighted_kg_reranker,处置/受事重组构式,0.9875,0.4968553459119497,0.0,80
42,target_label,reliability_weighted_kg_reranker,复句关联结构,1.0,1.0,,50
42,target_label,reliability_weighted_kg_reranker,多谓词/论元结构,0.9615384615384616,0.9174603174603174,0.75,52
42,target_label,reliability_weighted_kg_reranker,时间/处所功能结构,0.9307692307692308,0.8831285585855558,0.76,130
42,target_label,reliability_weighted_kg_reranker,比较构式,0.96875,0.9666666666666667,1.0,64
42,target_label,reliability_weighted_kg_reranker,补语结构,0.8888888888888888,0.5535714285714286,0.09090909090909091,90
42,target_label,reliability_weighted_kg_reranker,被动/受事凸显构式,0.8214285714285714,0.45098039215686275,0.0,28
42,extraction,global_majority,介词/框架结构,0.9245283018867925,0.32026143790849676,0.0,106
42,extraction,global_majority,处置/受事重组构式,0.9358974358974359,0.3222958057395144,0.0,78
42,extraction,global_majority,复句关联结构,0.96,0.32653061224489793,,50
42,extraction,global_majority,多谓词/论元结构,0.8076923076923077,0.2978723404255319,0.0,52
42,extraction,global_majority,时间/处所功能结构,0.7076923076923077,0.2072072072072072,0.0,130
42,extraction,global_majority,比较构式,0.390625,0.2808988764044944,0.0,64
42,extraction,global_majority,补语结构,0.7555555555555555,0.2869198312236287,0.0,90
42,extraction,global_majority,被动/受事凸显构式,0.6428571428571429,0.2608695652173913,0.0,28
42,extraction,family_majority,介词/框架结构,0.9245283018867925,0.32026143790849676,0.0,106
42,extraction,family_majority,处置/受事重组构式,0.9358974358974359,0.3222958057395144,0.0,78
42,extraction,family_majority,复句关联结构,0.96,0.32653061224489793,,50
42,extraction,family_majority,多谓词/论元结构,0.8076923076923077,0.2978723404255319,0.0,52
42,extraction,family_majority,时间/处所功能结构,0.7076923076923077,0.2072072072072072,0.0,130
42,extraction,family_majority,比较构式,0.609375,0.3786407766990291,1.0,64
42,extraction,family_majority,补语结构,0.7555555555555555,0.2869198312236287,0.0,90
42,extraction,family_majority,被动/受事凸显构式,0.6428571428571429,0.2608695652173913,0.0,28
42,extraction,point_majority,介词/框架结构,0.9245283018867925,0.32026143790849676,0.0,106
42,extraction,point_majority,处置/受事重组构式,0.9358974358974359,0.3222958057395144,0.0,78
42,extraction,point_majority,复句关联结构,0.96,0.32653061224489793,,50
42,extraction,point_majority,多谓词/论元结构,0.8076923076923077,0.2978723404255319,0.0,52
42,extraction,point_majority,时间/处所功能结构,0.7076923076923077,0.2072072072072072,0.0,130
42,extraction,point_majority,比较构式,0.78125,0.7803921568627451,0.6923076923076923,64
42,extraction,point_majority,补语结构,0.7555555555555555,0.2869198312236287,0.0,90
42,extraction,point_majority,被动/受事凸显构式,0.6428571428571429,0.2608695652173913,0.0,28
42,extraction,executable_kg_rules,介词/框架结构,0.9056603773584906,0.2376237623762376,0.0,106
42,extraction,executable_kg_rules,处置/受事重组构式,0.9230769230769231,0.24161073825503357,0.0,78
42,extraction,executable_kg_rules,复句关联结构,0.96,0.32653061224489793,,50
42,extraction,executable_kg_rules,多谓词/论元结构,0.23076923076923078,0.14035087719298245,0.0,52
42,extraction,executable_kg_rules,时间/处所功能结构,0.5461538461538461,0.21585998271391532,0.04,130
42,extraction,executable_kg_rules,比较构式,0.578125,0.5599694423223835,0.3076923076923077,64
42,extraction,executable_kg_rules,补语结构,0.0,0.0,0.0,90
42,extraction,executable_kg_rules,被动/受事凸显构式,0.6428571428571429,0.2608695652173913,0.0,28
42,extraction,char_tfidf_lr,介词/框架结构,0.9528301886792453,0.840109639104614,0.42857142857142855,106
42,extraction,char_tfidf_lr,处置/受事重组构式,0.9230769230769231,0.4531531531531532,0.0,78
42,extraction,char_tfidf_lr,复句关联结构,0.98,0.6632302405498282,,50
42,extraction,char_tfidf_lr,多谓词/论元结构,0.7884615384615384,0.6587044534412956,0.75,52
42,extraction,char_tfidf_lr,时间/处所功能结构,0.8923076923076924,0.7682704206218052,0.84,130
42,extraction,char_tfidf_lr,比较构式,0.890625,0.880053547523427,0.9743589743589743,64
42,extraction,char_tfidf_lr,补语结构,0.7888888888888889,0.6147670250896057,0.8421052631578947,90
42,extraction,char_tfidf_lr,被动/受事凸显构式,0.5357142857142857,0.5114529914529914,0.75,28
42,extraction,char_tfidf_svm,介词/框架结构,0.9339622641509434,0.7103778905809363,0.42857142857142855,106
42,extraction,char_tfidf_svm,处置/受事重组构式,0.9487179487179487,0.6576576576576577,0.3333333333333333,78
42,extraction,char_tfidf_svm,复句关联结构,0.98,0.6632302405498282,,50
42,extraction,char_tfidf_svm,多谓词/论元结构,0.8846153846153846,0.6851540616246498,0.625,52
42,extraction,char_tfidf_svm,时间/处所功能结构,0.9,0.7386613970824497,0.84,130
42,extraction,char_tfidf_svm,比较构式,0.953125,0.9504004133298889,0.9743589743589743,64
42,extraction,char_tfidf_svm,补语结构,0.8444444444444444,0.6516619183285849,0.7368421052631579,90
42,extraction,char_tfidf_svm,被动/受事凸显构式,0.6071428571428571,0.5777988614800759,0.625,28
42,extraction,kg_only_lr,介词/框架结构,0.839622641509434,0.3627108784176847,0.0,106
42,extraction,kg_only_lr,处置/受事重组构式,0.7692307692307693,0.45802469135802476,0.3333333333333333,78
42,extraction,kg_only_lr,复句关联结构,0.9,0.4265232974910394,,50
42,extraction,kg_only_lr,多谓词/论元结构,0.6730769230769231,0.38418160786581834,0.375,52
42,extraction,kg_only_lr,时间/处所功能结构,0.7769230769230769,0.6470707070707071,0.68,130
42,extraction,kg_only_lr,比较构式,0.953125,0.6370567375886526,1.0,64
42,extraction,kg_only_lr,补语结构,0.7222222222222222,0.6300546448087432,0.9473684210526315,90
42,extraction,kg_only_lr,被动/受事凸显构式,0.03571428571428571,0.020833333333333332,0.0,28
42,extraction,char_lr_plus_kg_markers,介词/框架结构,0.9433962264150944,0.8232323232323232,0.42857142857142855,106
42,extraction,char_lr_plus_kg_markers,处置/受事重组构式,0.9102564102564102,0.42857142857142855,0.0,78
42,extraction,char_lr_plus_kg_markers,复句关联结构,0.94,0.4894736842105263,,50
42,extraction,char_lr_plus_kg_markers,多谓词/论元结构,0.8653846153846154,0.74001554001554,0.875,52
42,extraction,char_lr_plus_kg_markers,时间/处所功能结构,0.9153846153846154,0.7983805668016195,0.88,130
42,extraction,char_lr_plus_kg_markers,比较构式,0.9375,0.9333333333333333,0.9743589743589743,64
42,extraction,char_lr_plus_kg_markers,补语结构,0.8555555555555555,0.7190326797385621,1.0,90
42,extraction,char_lr_plus_kg_markers,被动/受事凸显构式,0.42857142857142855,0.431692242114237,0.625,28
42,extraction,char_lr_plus_kg_constraints,介词/框架结构,0.9339622641509434,0.8086684888715346,0.42857142857142855,106
42,extraction,char_lr_plus_kg_constraints,处置/受事重组构式,0.9615384615384616,0.7598639455782313,0.6666666666666666,78
42,extraction,char_lr_plus_kg_constraints,复句关联结构,0.96,0.548611111111111,,50
42,extraction,char_lr_plus_kg_constraints,多谓词/论元结构,0.8653846153846154,0.74001554001554,0.875,52
42,extraction,char_lr_plus_kg_constraints,时间/处所功能结构,0.9230769230769231,0.8150285319132716,0.92,130
42,extraction,char_lr_plus_kg_constraints,比较构式,0.953125,0.9495665878644601,1.0,64
42,extraction,char_lr_plus_kg_constraints,补语结构,0.8444444444444444,0.7113316790736146,1.0,90
42,extraction,char_lr_plus_kg_constraints,被动/受事凸显构式,0.42857142857142855,0.431692242114237,0.625,28
42,extraction,char_lr_plus_kg_full,介词/框架结构,0.9339622641509434,0.8086684888715346,0.42857142857142855,106
42,extraction,char_lr_plus_kg_full,处置/受事重组构式,0.9615384615384616,0.7598639455782313,0.6666666666666666,78
42,extraction,char_lr_plus_kg_full,复句关联结构,0.96,0.548611111111111,,50
42,extraction,char_lr_plus_kg_full,多谓词/论元结构,0.8653846153846154,0.74001554001554,0.875,52
42,extraction,char_lr_plus_kg_full,时间/处所功能结构,0.9230769230769231,0.8150285319132716,0.92,130
42,extraction,char_lr_plus_kg_full,比较构式,0.953125,0.9495665878644601,1.0,64
42,extraction,char_lr_plus_kg_full,补语结构,0.8555555555555555,0.7190326797385621,1.0,90
42,extraction,char_lr_plus_kg_full,被动/受事凸显构式,0.42857142857142855,0.431692242114237,0.625,28
42,extraction,char_lr_plus_kg_full_hard_reject,介词/框架结构,0.9339622641509434,0.8086684888715346,0.42857142857142855,106
42,extraction,char_lr_plus_kg_full_hard_reject,处置/受事重组构式,0.9615384615384616,0.7709750566893424,0.6666666666666666,78
42,extraction,char_lr_plus_kg_full_hard_reject,复句关联结构,0.96,0.548611111111111,,50
42,extraction,char_lr_plus_kg_full_hard_reject,多谓词/论元结构,0.8653846153846154,0.74001554001554,0.875,52
42,extraction,char_lr_plus_kg_full_hard_reject,时间/处所功能结构,0.9230769230769231,0.8150285319132716,0.92,130
42,extraction,char_lr_plus_kg_full_hard_reject,比较构式,0.953125,0.9495665878644601,1.0,64
42,extraction,char_lr_plus_kg_full_hard_reject,补语结构,0.8555555555555555,0.7190326797385621,1.0,90
42,extraction,char_lr_plus_kg_full_hard_reject,被动/受事凸显构式,0.42857142857142855,0.431692242114237,0.625,28
42,extraction,char_svm_plus_kg_constraints,介词/框架结构,0.9245283018867925,0.7959183673469387,0.42857142857142855,106
42,extraction,char_svm_plus_kg_constraints,处置/受事重组构式,0.9743589743589743,0.8177177177177177,0.6666666666666666,78
42,extraction,char_svm_plus_kg_constraints,复句关联结构,0.98,0.6632302405498282,,50
42,extraction,char_svm_plus_kg_constraints,多谓词/论元结构,0.9423076923076923,0.7993464052287581,0.875,52
42,extraction,char_svm_plus_kg_constraints,时间/处所功能结构,0.9076923076923077,0.7546837201699901,0.84,130
42,extraction,char_svm_plus_kg_constraints,比较构式,0.984375,0.9834668044432964,1.0,64
42,extraction,char_svm_plus_kg_constraints,补语结构,0.8333333333333334,0.6455628121398386,0.631578947368421,90
42,extraction,char_svm_plus_kg_constraints,被动/受事凸显构式,0.6428571428571429,0.611111111111111,0.75,28
42,extraction,char_svm_plus_kg_full,介词/框架结构,0.9245283018867925,0.7959183673469387,0.42857142857142855,106
42,extraction,char_svm_plus_kg_full,处置/受事重组构式,0.9743589743589743,0.8177177177177177,0.6666666666666666,78
42,extraction,char_svm_plus_kg_full,复句关联结构,0.98,0.6632302405498282,,50
42,extraction,char_svm_plus_kg_full,多谓词/论元结构,0.9423076923076923,0.7993464052287581,0.875,52
42,extraction,char_svm_plus_kg_full,时间/处所功能结构,0.9076923076923077,0.7546837201699901,0.84,130
42,extraction,char_svm_plus_kg_full,比较构式,0.984375,0.9834668044432964,1.0,64
42,extraction,char_svm_plus_kg_full,补语结构,0.8333333333333334,0.6455628121398386,0.631578947368421,90
42,extraction,char_svm_plus_kg_full,被动/受事凸显构式,0.6428571428571429,0.611111111111111,0.75,28
42,extraction,reliability_weighted_kg_reranker,介词/框架结构,0.9245283018867925,0.32026143790849676,0.0,106
42,extraction,reliability_weighted_kg_reranker,处置/受事重组构式,0.9358974358974359,0.3222958057395144,0.0,78
42,extraction,reliability_weighted_kg_reranker,复句关联结构,0.98,0.6632302405498282,,50
42,extraction,reliability_weighted_kg_reranker,多谓词/论元结构,0.7884615384615384,0.6587044534412956,0.75,52
42,extraction,reliability_weighted_kg_reranker,时间/处所功能结构,0.9076923076923077,0.7443882931372146,0.84,130
42,extraction,reliability_weighted_kg_reranker,比较构式,0.96875,0.9666666666666667,1.0,64
42,extraction,reliability_weighted_kg_reranker,补语结构,0.7888888888888889,0.619753086419753,0.631578947368421,90
42,extraction,reliability_weighted_kg_reranker,被动/受事凸显构式,0.6428571428571429,0.557302346776031,0.25,28
42,function_type,global_majority,介词/框架结构,0.9245283018867925,0.32026143790849676,0.0,106
42,function_type,global_majority,处置/受事重组构式,0.9358974358974359,0.3222958057395144,0.0,78
42,function_type,global_majority,复句关联结构,0.96,0.4897959183673469,,50
42,function_type,global_majority,多谓词/论元结构,0.8076923076923077,0.2978723404255319,0.0,52
42,function_type,global_majority,时间/处所功能结构,0.7076923076923077,0.27627627627627627,0.0,130
42,function_type,global_majority,比较构式,0.390625,0.2808988764044944,0.0,64
42,function_type,global_majority,补语结构,0.7555555555555555,0.2869198312236287,0.0,90
42,function_type,global_majority,被动/受事凸显构式,0.6428571428571429,0.2608695652173913,0.0,28
42,function_type,family_majority,介词/框架结构,0.9245283018867925,0.32026143790849676,0.0,106
42,function_type,family_majority,处置/受事重组构式,0.9358974358974359,0.3222958057395144,0.0,78
42,function_type,family_majority,复句关联结构,0.96,0.4897959183673469,,50
42,function_type,family_majority,多谓词/论元结构,0.8076923076923077,0.2978723404255319,0.0,52
42,function_type,family_majority,时间/处所功能结构,0.7076923076923077,0.27627627627627627,0.0,130
42,function_type,family_majority,比较构式,0.609375,0.3786407766990291,1.0,64
42,function_type,family_majority,补语结构,0.7555555555555555,0.2869198312236287,0.0,90
42,function_type,family_majority,被动/受事凸显构式,0.6428571428571429,0.2608695652173913,0.0,28
42,function_type,point_majority,介词/框架结构,0.9245283018867925,0.32026143790849676,0.0,106
42,function_type,point_majority,处置/受事重组构式,0.9358974358974359,0.3222958057395144,0.0,78
42,function_type,point_majority,复句关联结构,0.96,0.4897959183673469,,50
42,function_type,point_majority,多谓词/论元结构,0.8076923076923077,0.2978723404255319,0.0,52
42,function_type,point_majority,时间/处所功能结构,0.7076923076923077,0.27627627627627627,0.0,130
42,function_type,point_majority,比较构式,0.78125,0.7803921568627451,0.6923076923076923,64
42,function_type,point_majority,补语结构,0.7555555555555555,0.2869198312236287,0.0,90
42,function_type,point_majority,被动/受事凸显构式,0.6428571428571429,0.2608695652173913,0.0,28
42,function_type,executable_kg_rules,介词/框架结构,0.9056603773584906,0.31683168316831684,0.0,106
42,function_type,executable_kg_rules,处置/受事重组构式,0.9230769230769231,0.32214765100671144,0.0,78
42,function_type,executable_kg_rules,复句关联结构,0.96,0.4897959183673469,,50
42,function_type,executable_kg_rules,多谓词/论元结构,0.23076923076923078,0.14035087719298245,0.0,52
42,function_type,executable_kg_rules,时间/处所功能结构,0.5538461538461539,0.2997180721899823,0.04,130
42,function_type,executable_kg_rules,比较构式,0.578125,0.5599694423223835,0.3076923076923077,64
42,function_type,executable_kg_rules,补语结构,0.022222222222222223,0.014492753623188406,0.0,90
42,function_type,executable_kg_rules,被动/受事凸显构式,0.6428571428571429,0.2608695652173913,0.0,28
42,function_type,char_tfidf_lr,介词/框架结构,0.9528301886792453,0.840109639104614,0.42857142857142855,106
42,function_type,char_tfidf_lr,处置/受事重组构式,0.9358974358974359,0.6219954648526077,0.3333333333333333,78
42,function_type,char_tfidf_lr,复句关联结构,0.98,0.8281786941580755,,50
42,function_type,char_tfidf_lr,多谓词/论元结构,0.8846153846153846,0.7460905349794239,0.75,52
42,function_type,char_tfidf_lr,时间/处所功能结构,0.8923076923076924,0.8256805484624788,0.84,130
42,function_type,char_tfidf_lr,比较构式,0.90625,0.8981972428419936,0.9743589743589743,64
42,function_type,char_tfidf_lr,补语结构,0.8,0.64,0.8421052631578947,90
42,function_type,char_tfidf_lr,被动/受事凸显构式,0.5714285714285714,0.5384615384615384,0.75,28
42,function_type,char_tfidf_svm,介词/框架结构,0.9528301886792453,0.5250414593698176,0.42857142857142855,106
42,function_type,char_tfidf_svm,处置/受事重组构式,0.9358974358974359,0.4888143176733781,0.0,78
42,function_type,char_tfidf_svm,复句关联结构,0.98,0.8281786941580755,,50
42,function_type,char_tfidf_svm,多谓词/论元结构,0.9038461538461539,0.7075730471079309,0.625,52
42,function_type,char_tfidf_svm,时间/处所功能结构,0.9076923076923077,0.8438534709572961,0.84,130
42,function_type,char_tfidf_svm,比较构式,0.953125,0.9504004133298889,0.9743589743589743,64
42,function_type,char_tfidf_svm,补语结构,0.8222222222222222,0.6344927359048026,0.7368421052631579,90
42,function_type,char_tfidf_svm,被动/受事凸显构式,0.6071428571428571,0.5777988614800759,0.625,28
42,function_type,kg_only_lr,介词/框架结构,0.8962264150943396,0.3150912106135987,0.0,106
42,function_type,kg_only_lr,处置/受事重组构式,0.9230769230769231,0.48648648648648646,0.3333333333333333,78
42,function_type,kg_only_lr,复句关联结构,0.94,0.6842105263157895,,50
42,function_type,kg_only_lr,多谓词/论元结构,0.5961538461538461,0.3846514682427995,0.125,52
42,function_type,kg_only_lr,时间/处所功能结构,0.8076923076923077,0.7341846918408081,0.8,130
42,function_type,kg_only_lr,比较构式,0.90625,0.6128787878787879,1.0,64
42,function_type,kg_only_lr,补语结构,0.7222222222222222,0.6300546448087432,0.9473684210526315,90
42,function_type,kg_only_lr,被动/受事凸显构式,0.07142857142857142,0.044444444444444446,0.0,28
42,function_type,char_lr_plus_kg_markers,介词/框架结构,0.9433962264150944,0.8232323232323232,0.42857142857142855,106
42,function_type,char_lr_plus_kg_markers,处置/受事重组构式,0.9487179487179487,0.6576576576576577,0.3333333333333333,78
42,function_type,char_lr_plus_kg_markers,复句关联结构,0.96,0.7395833333333333,,50
42,function_type,char_lr_plus_kg_markers,多谓词/论元结构,0.8461538461538461,0.7159090909090909,0.875,52
42,function_type,char_lr_plus_kg_markers,时间/处所功能结构,0.9,0.8364416991867971,0.84,130
42,function_type,char_lr_plus_kg_markers,比较构式,0.9375,0.9333333333333333,0.9743589743589743,64
42,function_type,char_lr_plus_kg_markers,补语结构,0.8333333333333334,0.7006274509803921,0.9473684210526315,90
42,function_type,char_lr_plus_kg_markers,被动/受事凸显构式,0.5357142857142857,0.5077667430608607,0.625,28
42,function_type,char_lr_plus_kg_constraints,介词/框架结构,0.9339622641509434,0.8086684888715346,0.42857142857142855,106
42,function_type,char_lr_plus_kg_constraints,处置/受事重组构式,0.9615384615384616,0.7598639455782313,0.6666666666666666,78
42,function_type,char_lr_plus_kg_constraints,复句关联结构,0.96,0.7395833333333333,,50
42,function_type,char_lr_plus_kg_constraints,多谓词/论元结构,0.8653846153846154,0.74001554001554,0.875,52
42,function_type,char_lr_plus_kg_constraints,时间/处所功能结构,0.9076923076923077,0.8436637254371245,0.8,130
42,function_type,char_lr_plus_kg_constraints,比较构式,0.953125,0.9495665878644601,1.0,64
42,function_type,char_lr_plus_kg_constraints,补语结构,0.8111111111111111,0.6473167044595615,0.8421052631578947,90
42,function_type,char_lr_plus_kg_constraints,被动/受事凸显构式,0.5357142857142857,0.5077667430608607,0.625,28
42,function_type,char_lr_plus_kg_full,介词/框架结构,0.9339622641509434,0.8086684888715346,0.42857142857142855,106
42,function_type,char_lr_plus_kg_full,处置/受事重组构式,0.9615384615384616,0.7598639455782313,0.6666666666666666,78
42,function_type,char_lr_plus_kg_full,复句关联结构,0.96,0.7395833333333333,,50
42,function_type,char_lr_plus_kg_full,多谓词/论元结构,0.8653846153846154,0.74001554001554,0.875,52
42,function_type,char_lr_plus_kg_full,时间/处所功能结构,0.9076923076923077,0.8436637254371245,0.8,130
42,function_type,char_lr_plus_kg_full,比较构式,0.953125,0.9495665878644601,1.0,64
42,function_type,char_lr_plus_kg_full,补语结构,0.8111111111111111,0.6473167044595615,0.8421052631578947,90
42,function_type,char_lr_plus_kg_full,被动/受事凸显构式,0.5357142857142857,0.5077667430608607,0.625,28
42,function_type,char_lr_plus_kg_full_hard_reject,介词/框架结构,0.9339622641509434,0.8086684888715346,0.42857142857142855,106
42,function_type,char_lr_plus_kg_full_hard_reject,处置/受事重组构式,0.9487179487179487,0.7130898021308981,0.6666666666666666,78
42,function_type,char_lr_plus_kg_full_hard_reject,复句关联结构,0.96,0.7395833333333333,,50
42,function_type,char_lr_plus_kg_full_hard_reject,多谓词/论元结构,0.8653846153846154,0.74001554001554,0.875,52
42,function_type,char_lr_plus_kg_full_hard_reject,时间/处所功能结构,0.9076923076923077,0.8436637254371245,0.8,130
42,function_type,char_lr_plus_kg_full_hard_reject,比较构式,0.953125,0.9495665878644601,1.0,64
42,function_type,char_lr_plus_kg_full_hard_reject,补语结构,0.8111111111111111,0.6473167044595615,0.8421052631578947,90
42,function_type,char_lr_plus_kg_full_hard_reject,被动/受事凸显构式,0.5357142857142857,0.5077667430608607,0.625,28
42,function_type,char_svm_plus_kg_constraints,介词/框架结构,0.9433962264150944,0.8232323232323232,0.42857142857142855,106
42,function_type,char_svm_plus_kg_constraints,处置/受事重组构式,0.9743589743589743,0.8177177177177177,0.6666666666666666,78
42,function_type,char_svm_plus_kg_constraints,复句关联结构,0.98,0.8281786941580755,,50
42,function_type,char_svm_plus_kg_constraints,多谓词/论元结构,0.9230769230769231,0.7406162464985995,0.75,52
42,function_type,char_svm_plus_kg_constraints,时间/处所功能结构,0.9076923076923077,0.8438534709572961,0.84,130
42,function_type,char_svm_plus_kg_constraints,比较构式,0.96875,0.9666666666666667,1.0,64
42,function_type,char_svm_plus_kg_constraints,补语结构,0.8666666666666667,0.6814731020613373,0.7368421052631579,90
42,function_type,char_svm_plus_kg_constraints,被动/受事凸显构式,0.6071428571428571,0.5777988614800759,0.625,28
42,function_type,char_svm_plus_kg_full,介词/框架结构,0.9433962264150944,0.8232323232323232,0.42857142857142855,106
42,function_type,char_svm_plus_kg_full,处置/受事重组构式,0.9743589743589743,0.8177177177177177,0.6666666666666666,78
42,function_type,char_svm_plus_kg_full,复句关联结构,0.98,0.8281786941580755,,50
42,function_type,char_svm_plus_kg_full,多谓词/论元结构,0.9230769230769231,0.7406162464985995,0.75,52
42,function_type,char_svm_plus_kg_full,时间/处所功能结构,0.9076923076923077,0.8438534709572961,0.84,130
42,function_type,char_svm_plus_kg_full,比较构式,0.96875,0.9666666666666667,1.0,64
42,function_type,char_svm_plus_kg_full,补语结构,0.8666666666666667,0.6814731020613373,0.7368421052631579,90
42,function_type,char_svm_plus_kg_full,被动/受事凸显构式,0.6071428571428571,0.5777988614800759,0.625,28
42,function_type,reliability_weighted_kg_reranker,介词/框架结构,0.9245283018867925,0.32026143790849676,0.0,106
42,function_type,reliability_weighted_kg_reranker,处置/受事重组构式,0.9358974358974359,0.3222958057395144,0.0,78
42,function_type,reliability_weighted_kg_reranker,复句关联结构,0.98,0.8281786941580755,,50
42,function_type,reliability_weighted_kg_reranker,多谓词/论元结构,0.8846153846153846,0.7460905349794239,0.75,52
42,function_type,reliability_weighted_kg_reranker,时间/处所功能结构,0.9076923076923077,0.8407494145199063,0.84,130
42,function_type,reliability_weighted_kg_reranker,比较构式,0.96875,0.9666666666666667,1.0,64
42,function_type,reliability_weighted_kg_reranker,补语结构,0.8222222222222222,0.6908584169453734,0.8421052631578947,90
42,function_type,reliability_weighted_kg_reranker,被动/受事凸显构式,0.6428571428571429,0.6058201058201057,0.375,28
2027,target_label,global_majority,介词/框架结构,0.9433962264150944,0.4854368932038835,0.0,106
2027,target_label,global_majority,处置/受事重组构式,0.9625,0.49044585987261147,0.0,80
2027,target_label,global_majority,复句关联结构,1.0,1.0,,50
2027,target_label,global_majority,多谓词/论元结构,0.9230769230769231,0.48,0.0,52
2027,target_label,global_majority,时间/处所功能结构,0.8461538461538461,0.4583333333333333,0.0,130
2027,target_label,global_majority,比较构式,0.453125,0.3118279569892473,0.0,64
2027,target_label,global_majority,补语结构,0.9444444444444444,0.4857142857142857,0.0,90
2027,target_label,global_majority,被动/受事凸显构式,0.8571428571428571,0.46153846153846156,0.0,28
2027,target_label,family_majority,介词/框架结构,0.9433962264150944,0.4854368932038835,0.0,106
2027,target_label,family_majority,处置/受事重组构式,0.9625,0.49044585987261147,0.0,80
2027,target_label,family_majority,复句关联结构,1.0,1.0,,50
2027,target_label,family_majority,多谓词/论元结构,0.9230769230769231,0.48,0.0,52
2027,target_label,family_majority,时间/处所功能结构,0.8461538461538461,0.4583333333333333,0.0,130
2027,target_label,family_majority,比较构式,0.546875,0.35353535353535354,1.0,64
2027,target_label,family_majority,补语结构,0.9444444444444444,0.4857142857142857,0.0,90
2027,target_label,family_majority,被动/受事凸显构式,0.8571428571428571,0.46153846153846156,0.0,28
2027,target_label,point_majority,介词/框架结构,0.9433962264150944,0.4854368932038835,0.0,106
2027,target_label,point_majority,处置/受事重组构式,0.9625,0.49044585987261147,0.0,80
2027,target_label,point_majority,复句关联结构,1.0,1.0,,50
2027,target_label,point_majority,多谓词/论元结构,0.9230769230769231,0.48,0.0,52
2027,target_label,point_majority,时间/处所功能结构,0.8461538461538461,0.4583333333333333,0.0,130
2027,target_label,point_majority,比较构式,0.84375,0.8435972629521017,0.7428571428571429,64
2027,target_label,point_majority,补语结构,0.9444444444444444,0.4857142857142857,0.0,90
2027,target_label,point_majority,被动/受事凸显构式,0.8571428571428571,0.46153846153846156,0.0,28
2027,target_label,executable_kg_rules,介词/框架结构,0.9150943396226415,0.47783251231527096,0.0,106
2027,target_label,executable_kg_rules,处置/受事重组构式,0.9625,0.7759103641456582,0.6666666666666666,80
2027,target_label,executable_kg_rules,复句关联结构,1.0,1.0,,50
2027,target_label,executable_kg_rules,多谓词/论元结构,0.28846153846153844,0.2753295668549906,1.0,52
2027,target_label,executable_kg_rules,时间/处所功能结构,0.7538461538461538,0.6751015307716339,0.85,130
2027,target_label,executable_kg_rules,比较构式,0.59375,0.5497835497835498,0.2571428571428571,64
2027,target_label,executable_kg_rules,补语结构,0.06666666666666667,0.06481939633844631,1.0,90
2027,target_label,executable_kg_rules,被动/受事凸显构式,0.8928571428571429,0.6705882352941177,0.25,28
2027,target_label,char_tfidf_lr,介词/框架结构,0.9905660377358491,0.9520578923563998,0.8333333333333334,106
2027,target_label,char_tfidf_lr,处置/受事重组构式,0.9625,0.49044585987261147,0.0,80
2027,target_label,char_tfidf_lr,复句关联结构,1.0,1.0,,50
2027,target_label,char_tfidf_lr,多谓词/论元结构,0.9615384615384616,0.8645833333333333,0.75,52
2027,target_label,char_tfidf_lr,时间/处所功能结构,0.8384615384615385,0.764065335753176,0.9,130
2027,target_label,char_tfidf_lr,比较构式,0.90625,0.902834008097166,1.0,64
2027,target_label,char_tfidf_lr,补语结构,0.9,0.7352075841778358,1.0,90
2027,target_label,char_tfidf_lr,被动/受事凸显构式,0.9642857142857143,0.9183673469387754,0.75,28
2027,target_label,char_tfidf_svm,介词/框架结构,0.9811320754716981,0.9116666666666666,0.8333333333333334,106
2027,target_label,char_tfidf_svm,处置/受事重组构式,0.9625,0.49044585987261147,0.0,80
2027,target_label,char_tfidf_svm,复句关联结构,1.0,1.0,,50
2027,target_label,char_tfidf_svm,多谓词/论元结构,0.9423076923076923,0.7702503681885124,0.5,52
2027,target_label,char_tfidf_svm,时间/处所功能结构,0.8538461538461538,0.7809312638580932,0.9,130
2027,target_label,char_tfidf_svm,比较构式,0.953125,0.9521793275217932,1.0,64
2027,target_label,char_tfidf_svm,补语结构,0.9444444444444444,0.8181818181818181,1.0,90
2027,target_label,char_tfidf_svm,被动/受事凸显构式,0.9642857142857143,0.9183673469387754,0.75,28
2027,target_label,kg_only_lr,介词/框架结构,0.8773584905660378,0.5336717428087987,0.16666666666666666,106
2027,target_label,kg_only_lr,处置/受事重组构式,0.9875,0.896774193548387,0.6666666666666666,80
2027,target_label,kg_only_lr,复句关联结构,1.0,1.0,,50
2027,target_label,kg_only_lr,多谓词/论元结构,0.4423076923076923,0.3336279275298276,0.25,52
2027,target_label,kg_only_lr,时间/处所功能结构,0.8153846153846154,0.7512755102040816,1.0,130
2027,target_label,kg_only_lr,比较构式,0.984375,0.9841858166543118,1.0,64
2027,target_label,kg_only_lr,补语结构,0.7,0.5407295407295407,1.0,90
2027,target_label,kg_only_lr,被动/受事凸显构式,0.8928571428571429,0.7551020408163265,0.5,28
2027,target_label,char_lr_plus_kg_markers,介词/框架结构,0.9811320754716981,0.9116666666666666,0.8333333333333334,106
2027,target_label,char_lr_plus_kg_markers,处置/受事重组构式,0.9875,0.896774193548387,0.6666666666666666,80
2027,target_label,char_lr_plus_kg_markers,复句关联结构,1.0,1.0,,50
2027,target_label,char_lr_plus_kg_markers,多谓词/论元结构,0.9615384615384616,0.8645833333333333,0.75,52
2027,target_label,char_lr_plus_kg_markers,时间/处所功能结构,0.8769230769230769,0.8076923076923077,0.9,130
2027,target_label,char_lr_plus_kg_markers,比较构式,0.921875,0.9202988792029887,0.9714285714285714,64
2027,target_label,char_lr_plus_kg_markers,补语结构,0.9111111111111111,0.7530864197530864,1.0,90
2027,target_label,char_lr_plus_kg_markers,被动/受事凸显构式,0.9642857142857143,0.9183673469387754,0.75,28
2027,target_label,char_lr_plus_kg_constraints,介词/框架结构,1.0,1.0,1.0,106
2027,target_label,char_lr_plus_kg_constraints,处置/受事重组构式,0.9875,0.896774193548387,0.6666666666666666,80
2027,target_label,char_lr_plus_kg_constraints,复句关联结构,1.0,1.0,,50
2027,target_label,char_lr_plus_kg_constraints,多谓词/论元结构,0.9615384615384616,0.8645833333333333,0.75,52
2027,target_label,char_lr_plus_kg_constraints,时间/处所功能结构,0.8769230769230769,0.8130169003955412,0.95,130
2027,target_label,char_lr_plus_kg_constraints,比较构式,0.984375,0.9841858166543118,1.0,64
2027,target_label,char_lr_plus_kg_constraints,补语结构,0.9222222222222223,0.7726452544207867,1.0,90
2027,target_label,char_lr_plus_kg_constraints,被动/受事凸显构式,0.9642857142857143,0.9183673469387754,0.75,28
2027,target_label,char_lr_plus_kg_full,介词/框架结构,1.0,1.0,1.0,106
2027,target_label,char_lr_plus_kg_full,处置/受事重组构式,0.9875,0.896774193548387,0.6666666666666666,80
2027,target_label,char_lr_plus_kg_full,复句关联结构,1.0,1.0,,50
2027,target_label,char_lr_plus_kg_full,多谓词/论元结构,0.9615384615384616,0.8645833333333333,0.75,52
2027,target_label,char_lr_plus_kg_full,时间/处所功能结构,0.8769230769230769,0.8130169003955412,0.95,130
2027,target_label,char_lr_plus_kg_full,比较构式,0.984375,0.9841858166543118,1.0,64
2027,target_label,char_lr_plus_kg_full,补语结构,0.9222222222222223,0.7726452544207867,1.0,90
2027,target_label,char_lr_plus_kg_full,被动/受事凸显构式,0.9642857142857143,0.9183673469387754,0.75,28
2027,target_label,char_lr_plus_kg_full_hard_reject,介词/框架结构,1.0,1.0,1.0,106
2027,target_label,char_lr_plus_kg_full_hard_reject,处置/受事重组构式,0.9625,0.7759103641456582,0.6666666666666666,80
2027,target_label,char_lr_plus_kg_full_hard_reject,复句关联结构,1.0,1.0,,50
2027,target_label,char_lr_plus_kg_full_hard_reject,多谓词/论元结构,0.9615384615384616,0.8645833333333333,0.75,52
2027,target_label,char_lr_plus_kg_full_hard_reject,时间/处所功能结构,0.8769230769230769,0.8130169003955412,0.95,130
2027,target_label,char_lr_plus_kg_full_hard_reject,比较构式,0.984375,0.9841858166543118,1.0,64
2027,target_label,char_lr_plus_kg_full_hard_reject,补语结构,0.9222222222222223,0.7726452544207867,1.0,90
2027,target_label,char_lr_plus_kg_full_hard_reject,被动/受事凸显构式,0.9642857142857143,0.9183673469387754,0.75,28
2027,target_label,char_svm_plus_kg_constraints,介词/框架结构,0.9905660377358491,0.9520578923563998,0.8333333333333334,106
2027,target_label,char_svm_plus_kg_constraints,处置/受事重组构式,0.9875,0.896774193548387,0.6666666666666666,80
2027,target_label,char_svm_plus_kg_constraints,复句关联结构,1.0,1.0,,50
2027,target_label,char_svm_plus_kg_constraints,多谓词/论元结构,0.9423076923076923,0.7702503681885124,0.5,52
2027,target_label,char_svm_plus_kg_constraints,时间/处所功能结构,0.8769230769230769,0.8019047619047619,0.85,130
2027,target_label,char_svm_plus_kg_constraints,比较构式,0.984375,0.9841858166543118,1.0,64
2027,target_label,char_svm_plus_kg_constraints,补语结构,0.9555555555555556,0.8214285714285714,0.8,90
2027,target_label,char_svm_plus_kg_constraints,被动/受事凸显构式,0.9642857142857143,0.9183673469387754,0.75,28
2027,target_label,char_svm_plus_kg_full,介词/框架结构,0.9905660377358491,0.9520578923563998,0.8333333333333334,106
2027,target_label,char_svm_plus_kg_full,处置/受事重组构式,0.9875,0.896774193548387,0.6666666666666666,80
2027,target_label,char_svm_plus_kg_full,复句关联结构,1.0,1.0,,50
2027,target_label,char_svm_plus_kg_full,多谓词/论元结构,0.9423076923076923,0.7702503681885124,0.5,52
2027,target_label,char_svm_plus_kg_full,时间/处所功能结构,0.8769230769230769,0.8019047619047619,0.85,130
2027,target_label,char_svm_plus_kg_full,比较构式,0.984375,0.9841858166543118,1.0,64
2027,target_label,char_svm_plus_kg_full,补语结构,0.9555555555555556,0.8214285714285714,0.8,90
2027,target_label,char_svm_plus_kg_full,被动/受事凸显构式,0.9642857142857143,0.9183673469387754,0.75,28
2027,target_label,reliability_weighted_kg_reranker,介词/框架结构,0.9622641509433962,0.7401960784313726,0.3333333333333333,106
2027,target_label,reliability_weighted_kg_reranker,处置/受事重组构式,0.9625,0.49044585987261147,0.0,80
2027,target_label,reliability_weighted_kg_reranker,复句关联结构,1.0,1.0,,50
2027,target_label,reliability_weighted_kg_reranker,多谓词/论元结构,0.9615384615384616,0.8645833333333333,0.75,52
2027,target_label,reliability_weighted_kg_reranker,时间/处所功能结构,0.8769230769230769,0.7955974842767295,0.8,130
2027,target_label,reliability_weighted_kg_reranker,比较构式,0.984375,0.9841858166543118,1.0,64
2027,target_label,reliability_weighted_kg_reranker,补语结构,0.9555555555555556,0.8450946643717728,1.0,90
2027,target_label,reliability_weighted_kg_reranker,被动/受事凸显构式,0.8571428571428571,0.46153846153846156,0.0,28
2027,extraction,global_majority,介词/框架结构,0.9339622641509434,0.32195121951219513,0.0,106
2027,extraction,global_majority,处置/受事重组构式,0.9367088607594937,0.48366013071895425,0.0,79
2027,extraction,global_majority,复句关联结构,0.98,0.494949494949495,,50
2027,extraction,global_majority,多谓词/论元结构,0.8653846153846154,0.30927835051546393,0.0,52
2027,extraction,global_majority,时间/处所功能结构,0.7461538461538462,0.21365638766519823,0.0,130
2027,extraction,global_majority,比较构式,0.453125,0.3118279569892473,0.0,64
2027,extraction,global_majority,补语结构,0.7888888888888889,0.4409937888198758,0.0,90
2027,extraction,global_majority,被动/受事凸显构式,0.6785714285714286,0.2695035460992908,0.0,28
2027,extraction,family_majority,介词/框架结构,0.9339622641509434,0.32195121951219513,0.0,106
2027,extraction,family_majority,处置/受事重组构式,0.9367088607594937,0.48366013071895425,0.0,79
2027,extraction,family_majority,复句关联结构,0.98,0.494949494949495,,50
2027,extraction,family_majority,多谓词/论元结构,0.8653846153846154,0.30927835051546393,0.0,52
2027,extraction,family_majority,时间/处所功能结构,0.7461538461538462,0.21365638766519823,0.0,130
2027,extraction,family_majority,比较构式,0.546875,0.35353535353535354,1.0,64
2027,extraction,family_majority,补语结构,0.7888888888888889,0.4409937888198758,0.0,90
2027,extraction,family_majority,被动/受事凸显构式,0.6785714285714286,0.2695035460992908,0.0,28
2027,extraction,point_majority,介词/框架结构,0.9339622641509434,0.32195121951219513,0.0,106
2027,extraction,point_majority,处置/受事重组构式,0.9367088607594937,0.48366013071895425,0.0,79
2027,extraction,point_majority,复句关联结构,0.98,0.494949494949495,,50
2027,extraction,point_majority,多谓词/论元结构,0.8653846153846154,0.30927835051546393,0.0,52
2027,extraction,point_majority,时间/处所功能结构,0.7461538461538462,0.21365638766519823,0.0,130
2027,extraction,point_majority,比较构式,0.84375,0.8435972629521017,0.7428571428571429,64
2027,extraction,point_majority,补语结构,0.6888888888888889,0.6213942307692308,0.631578947368421,90
2027,extraction,point_majority,被动/受事凸显构式,0.6785714285714286,0.2695035460992908,0.0,28
2027,extraction,executable_kg_rules,介词/框架结构,0.9056603773584906,0.2376237623762376,0.0,106
2027,extraction,executable_kg_rules,处置/受事重组构式,0.9240506329113924,0.3244444444444445,0.0,79
2027,extraction,executable_kg_rules,复句关联结构,0.98,0.494949494949495,,50
2027,extraction,executable_kg_rules,多谓词/论元结构,0.15384615384615385,0.09523809523809523,0.0,52
2027,extraction,executable_kg_rules,时间/处所功能结构,0.5615384615384615,0.22162230035158212,0.05,130
2027,extraction,executable_kg_rules,比较构式,0.59375,0.5497835497835498,0.2571428571428571,64
2027,extraction,executable_kg_rules,补语结构,0.011111111111111112,0.009259259259259259,0.0,90
2027,extraction,executable_kg_rules,被动/受事凸显构式,0.7142857142857143,0.37060041407867494,0.16666666666666666,28
2027,extraction,char_tfidf_lr,介词/框架结构,0.9716981132075472,0.632996632996633,0.8333333333333334,106
2027,extraction,char_tfidf_lr,处置/受事重组构式,0.8987341772151899,0.3986486486486487,0.2,79
2027,extraction,char_tfidf_lr,复句关联结构,0.98,0.494949494949495,,50
2027,extraction,char_tfidf_lr,多谓词/论元结构,0.9423076923076923,0.8578116639914394,0.75,52
2027,extraction,char_tfidf_lr,时间/处所功能结构,0.8076923076923077,0.6861146578140961,0.85,130
2027,extraction,char_tfidf_lr,比较构式,0.921875,0.6172021077681454,1.0,64
2027,extraction,char_tfidf_lr,补语结构,0.7444444444444445,0.46437799926172013,0.7368421052631579,90
2027,extraction,char_tfidf_lr,被动/受事凸显构式,0.8214285714285714,0.6777777777777779,0.6666666666666666,28
2027,extraction,char_tfidf_svm,介词/框架结构,0.9716981132075472,0.632996632996633,0.8333333333333334,106
2027,extraction,char_tfidf_svm,处置/受事重组构式,0.9240506329113924,0.46796796796796797,0.4,79
2027,extraction,char_tfidf_svm,复句关联结构,0.98,0.494949494949495,,50
2027,extraction,char_tfidf_svm,多谓词/论元结构,0.9423076923076923,0.8461538461538461,0.5,52
2027,extraction,char_tfidf_svm,时间/处所功能结构,0.8307692307692308,0.6988382515168229,0.75,130
2027,extraction,char_tfidf_svm,比较构式,0.96875,0.9684729064039409,0.9714285714285714,64
2027,extraction,char_tfidf_svm,补语结构,0.8,0.4959646213377556,0.7368421052631579,90
2027,extraction,char_tfidf_svm,被动/受事凸显构式,0.8214285714285714,0.6834625322997416,0.5,28
2027,extraction,kg_only_lr,介词/框架结构,0.7735849056603774,0.32363792363792365,0.0,106
2027,extraction,kg_only_lr,处置/受事重组构式,0.5443037974683544,0.42211460855528654,0.4,79
2027,extraction,kg_only_lr,复句关联结构,0.86,0.3115942028985507,,50
2027,extraction,kg_only_lr,多谓词/论元结构,0.7692307692307693,0.42967884828349945,0.0,52
2027,extraction,kg_only_lr,时间/处所功能结构,0.6923076923076923,0.4891414141414142,0.6,130
2027,extraction,kg_only_lr,比较构式,0.734375,0.5237604488720944,1.0,64
2027,extraction,kg_only_lr,补语结构,0.6888888888888889,0.4172794117647059,0.631578947368421,90
2027,extraction,kg_only_lr,被动/受事凸显构式,0.10714285714285714,0.05555555555555555,0.0,28
2027,extraction,char_lr_plus_kg_markers,介词/框架结构,0.9716981132075472,0.632996632996633,0.8333333333333334,106
2027,extraction,char_lr_plus_kg_markers,处置/受事重组构式,0.9240506329113924,0.519634703196347,0.6,79
2027,extraction,char_lr_plus_kg_markers,复句关联结构,0.98,0.494949494949495,,50
2027,extraction,char_lr_plus_kg_markers,多谓词/论元结构,0.9038461538461539,0.7863984674329502,0.75,52
2027,extraction,char_lr_plus_kg_markers,时间/处所功能结构,0.8076923076923077,0.6599443003937386,0.85,130
2027,extraction,char_lr_plus_kg_markers,比较构式,0.953125,0.9525574499629355,0.9714285714285714,64
2027,extraction,char_lr_plus_kg_markers,补语结构,0.7555555555555555,0.46739926739926735,0.7368421052631579,90
2027,extraction,char_lr_plus_kg_markers,被动/受事凸显构式,0.8214285714285714,0.731578947368421,0.6666666666666666,28
2027,extraction,char_lr_plus_kg_constraints,介词/框架结构,0.9716981132075472,0.632996632996633,0.8333333333333334,106
2027,extraction,char_lr_plus_kg_constraints,处置/受事重组构式,0.9367088607594937,0.54421768707483,0.6,79
2027,extraction,char_lr_plus_kg_constraints,复句关联结构,0.98,0.494949494949495,,50
2027,extraction,char_lr_plus_kg_constraints,多谓词/论元结构,0.8846153846153846,0.7545219638242894,0.75,52
2027,extraction,char_lr_plus_kg_constraints,时间/处所功能结构,0.8153846153846154,0.6707529403404043,0.9,130
2027,extraction,char_lr_plus_kg_constraints,比较构式,0.984375,0.9841858166543118,1.0,64
2027,extraction,char_lr_plus_kg_constraints,补语结构,0.7333333333333333,0.45235042735042735,0.6842105263157895,90
2027,extraction,char_lr_plus_kg_constraints,被动/受事凸显构式,0.8214285714285714,0.731578947368421,0.6666666666666666,28
2027,extraction,char_lr_plus_kg_full,介词/框架结构,0.9716981132075472,0.632996632996633,0.8333333333333334,106
2027,extraction,char_lr_plus_kg_full,处置/受事重组构式,0.9367088607594937,0.54421768707483,0.6,79
2027,extraction,char_lr_plus_kg_full,复句关联结构,0.98,0.494949494949495,,50
2027,extraction,char_lr_plus_kg_full,多谓词/论元结构,0.8846153846153846,0.7545219638242894,0.75,52
2027,extraction,char_lr_plus_kg_full,时间/处所功能结构,0.8153846153846154,0.6707529403404043,0.9,130
2027,extraction,char_lr_plus_kg_full,比较构式,0.984375,0.9841858166543118,1.0,64
2027,extraction,char_lr_plus_kg_full,补语结构,0.7333333333333333,0.45235042735042735,0.6842105263157895,90
2027,extraction,char_lr_plus_kg_full,被动/受事凸显构式,0.8214285714285714,0.731578947368421,0.6666666666666666,28
2027,extraction,char_lr_plus_kg_full_hard_reject,介词/框架结构,0.9716981132075472,0.632996632996633,0.8333333333333334,106
2027,extraction,char_lr_plus_kg_full_hard_reject,处置/受事重组构式,0.9367088607594937,0.5219954648526076,0.6,79
2027,extraction,char_lr_plus_kg_full_hard_reject,复句关联结构,0.98,0.494949494949495,,50
2027,extraction,char_lr_plus_kg_full_hard_reject,多谓词/论元结构,0.8846153846153846,0.7545219638242894,0.75,52
2027,extraction,char_lr_plus_kg_full_hard_reject,时间/处所功能结构,0.8153846153846154,0.6707529403404043,0.9,130
2027,extraction,char_lr_plus_kg_full_hard_reject,比较构式,0.984375,0.9841858166543118,1.0,64
2027,extraction,char_lr_plus_kg_full_hard_reject,补语结构,0.7333333333333333,0.45235042735042735,0.6842105263157895,90
2027,extraction,char_lr_plus_kg_full_hard_reject,被动/受事凸显构式,0.8214285714285714,0.731578947368421,0.6666666666666666,28
2027,extraction,char_svm_plus_kg_constraints,介词/框架结构,0.9716981132075472,0.5966666666666667,0.6666666666666666,106
2027,extraction,char_svm_plus_kg_constraints,处置/受事重组构式,0.9493670886075949,0.5149206349206349,0.4,79
2027,extraction,char_svm_plus_kg_constraints,复句关联结构,0.98,0.494949494949495,,50
2027,extraction,char_svm_plus_kg_constraints,多谓词/论元结构,0.9423076923076923,0.8461538461538461,0.5,52
2027,extraction,char_svm_plus_kg_constraints,时间/处所功能结构,0.8153846153846154,0.6491729366811984,0.95,130
2027,extraction,char_svm_plus_kg_constraints,比较构式,0.984375,0.9841858166543118,1.0,64
2027,extraction,char_svm_plus_kg_constraints,补语结构,0.7333333333333333,0.4466403162055336,0.631578947368421,90
2027,extraction,char_svm_plus_kg_constraints,被动/受事凸显构式,0.7857142857142857,0.6212121212121212,0.3333333333333333,28
2027,extraction,char_svm_plus_kg_full,介词/框架结构,0.9716981132075472,0.5966666666666667,0.6666666666666666,106
2027,extraction,char_svm_plus_kg_full,处置/受事重组构式,0.9493670886075949,0.5149206349206349,0.4,79
2027,extraction,char_svm_plus_kg_full,复句关联结构,0.98,0.494949494949495,,50
2027,extraction,char_svm_plus_kg_full,多谓词/论元结构,0.9423076923076923,0.8461538461538461,0.5,52
2027,extraction,char_svm_plus_kg_full,时间/处所功能结构,0.8153846153846154,0.6491729366811984,0.95,130
2027,extraction,char_svm_plus_kg_full,比较构式,0.984375,0.9841858166543118,1.0,64
2027,extraction,char_svm_plus_kg_full,补语结构,0.7333333333333333,0.4466403162055336,0.631578947368421,90
2027,extraction,char_svm_plus_kg_full,被动/受事凸显构式,0.7857142857142857,0.6212121212121212,0.3333333333333333,28
2027,extraction,reliability_weighted_kg_reranker,介词/框架结构,0.9716981132075472,0.632996632996633,0.8333333333333334,106
2027,extraction,reliability_weighted_kg_reranker,处置/受事重组构式,0.8987341772151899,0.3986486486486487,0.2,79
2027,extraction,reliability_weighted_kg_reranker,复句关联结构,0.98,0.494949494949495,,50
2027,extraction,reliability_weighted_kg_reranker,多谓词/论元结构,0.9423076923076923,0.8578116639914394,0.75,52
2027,extraction,reliability_weighted_kg_reranker,时间/处所功能结构,0.8076923076923077,0.6861146578140961,0.85,130
2027,extraction,reliability_weighted_kg_reranker,比较构式,0.921875,0.6172021077681454,1.0,64
2027,extraction,reliability_weighted_kg_reranker,补语结构,0.7444444444444445,0.46437799926172013,0.7368421052631579,90
2027,extraction,reliability_weighted_kg_reranker,被动/受事凸显构式,0.8214285714285714,0.6777777777777779,0.6666666666666666,28
2027,function_type,global_majority,介词/框架结构,0.9339622641509434,0.32195121951219513,0.0,106
2027,function_type,global_majority,处置/受事重组构式,0.9367088607594937,0.48366013071895425,0.0,79
2027,function_type,global_majority,复句关联结构,0.98,0.494949494949495,,50
2027,function_type,global_majority,多谓词/论元结构,0.8653846153846154,0.30927835051546393,0.0,52
2027,function_type,global_majority,时间/处所功能结构,0.7461538461538462,0.28487518355359764,0.0,130
2027,function_type,global_majority,比较构式,0.453125,0.3118279569892473,0.0,64
2027,function_type,global_majority,补语结构,0.7888888888888889,0.4409937888198758,0.0,90
2027,function_type,global_majority,被动/受事凸显构式,0.6785714285714286,0.2695035460992908,0.0,28
2027,function_type,family_majority,介词/框架结构,0.9339622641509434,0.32195121951219513,0.0,106
2027,function_type,family_majority,处置/受事重组构式,0.9367088607594937,0.48366013071895425,0.0,79
2027,function_type,family_majority,复句关联结构,0.98,0.494949494949495,,50
2027,function_type,family_majority,多谓词/论元结构,0.8653846153846154,0.30927835051546393,0.0,52
2027,function_type,family_majority,时间/处所功能结构,0.7461538461538462,0.28487518355359764,0.0,130
2027,function_type,family_majority,比较构式,0.546875,0.35353535353535354,1.0,64
2027,function_type,family_majority,补语结构,0.7888888888888889,0.4409937888198758,0.0,90
2027,function_type,family_majority,被动/受事凸显构式,0.6785714285714286,0.2695035460992908,0.0,28
2027,function_type,point_majority,介词/框架结构,0.9339622641509434,0.32195121951219513,0.0,106
2027,function_type,point_majority,处置/受事重组构式,0.9367088607594937,0.48366013071895425,0.0,79
2027,function_type,point_majority,复句关联结构,0.98,0.494949494949495,,50
2027,function_type,point_majority,多谓词/论元结构,0.8653846153846154,0.30927835051546393,0.0,52
2027,function_type,point_majority,时间/处所功能结构,0.7461538461538462,0.28487518355359764,0.0,130
2027,function_type,point_majority,比较构式,0.84375,0.8435972629521017,0.7428571428571429,64
2027,function_type,point_majority,补语结构,0.6888888888888889,0.6213942307692308,0.631578947368421,90
2027,function_type,point_majority,被动/受事凸显构式,0.6785714285714286,0.2695035460992908,0.0,28
2027,function_type,executable_kg_rules,介词/框架结构,0.9056603773584906,0.31683168316831684,0.0,106
2027,function_type,executable_kg_rules,处置/受事重组构式,0.9240506329113924,0.3244444444444445,0.0,79
2027,function_type,executable_kg_rules,复句关联结构,0.98,0.494949494949495,,50
2027,function_type,executable_kg_rules,多谓词/论元结构,0.15384615384615385,0.09523809523809523,0.0,52
2027,function_type,executable_kg_rules,时间/处所功能结构,0.5923076923076923,0.3422800261997703,0.05,130
2027,function_type,executable_kg_rules,比较构式,0.59375,0.5497835497835498,0.2571428571428571,64
2027,function_type,executable_kg_rules,补语结构,0.011111111111111112,0.009259259259259259,0.0,90
2027,function_type,executable_kg_rules,被动/受事凸显构式,0.7142857142857143,0.37060041407867494,0.16666666666666666,28
2027,function_type,char_tfidf_lr,介词/框架结构,0.9716981132075472,0.6313385107354956,0.8333333333333334,106
2027,function_type,char_tfidf_lr,处置/受事重组构式,0.9113924050632911,0.401006711409396,0.2,79
2027,function_type,char_tfidf_lr,复句关联结构,0.98,0.494949494949495,,50
2027,function_type,char_tfidf_lr,多谓词/论元结构,0.9423076923076923,0.8578116639914394,0.75,52
2027,function_type,char_tfidf_lr,时间/处所功能结构,0.823076923076923,0.7460606060606061,0.85,130
2027,function_type,char_tfidf_lr,比较构式,0.921875,0.6172021077681454,1.0,64
2027,function_type,char_tfidf_lr,补语结构,0.7555555555555555,0.46739926739926735,0.7368421052631579,90
2027,function_type,char_tfidf_lr,被动/受事凸显构式,0.8571428571428571,0.7089430894308943,0.6666666666666666,28
2027,function_type,char_tfidf_svm,介词/框架结构,0.9716981132075472,0.6313385107354956,0.8333333333333334,106
2027,function_type,char_tfidf_svm,处置/受事重组构式,0.9367088607594937,0.7054436987322894,0.4,79
2027,function_type,char_tfidf_svm,复句关联结构,0.98,0.494949494949495,,50
2027,function_type,char_tfidf_svm,多谓词/论元结构,0.9423076923076923,0.8461538461538461,0.5,52
2027,function_type,char_tfidf_svm,时间/处所功能结构,0.8384615384615385,0.7618530295000884,0.8,130
2027,function_type,char_tfidf_svm,比较构式,0.96875,0.9684729064039409,0.9714285714285714,64
2027,function_type,char_tfidf_svm,补语结构,0.8111111111111111,0.5034792368125701,0.7368421052631579,90
2027,function_type,char_tfidf_svm,被动/受事凸显构式,0.8214285714285714,0.6834625322997416,0.5,28
2027,function_type,kg_only_lr,介词/框架结构,0.9150943396226415,0.38666666666666666,0.16666666666666666,106
2027,function_type,kg_only_lr,处置/受事重组构式,0.9367088607594937,0.512623841482902,0.4,79
2027,function_type,kg_only_lr,复句关联结构,0.98,0.8281786941580755,,50
2027,function_type,kg_only_lr,多谓词/论元结构,0.5576923076923077,0.41038333141475763,0.25,52
2027,function_type,kg_only_lr,时间/处所功能结构,0.7461538461538462,0.6530870255448117,0.85,130
2027,function_type,kg_only_lr,比较构式,0.921875,0.6305252901054124,1.0,64
2027,function_type,kg_only_lr,补语结构,0.6888888888888889,0.4172794117647059,0.631578947368421,90
2027,function_type,kg_only_lr,被动/受事凸显构式,0.10714285714285714,0.06451612903225806,0.0,28
2027,function_type,char_lr_plus_kg_markers,介词/框架结构,0.9716981132075472,0.632996632996633,0.8333333333333334,106
2027,function_type,char_lr_plus_kg_markers,处置/受事重组构式,0.9240506329113924,0.519634703196347,0.6,79
2027,function_type,char_lr_plus_kg_markers,复句关联结构,0.98,0.494949494949495,,50
2027,function_type,char_lr_plus_kg_markers,多谓词/论元结构,0.9230769230769231,0.8181818181818182,0.75,52
2027,function_type,char_lr_plus_kg_markers,时间/处所功能结构,0.8,0.6967134831460674,0.8,130
2027,function_type,char_lr_plus_kg_markers,比较构式,0.953125,0.9525574499629355,0.9714285714285714,64
2027,function_type,char_lr_plus_kg_markers,补语结构,0.7666666666666667,0.47434266327396096,0.7368421052631579,90
2027,function_type,char_lr_plus_kg_markers,被动/受事凸显构式,0.8571428571428571,0.7089430894308943,0.6666666666666666,28
2027,function_type,char_lr_plus_kg_constraints,介词/框架结构,0.9716981132075472,0.632996632996633,0.8333333333333334,106
2027,function_type,char_lr_plus_kg_constraints,处置/受事重组构式,0.9240506329113924,0.519634703196347,0.6,79
2027,function_type,char_lr_plus_kg_constraints,复句关联结构,0.98,0.494949494949495,,50
2027,function_type,char_lr_plus_kg_constraints,多谓词/论元结构,0.9038461538461539,0.7863984674329502,0.75,52
2027,function_type,char_lr_plus_kg_constraints,时间/处所功能结构,0.8,0.6985788637068939,0.8,130
2027,function_type,char_lr_plus_kg_constraints,比较构式,0.984375,0.9841858166543118,1.0,64
2027,function_type,char_lr_plus_kg_constraints,补语结构,0.7555555555555555,0.4713675213675214,0.7368421052631579,90
2027,function_type,char_lr_plus_kg_constraints,被动/受事凸显构式,0.8571428571428571,0.734920634920635,0.6666666666666666,28
2027,function_type,char_lr_plus_kg_full,介词/框架结构,0.9716981132075472,0.632996632996633,0.8333333333333334,106
2027,function_type,char_lr_plus_kg_full,处置/受事重组构式,0.9240506329113924,0.519634703196347,0.6,79
2027,function_type,char_lr_plus_kg_full,复句关联结构,0.98,0.494949494949495,,50
2027,function_type,char_lr_plus_kg_full,多谓词/论元结构,0.9038461538461539,0.7863984674329502,0.75,52
2027,function_type,char_lr_plus_kg_full,时间/处所功能结构,0.8,0.6985788637068939,0.8,130
2027,function_type,char_lr_plus_kg_full,比较构式,0.984375,0.9841858166543118,1.0,64
2027,function_type,char_lr_plus_kg_full,补语结构,0.7555555555555555,0.4713675213675214,0.7368421052631579,90
2027,function_type,char_lr_plus_kg_full,被动/受事凸显构式,0.8571428571428571,0.734920634920635,0.6666666666666666,28
2027,function_type,char_lr_plus_kg_full_hard_reject,介词/框架结构,0.9716981132075472,0.632996632996633,0.8333333333333334,106
2027,function_type,char_lr_plus_kg_full_hard_reject,处置/受事重组构式,0.9240506329113924,0.5014528850145288,0.6,79
2027,function_type,char_lr_plus_kg_full_hard_reject,复句关联结构,0.98,0.494949494949495,,50
2027,function_type,char_lr_plus_kg_full_hard_reject,多谓词/论元结构,0.9038461538461539,0.7863984674329502,0.75,52
2027,function_type,char_lr_plus_kg_full_hard_reject,时间/处所功能结构,0.8,0.6985788637068939,0.8,130
2027,function_type,char_lr_plus_kg_full_hard_reject,比较构式,0.984375,0.9841858166543118,1.0,64
2027,function_type,char_lr_plus_kg_full_hard_reject,补语结构,0.7555555555555555,0.4713675213675214,0.7368421052631579,90
2027,function_type,char_lr_plus_kg_full_hard_reject,被动/受事凸显构式,0.8571428571428571,0.734920634920635,0.6666666666666666,28
2027,function_type,char_svm_plus_kg_constraints,介词/框架结构,0.9716981132075472,0.632996632996633,0.8333333333333334,106
2027,function_type,char_svm_plus_kg_constraints,处置/受事重组构式,0.9367088607594937,0.5642633228840125,0.8,79
2027,function_type,char_svm_plus_kg_constraints,复句关联结构,0.98,0.494949494949495,,50
2027,function_type,char_svm_plus_kg_constraints,多谓词/论元结构,0.9230769230769231,0.8185185185185185,0.5,52
2027,function_type,char_svm_plus_kg_constraints,时间/处所功能结构,0.8538461538461538,0.7487943262411347,0.8,130
2027,function_type,char_svm_plus_kg_constraints,比较构式,0.984375,0.9841858166543118,1.0,64
2027,function_type,char_svm_plus_kg_constraints,补语结构,0.8111111111111111,0.5033529167408463,0.6842105263157895,90
2027,function_type,char_svm_plus_kg_constraints,被动/受事凸显构式,0.8214285714285714,0.6834625322997416,0.5,28
2027,function_type,char_svm_plus_kg_full,介词/框架结构,0.9716981132075472,0.632996632996633,0.8333333333333334,106
2027,function_type,char_svm_plus_kg_full,处置/受事重组构式,0.9367088607594937,0.5642633228840125,0.8,79
2027,function_type,char_svm_plus_kg_full,复句关联结构,0.98,0.494949494949495,,50
2027,function_type,char_svm_plus_kg_full,多谓词/论元结构,0.9230769230769231,0.8185185185185185,0.5,52
2027,function_type,char_svm_plus_kg_full,时间/处所功能结构,0.8538461538461538,0.7487943262411347,0.8,130
2027,function_type,char_svm_plus_kg_full,比较构式,0.984375,0.9841858166543118,1.0,64
2027,function_type,char_svm_plus_kg_full,补语结构,0.8111111111111111,0.5033529167408463,0.6842105263157895,90
2027,function_type,char_svm_plus_kg_full,被动/受事凸显构式,0.8214285714285714,0.6834625322997416,0.5,28
2027,function_type,reliability_weighted_kg_reranker,介词/框架结构,0.9716981132075472,0.6313385107354956,0.8333333333333334,106
2027,function_type,reliability_weighted_kg_reranker,处置/受事重组构式,0.9113924050632911,0.401006711409396,0.2,79
2027,function_type,reliability_weighted_kg_reranker,复句关联结构,0.98,0.494949494949495,,50
2027,function_type,reliability_weighted_kg_reranker,多谓词/论元结构,0.9423076923076923,0.8578116639914394,0.75,52
2027,function_type,reliability_weighted_kg_reranker,时间/处所功能结构,0.823076923076923,0.7460606060606061,0.85,130
2027,function_type,reliability_weighted_kg_reranker,比较构式,0.921875,0.6172021077681454,1.0,64
2027,function_type,reliability_weighted_kg_reranker,补语结构,0.7555555555555555,0.46739926739926735,0.7368421052631579,90
2027,function_type,reliability_weighted_kg_reranker,被动/受事凸显构式,0.8571428571428571,0.7089430894308943,0.6666666666666666,28
