seed,task,model,accuracy,macro_f1,hard_negative_accuracy,n
13,target_label,global_majority,0.8430717863105175,0.45742753623188404,0.0,599
13,target_label,family_majority,0.8564273789649416,0.686501947419669,0.3829787234042553,599
13,target_label,point_majority,0.8831385642737897,0.6851534811077071,0.2872340425531915,599
13,target_label,executable_kg_rules,0.67779632721202,0.5619901718970814,0.5212765957446809,599
13,target_label,char_tfidf_lr,0.9198664440734557,0.8535989245997799,0.7872340425531915,599
13,target_label,char_tfidf_svm,0.9398998330550918,0.887406015037594,0.8191489361702128,599
13,target_label,kg_only_lr,0.8614357262103506,0.7713372427273772,0.7446808510638298,599
13,target_label,char_lr_plus_kg_markers,0.9315525876460768,0.8754595658148958,0.8297872340425532,599
13,target_label,char_lr_plus_kg_constraints,0.9482470784641068,0.9042662335988452,0.8617021276595744,599
13,target_label,char_lr_plus_kg_full,0.9482470784641068,0.9042662335988452,0.8617021276595744,599
13,target_label,char_lr_plus_kg_full_hard_reject,0.9449081803005008,0.8989339673287828,0.8617021276595744,599
13,target_label,char_svm_plus_kg_constraints,0.9515859766277128,0.9081176576376437,0.8404255319148937,599
13,target_label,char_svm_plus_kg_full,0.9515859766277128,0.9081176576376437,0.8404255319148937,599
13,target_label,reliability_weighted_kg_reranker,0.9198664440734557,0.8535989245997799,0.7872340425531915,599
13,extraction,global_majority,0.7829716193656093,0.21956928838951312,0.0,599
13,extraction,family_majority,0.7979966611018364,0.32477068470304826,0.3333333333333333,599
13,extraction,point_majority,0.8230383973288815,0.32229622183128087,0.25,599
13,extraction,executable_kg_rules,0.5792988313856428,0.23996697910843592,0.10185185185185185,599
13,extraction,char_tfidf_lr,0.8814691151919867,0.6707370800291155,0.7870370370370371,599
13,extraction,char_tfidf_svm,0.9131886477462438,0.7204354515547737,0.8055555555555556,599
13,extraction,kg_only_lr,0.7746243739565943,0.5111099342825297,0.6481481481481481,599
13,extraction,char_lr_plus_kg_markers,0.8931552587646077,0.678852969348659,0.8148148148148148,599
13,extraction,char_lr_plus_kg_constraints,0.8998330550918197,0.6873573573573574,0.8425925925925926,599
13,extraction,char_lr_plus_kg_full,0.8964941569282137,0.6691706510863246,0.8333333333333334,599
13,extraction,char_lr_plus_kg_full_hard_reject,0.8948247078464107,0.6726209291649629,0.8333333333333334,599
13,extraction,char_svm_plus_kg_constraints,0.9115191986644408,0.7090347238873003,0.7777777777777778,599
13,extraction,char_svm_plus_kg_full,0.9115191986644408,0.7090347238873003,0.7777777777777778,599
13,extraction,reliability_weighted_kg_reranker,0.8814691151919867,0.6707370800291155,0.7870370370370371,599
13,function_type,global_majority,0.7829716193656093,0.29275905118601747,0.0,599
13,function_type,family_majority,0.7979966611018364,0.43302757960406435,0.3333333333333333,599
13,function_type,point_majority,0.8230383973288815,0.4297282957750412,0.25,599
13,function_type,executable_kg_rules,0.5826377295492488,0.32627564358871836,0.10185185185185185,599
13,function_type,char_tfidf_lr,0.8931552587646077,0.7822280881664071,0.7962962962962963,599
13,function_type,char_tfidf_svm,0.9131886477462438,0.7926413255360624,0.8055555555555556,599
13,function_type,kg_only_lr,0.8046744574290484,0.634542049710589,0.6944444444444444,599
13,function_type,char_lr_plus_kg_markers,0.8998330550918197,0.7755975646133617,0.8148148148148148,599
13,function_type,char_lr_plus_kg_constraints,0.9065108514190318,0.7778587962802822,0.8425925925925926,599
13,function_type,char_lr_plus_kg_full,0.9065108514190318,0.7778587962802822,0.8425925925925926,599
13,function_type,char_lr_plus_kg_full_hard_reject,0.9048414023372288,0.779029029029029,0.8425925925925926,599
13,function_type,char_svm_plus_kg_constraints,0.9115191986644408,0.7904654657918803,0.7592592592592593,599
13,function_type,char_svm_plus_kg_full,0.9115191986644408,0.7904654657918803,0.7592592592592593,599
13,function_type,reliability_weighted_kg_reranker,0.8931552587646077,0.7822280881664071,0.7962962962962963,599
42,target_label,global_majority,0.8416666666666667,0.45701357466063347,0.0,600
42,target_label,family_majority,0.865,0.7063781197324779,0.4105263157894737,600
42,target_label,point_majority,0.8833333333333333,0.6852140544429788,0.28421052631578947,600
42,target_label,executable_kg_rules,0.7016666666666667,0.5861447106288366,0.5473684210526316,600
42,target_label,char_tfidf_lr,0.9416666666666667,0.8954178058655671,0.8736842105263158,600
42,target_label,char_tfidf_svm,0.95,0.9045619393013934,0.8210526315789474,600
42,target_label,kg_only_lr,0.8566666666666667,0.7774288721337497,0.8210526315789474,600
42,target_label,char_lr_plus_kg_markers,0.9416666666666667,0.8945777840250202,0.8631578947368421,600
42,target_label,char_lr_plus_kg_constraints,0.95,0.9085291487112774,0.8736842105263158,600
42,target_label,char_lr_plus_kg_full,0.95,0.9085291487112774,0.8736842105263158,600
42,target_label,char_lr_plus_kg_full_hard_reject,0.945,0.9006019106521619,0.8736842105263158,600
42,target_label,char_svm_plus_kg_constraints,0.9583333333333334,0.9201171614964718,0.8421052631578947,600
42,target_label,char_svm_plus_kg_full,0.9583333333333334,0.9201171614964718,0.8421052631578947,600
42,target_label,reliability_weighted_kg_reranker,0.9416666666666667,0.8770311813790075,0.6842105263157895,600
42,extraction,global_majority,0.7759197324414716,0.2184557438794727,0.0,598
42,extraction,family_majority,0.7993311036789298,0.3326566427652994,0.3577981651376147,598
42,extraction,point_majority,0.8177257525083612,0.3214466097057957,0.24770642201834864,598
42,extraction,executable_kg_rules,0.5919732441471572,0.2474802316516316,0.11926605504587157,598
42,extraction,char_tfidf_lr,0.8729096989966555,0.6749843661377816,0.8256880733944955,598
42,extraction,char_tfidf_svm,0.9013377926421404,0.715848184112325,0.7981651376146789,598
42,extraction,kg_only_lr,0.7642140468227425,0.5243077106032801,0.7155963302752294,598
42,extraction,char_lr_plus_kg_markers,0.8879598662207357,0.6899122008960353,0.8623853211009175,598
42,extraction,char_lr_plus_kg_constraints,0.8963210702341137,0.7143351344748906,0.8990825688073395,598
42,extraction,char_lr_plus_kg_full,0.8979933110367893,0.7155155946349032,0.8990825688073395,598
42,extraction,char_lr_plus_kg_full_hard_reject,0.8979933110367893,0.7219420165015666,0.8990825688073395,598
42,extraction,char_svm_plus_kg_constraints,0.9130434782608695,0.7506012968526652,0.8256880733944955,598
42,extraction,char_svm_plus_kg_full,0.9130434782608695,0.7506012968526652,0.8256880733944955,598
42,extraction,reliability_weighted_kg_reranker,0.8862876254180602,0.654241832117892,0.7339449541284404,598
42,function_type,global_majority,0.7759197324414716,0.29127432517263024,0.0,598
42,function_type,family_majority,0.7993311036789298,0.4435421903537325,0.3577981651376147,598
42,function_type,point_majority,0.8177257525083612,0.4285954796077276,0.24770642201834864,598
42,function_type,executable_kg_rules,0.596989966555184,0.3401259264661349,0.11926605504587157,598
42,function_type,char_tfidf_lr,0.8879598662207357,0.765001935733643,0.8348623853211009,598
42,function_type,char_tfidf_svm,0.903010033444816,0.7810179125491162,0.7889908256880734,598
42,function_type,kg_only_lr,0.794314381270903,0.6325871998971997,0.7247706422018348,598
42,function_type,char_lr_plus_kg_markers,0.8913043478260869,0.7707739415056487,0.8532110091743119,598
42,function_type,char_lr_plus_kg_constraints,0.8929765886287625,0.7727359134335371,0.8440366972477065,598
42,function_type,char_lr_plus_kg_full,0.8929765886287625,0.7727359134335371,0.8440366972477065,598
42,function_type,char_lr_plus_kg_full_hard_reject,0.8913043478260869,0.7711784511784513,0.8440366972477065,598
42,function_type,char_svm_plus_kg_constraints,0.9163879598662207,0.8078287742719213,0.8256880733944955,598
42,function_type,char_svm_plus_kg_full,0.9163879598662207,0.8078287742719213,0.8256880733944955,598
42,function_type,reliability_weighted_kg_reranker,0.8996655518394648,0.7831873616618868,0.7798165137614679,598
2027,target_label,global_majority,0.8716666666666667,0.4657168299198575,0.0,600
2027,target_label,family_majority,0.8816666666666667,0.7147047596086231,0.45454545454545453,600
2027,target_label,point_majority,0.9133333333333333,0.7262773722627738,0.33766233766233766,600
2027,target_label,executable_kg_rules,0.6766666666666666,0.5364396654719236,0.4935064935064935,600
2027,target_label,char_tfidf_lr,0.9283333333333333,0.8601163528321016,0.8961038961038961,600
2027,target_label,char_tfidf_svm,0.94,0.8778391095828432,0.8831168831168831,600
2027,target_label,kg_only_lr,0.8366666666666667,0.7364410578216047,0.8571428571428571,600
2027,target_label,char_lr_plus_kg_markers,0.9416666666666667,0.8829268292682927,0.9090909090909091,600
2027,target_label,char_lr_plus_kg_constraints,0.9533333333333334,0.9058950057135176,0.948051948051948,600
2027,target_label,char_lr_plus_kg_full,0.9533333333333334,0.9058950057135176,0.948051948051948,600
2027,target_label,char_lr_plus_kg_full_hard_reject,0.95,0.9001242897727273,0.948051948051948,600
2027,target_label,char_svm_plus_kg_constraints,0.955,0.9041595920274978,0.8831168831168831,600
2027,target_label,char_svm_plus_kg_full,0.955,0.9041595920274978,0.8831168831168831,600
2027,target_label,reliability_weighted_kg_reranker,0.9433333333333334,0.8747421161214264,0.7922077922077922,600
2027,extraction,global_majority,0.8063439065108514,0.2231977818853974,0.0,599
2027,extraction,family_majority,0.8163606010016694,0.33304914062596536,0.3684210526315789,599
2027,extraction,point_majority,0.8330550918196995,0.34811880563095765,0.4,599
2027,extraction,executable_kg_rules,0.5976627712854758,0.24586974615064502,0.11578947368421053,599
2027,extraction,char_tfidf_lr,0.8781302170283807,0.6520198896224676,0.8315789473684211,599
2027,extraction,char_tfidf_svm,0.8998330550918197,0.6937490314582365,0.7894736842105263,599
2027,extraction,kg_only_lr,0.6844741235392321,0.46117554190134835,0.6421052631578947,599
2027,extraction,char_lr_plus_kg_markers,0.8831385642737897,0.6428934071513188,0.8421052631578947,599
2027,extraction,char_lr_plus_kg_constraints,0.8848080133555927,0.6446104722885668,0.8526315789473684,599
2027,extraction,char_lr_plus_kg_full,0.8848080133555927,0.6446104722885668,0.8526315789473684,599
2027,extraction,char_lr_plus_kg_full_hard_reject,0.8848080133555927,0.6466290567837252,0.8526315789473684,599
2027,extraction,char_svm_plus_kg_constraints,0.8898163606010017,0.6488349378150041,0.8,599
2027,extraction,char_svm_plus_kg_full,0.8898163606010017,0.6488349378150041,0.8,599
2027,extraction,reliability_weighted_kg_reranker,0.8781302170283807,0.6520198896224676,0.8315789473684211,599
2027,function_type,global_majority,0.8063439065108514,0.2975970425138632,0.0,599
2027,function_type,family_majority,0.8163606010016694,0.4440655208346205,0.3684210526315789,599
2027,function_type,point_majority,0.8330550918196995,0.4641584075079435,0.4,599
2027,function_type,executable_kg_rules,0.6043405676126878,0.34115966153419336,0.11578947368421053,599
2027,function_type,char_tfidf_lr,0.8864774624373957,0.7578591456374731,0.8315789473684211,599
2027,function_type,char_tfidf_svm,0.9048414023372288,0.7950545099357319,0.8,599
2027,function_type,kg_only_lr,0.7846410684474123,0.6124698051921772,0.7157894736842105,599
2027,function_type,char_lr_plus_kg_markers,0.8864774624373957,0.7318831665846591,0.8315789473684211,599
2027,function_type,char_lr_plus_kg_constraints,0.8864774624373957,0.7355357653555908,0.8421052631578947,599
2027,function_type,char_lr_plus_kg_full,0.8864774624373957,0.7355357653555908,0.8421052631578947,599
2027,function_type,char_lr_plus_kg_full_hard_reject,0.8864774624373957,0.7377308171519807,0.8421052631578947,599
2027,function_type,char_svm_plus_kg_constraints,0.9081803005008348,0.7649388836237273,0.8210526315789474,599
2027,function_type,char_svm_plus_kg_full,0.9081803005008348,0.7649388836237273,0.8210526315789474,599
2027,function_type,reliability_weighted_kg_reranker,0.8864774624373957,0.7578591456374731,0.8315789473684211,599
