task,model,metric,mean,std,min,max,seeds
extraction,char_lr_plus_kg_constraints,accuracy,0.8936540462271753,0.007859563129336755,0.8848080133555927,0.8998330550918197,3
extraction,char_lr_plus_kg_constraints,macro_f1,0.6821009880402716,0.03515827346510979,0.6446104722885668,0.7143351344748906,3
extraction,char_lr_plus_kg_constraints,hard_negative_accuracy,0.8647689134491001,0.030137443816469645,0.8425925925925926,0.8990825688073395,3
extraction,char_lr_plus_kg_full,accuracy,0.8930984937735319,0.0072187890210539925,0.8848080133555927,0.8979933110367893,3
extraction,char_lr_plus_kg_full,macro_f1,0.6764322393365981,0.03600600077312971,0.6446104722885668,0.7155155946349032,3
extraction,char_lr_plus_kg_full,hard_negative_accuracy,0.8616824936960138,0.033796150441943985,0.8333333333333334,0.8990825688073395,3
extraction,char_lr_plus_kg_full_hard_reject,accuracy,0.8925420107462642,0.006882662876656448,0.8848080133555927,0.8979933110367893,3
extraction,char_lr_plus_kg_full_hard_reject,macro_f1,0.680397334150085,0.03825395183814054,0.6466290567837252,0.7219420165015666,3
extraction,char_lr_plus_kg_full_hard_reject,hard_negative_accuracy,0.8616824936960138,0.033796150441943985,0.8333333333333334,0.8990825688073395,3
extraction,char_lr_plus_kg_markers,accuracy,0.8880845630863776,0.0050095113645765455,0.8831385642737897,0.8931552587646077,3
extraction,char_lr_plus_kg_markers,macro_f1,0.6705528591320045,0.02458374693793664,0.6428934071513188,0.6899122008960353,3
extraction,char_lr_plus_kg_markers,hard_negative_accuracy,0.8397684663578756,0.023871190408994453,0.8148148148148148,0.8623853211009175,3
extraction,char_svm_plus_kg_constraints,accuracy,0.9047930125087706,0.012992533773166896,0.8898163606010017,0.9130434782608695,3
extraction,char_svm_plus_kg_constraints,macro_f1,0.7028236528516566,0.05116669825680464,0.6488349378150041,0.7506012968526652,3
extraction,char_svm_plus_kg_constraints,hard_negative_accuracy,0.8011552837240911,0.02397603213383485,0.7777777777777778,0.8256880733944955,3
extraction,char_svm_plus_kg_full,accuracy,0.9047930125087706,0.012992533773166896,0.8898163606010017,0.9130434782608695,3
extraction,char_svm_plus_kg_full,macro_f1,0.7028236528516566,0.05116669825680464,0.6488349378150041,0.7506012968526652,3
extraction,char_svm_plus_kg_full,hard_negative_accuracy,0.8011552837240911,0.02397603213383485,0.7777777777777778,0.8256880733944955,3
extraction,char_tfidf_lr,accuracy,0.8775030104056744,0.0043140401611366005,0.8729096989966555,0.8814691151919867,3
extraction,char_tfidf_lr,macro_f1,0.6659137785964548,0.012218427596803569,0.6520198896224676,0.6749843661377816,3
extraction,char_tfidf_lr,hard_negative_accuracy,0.8147680192666512,0.024195684131856018,0.7870370370370371,0.8315789473684211,3
extraction,char_tfidf_svm,accuracy,0.9047864984934013,0.007315267788954644,0.8998330550918197,0.9131886477462438,3
extraction,char_tfidf_svm,macro_f1,0.7100108890417784,0.014268733815503278,0.6937490314582365,0.7204354515547737,3
extraction,char_tfidf_svm,hard_negative_accuracy,0.7977314591269202,0.008049702122599115,0.7894736842105263,0.8055555555555556,3
extraction,executable_kg_rules,accuracy,0.5896449489394253,0.009400760133730207,0.5792988313856428,0.5976627712854758,3
extraction,executable_kg_rules,macro_f1,0.24443898563690417,0.003955698128045043,0.23996697910843592,0.2474802316516316,3
extraction,executable_kg_rules,hard_negative_accuracy,0.11230246019397798,0.009215913711154716,0.10185185185185185,0.11926605504587157,3
extraction,family_majority,accuracy,0.8045627885941452,0.010238968085224159,0.7979966611018364,0.8163606010016694,3
extraction,family_majority,macro_f1,0.3301588226981043,0.004670389377020077,0.32477068470304826,0.33304914062596536,3
extraction,family_majority,hard_negative_accuracy,0.3531841837008423,0.01799315508498383,0.3333333333333333,0.3684210526315789,3
extraction,global_majority,accuracy,0.7884117527726441,0.015924945229599148,0.7759197324414716,0.8063439065108514,3
extraction,global_majority,macro_f1,0.22040760471812773,0.0024796797802387758,0.2184557438794727,0.2231977818853974,3
extraction,global_majority,hard_negative_accuracy,0.0,0.0,0.0,0.0,3
extraction,kg_only_lr,accuracy,0.741104181439523,0.04931851904813421,0.6844741235392321,0.7746243739565943,3
extraction,kg_only_lr,macro_f1,0.49886439559571943,0.03329988880687019,0.46117554190134835,0.5243077106032801,3
extraction,kg_only_lr,hard_negative_accuracy,0.6686165805270908,0.04079769331162801,0.6421052631578947,0.7155963302752294,3
extraction,point_majority,accuracy,0.8246064138856474,0.007784032879700235,0.8177257525083612,0.8330550918196995,3
extraction,point_majority,macro_f1,0.33062054572267807,0.015159890667620964,0.3214466097057957,0.34811880563095765,3
extraction,point_majority,hard_negative_accuracy,0.2992354740061162,0.08727217425427501,0.24770642201834864,0.4,3
extraction,reliability_weighted_kg_reranker,accuracy,0.8819623192128092,0.004101007871684707,0.8781302170283807,0.8862876254180602,3
extraction,reliability_weighted_kg_reranker,macro_f1,0.658999600589825,0.010225486531411,0.6520198896224676,0.6707370800291155,3
extraction,reliability_weighted_kg_reranker,hard_negative_accuracy,0.7841869795112996,0.048879354332081335,0.7339449541284404,0.8315789473684211,3
function_type,char_lr_plus_kg_constraints,accuracy,0.8953216341617299,0.010220498883917194,0.8864774624373957,0.9065108514190318,3
function_type,char_lr_plus_kg_constraints,macro_f1,0.7620434916898033,0.023098823535463824,0.7355357653555908,0.7778587962802822,3
function_type,char_lr_plus_kg_constraints,hard_negative_accuracy,0.8429115176660646,0.00100443731147773,0.8421052631578947,0.8440366972477065,3
function_type,char_lr_plus_kg_full,accuracy,0.8953216341617299,0.010220498883917194,0.8864774624373957,0.9065108514190318,3
function_type,char_lr_plus_kg_full,macro_f1,0.7620434916898033,0.023098823535463824,0.7355357653555908,0.7778587962802822,3
function_type,char_lr_plus_kg_full,hard_negative_accuracy,0.8429115176660646,0.00100443731147773,0.8421052631578947,0.8440366972477065,3
function_type,char_lr_plus_kg_full_hard_reject,accuracy,0.8942077375335704,0.00952002237425477,0.8864774624373957,0.9048414023372288,3
function_type,char_lr_plus_kg_full_hard_reject,macro_f1,0.7626460991198204,0.021931400999473584,0.7377308171519807,0.779029029029029,3
function_type,char_lr_plus_kg_full_hard_reject,hard_negative_accuracy,0.8429115176660646,0.00100443731147773,0.8421052631578947,0.8440366972477065,3
function_type,char_lr_plus_kg_markers,accuracy,0.8925382884517674,0.006762759857373657,0.8864774624373957,0.8998330550918197,3
function_type,char_lr_plus_kg_markers,macro_f1,0.7594182242345565,0.02396771546912002,0.7318831665846591,0.7755975646133617,3
function_type,char_lr_plus_kg_markers,hard_negative_accuracy,0.833201590452516,0.019249458778283633,0.8148148148148148,0.8532110091743119,3
function_type,char_svm_plus_kg_constraints,accuracy,0.9120291530104988,0.004127524456723348,0.9081803005008348,0.9163879598662207,3
function_type,char_svm_plus_kg_constraints,macro_f1,0.7877443745625096,0.02157403376891834,0.7649388836237273,0.8078287742719213,3
function_type,char_svm_plus_kg_constraints,hard_negative_accuracy,0.8019999880775673,0.0370870496959039,0.7592592592592593,0.8256880733944955,3
function_type,char_svm_plus_kg_full,accuracy,0.9120291530104988,0.004127524456723348,0.9081803005008348,0.9163879598662207,3
function_type,char_svm_plus_kg_full,macro_f1,0.7877443745625096,0.02157403376891834,0.7649388836237273,0.8078287742719213,3
function_type,char_svm_plus_kg_full,hard_negative_accuracy,0.8019999880775673,0.0370870496959039,0.7592592592592593,0.8256880733944955,3
function_type,char_tfidf_lr,accuracy,0.889197529140913,0.0035067218416803187,0.8864774624373957,0.8931552587646077,3
function_type,char_tfidf_lr,macro_f1,0.7683630565125078,0.012527337692511086,0.7578591456374731,0.7822280881664071,3
function_type,char_tfidf_lr,hard_negative_accuracy,0.8209125429952727,0.021381415817385136,0.7962962962962963,0.8348623853211009,3
function_type,char_tfidf_svm,accuracy,0.9070133611760962,0.005425781157824933,0.903010033444816,0.9131886477462438,3
function_type,char_tfidf_svm,macro_f1,0.7895712493403035,0.007505034472559761,0.7810179125491162,0.7950545099357319,3
function_type,char_tfidf_svm,hard_negative_accuracy,0.7981821270812096,0.008430662213451401,0.7889908256880734,0.8055555555555556,3
function_type,executable_kg_rules,accuracy,0.5946560879057069,0.0110380495181363,0.5826377295492488,0.6043405676126878,3
function_type,executable_kg_rules,macro_f1,0.33585374386301553,0.00831096599055141,0.32627564358871836,0.34115966153419336,3
function_type,executable_kg_rules,hard_negative_accuracy,0.11230246019397798,0.009215913711154716,0.10185185185185185,0.11926605504587157,3
function_type,family_majority,accuracy,0.8045627885941452,0.010238968085224159,0.7979966611018364,0.8163606010016694,3
function_type,family_majority,macro_f1,0.44021176359747244,0.006227185836026765,0.43302757960406435,0.4440655208346205,3
function_type,family_majority,hard_negative_accuracy,0.3531841837008423,0.01799315508498383,0.3333333333333333,0.3684210526315789,3
function_type,global_majority,accuracy,0.7884117527726441,0.015924945229599148,0.7759197324414716,0.8063439065108514,3
function_type,global_majority,macro_f1,0.29387680629083696,0.0033062397069850446,0.29127432517263024,0.2975970425138632,3
function_type,global_majority,hard_negative_accuracy,0.0,0.0,0.0,0.0,3
function_type,kg_only_lr,accuracy,0.7945433023824546,0.010018656206241938,0.7846410684474123,0.8046744574290484,3
function_type,kg_only_lr,macro_f1,0.6265330182666554,0.012218258097284412,0.6124698051921772,0.634542049710589,3
function_type,kg_only_lr,hard_negative_accuracy,0.71166818677683,0.01557749408392756,0.6944444444444444,0.7247706422018348,3
function_type,point_majority,accuracy,0.8246064138856474,0.007784032879700235,0.8177257525083612,0.8330550918196995,3
function_type,point_majority,macro_f1,0.4408273942969041,0.020213187556827935,0.4285954796077276,0.4641584075079435,3
function_type,point_majority,hard_negative_accuracy,0.2992354740061162,0.08727217425427501,0.24770642201834864,0.4,3
function_type,reliability_weighted_kg_reranker,accuracy,0.8930994243471561,0.006594221988291827,0.8864774624373957,0.8996655518394648,3
function_type,reliability_weighted_kg_reranker,macro_f1,0.7744248651552557,0.014354349472064692,0.7578591456374731,0.7831873616618868,3
function_type,reliability_weighted_kg_reranker,hard_negative_accuracy,0.8025639191420617,0.02644427547374158,0.7798165137614679,0.8315789473684211,3
target_label,char_lr_plus_kg_constraints,accuracy,0.95052680393248,0.0025837257857868803,0.9482470784641068,0.9533333333333334,3
target_label,char_lr_plus_kg_constraints,macro_f1,0.9062301293412135,0.002151125797886041,0.9042662335988452,0.9085291487112774,3
target_label,char_lr_plus_kg_constraints,hard_negative_accuracy,0.8944794287459462,0.04678037725425402,0.8617021276595744,0.948051948051948,3
target_label,char_lr_plus_kg_full,accuracy,0.95052680393248,0.0025837257857868803,0.9482470784641068,0.9533333333333334,3
target_label,char_lr_plus_kg_full,macro_f1,0.9062301293412135,0.002151125797886041,0.9042662335988452,0.9085291487112774,3
target_label,char_lr_plus_kg_full,hard_negative_accuracy,0.8944794287459462,0.04678037725425402,0.8617021276595744,0.948051948051948,3
target_label,char_lr_plus_kg_full_hard_reject,accuracy,0.946636060100167,0.002913619132894789,0.9449081803005008,0.95,3
target_label,char_lr_plus_kg_full_hard_reject,macro_f1,0.8998867225845574,0.0008589745975128847,0.8989339673287828,0.9006019106521619,3
target_label,char_lr_plus_kg_full_hard_reject,hard_negative_accuracy,0.8944794287459462,0.04678037725425402,0.8617021276595744,0.948051948051948,3
target_label,char_lr_plus_kg_markers,accuracy,0.9382953069931368,0.00583936624514267,0.9315525876460768,0.9416666666666667,3
target_label,char_lr_plus_kg_markers,macro_f1,0.8843213930360695,0.009635101087133434,0.8754595658148958,0.8945777840250202,3
target_label,char_lr_plus_kg_markers,hard_negative_accuracy,0.867345345956768,0.03981732386579052,0.8297872340425532,0.9090909090909091,3
target_label,char_svm_plus_kg_constraints,accuracy,0.9549731033203487,0.0033737587646055587,0.9515859766277128,0.9583333333333334,3
target_label,char_svm_plus_kg_constraints,macro_f1,0.9107981370538711,0.008309616914448986,0.9041595920274978,0.9201171614964718,3
target_label,char_svm_plus_kg_constraints,hard_negative_accuracy,0.8552158927298904,0.02417755824506413,0.8404255319148937,0.8831168831168831,3
target_label,char_svm_plus_kg_full,accuracy,0.9549731033203487,0.0033737587646055587,0.9515859766277128,0.9583333333333334,3
target_label,char_svm_plus_kg_full,macro_f1,0.9107981370538711,0.008309616914448986,0.9041595920274978,0.9201171614964718,3
target_label,char_svm_plus_kg_full,hard_negative_accuracy,0.8552158927298904,0.02417755824506413,0.8404255319148937,0.8831168831168831,3
target_label,char_tfidf_lr,accuracy,0.9299554813578186,0.010990266122273464,0.9198664440734557,0.9416666666666667,3
target_label,char_tfidf_lr,macro_f1,0.8697110277658163,0.022499956619807936,0.8535989245997799,0.8954178058655671,3
target_label,char_tfidf_lr,hard_negative_accuracy,0.8523407163944677,0.05748756221440545,0.7872340425531915,0.8961038961038961,3
target_label,char_tfidf_svm,accuracy,0.9432999443516973,0.005802634541480088,0.9398998330550918,0.95,3
target_label,char_tfidf_svm,macro_f1,0.8899356879739435,0.013539824257180453,0.8778391095828432,0.9045619393013934,3
target_label,char_tfidf_svm,hard_negative_accuracy,0.8411061502886811,0.036394811012344,0.8191489361702128,0.8831168831168831,3
target_label,executable_kg_rules,accuracy,0.6853765535151178,0.0141189543913362,0.6766666666666666,0.7016666666666667,3
target_label,executable_kg_rules,macro_f1,0.5615248493326138,0.024855789513299347,0.5364396654719236,0.5861447106288366,3
target_label,executable_kg_rules,hard_negative_accuracy,0.5207171701012686,0.026935321188622165,0.4935064935064935,0.5473684210526316,3
target_label,family_majority,accuracy,0.8676980152105361,0.012834129323013166,0.8564273789649416,0.8816666666666667,3
target_label,family_majority,macro_f1,0.7025282755869234,0.014490190778597456,0.686501947419669,0.7147047596086231,3
target_label,family_majority,hard_negative_accuracy,0.41601683124639455,0.036097902592064655,0.3829787234042553,0.45454545454545453,3
target_label,global_majority,accuracy,0.8521350398812836,0.016929469098763972,0.8416666666666667,0.8716666666666667,3
target_label,global_majority,macro_f1,0.46005264693745834,0.004909691201001689,0.45701357466063347,0.4657168299198575,3
target_label,global_majority,hard_negative_accuracy,0.0,0.0,0.0,0.0,3
target_label,kg_only_lr,accuracy,0.8515896865145614,0.01314185577718359,0.8366666666666667,0.8614357262103506,3
target_label,kg_only_lr,macro_f1,0.7617357242275773,0.02211655711561408,0.7364410578216047,0.7774288721337497,3
target_label,kg_only_lr,hard_negative_accuracy,0.8076254465952114,0.057420751260066204,0.7446808510638298,0.8571428571428571,3
target_label,point_majority,accuracy,0.8932684103134854,0.0173770059443782,0.8831385642737897,0.9133333333333333,3
target_label,point_majority,macro_f1,0.6988816359378198,0.023725422944007445,0.6851534811077071,0.7262773722627738,3
target_label,point_majority,hard_negative_accuracy,0.30303563551043955,0.030025685488372412,0.28421052631578947,0.33766233766233766,3
target_label,reliability_weighted_kg_reranker,accuracy,0.9349554813578186,0.013094034102258685,0.9198664440734557,0.9433333333333334,3
target_label,reliability_weighted_kg_reranker,macro_f1,0.8684574073667379,0.012918623670513713,0.8535989245997799,0.8770311813790075,3
target_label,reliability_weighted_kg_reranker,hard_negative_accuracy,0.7545507870255911,0.06096719407967537,0.6842105263157895,0.7922077922077922,3
