task,baseline,kg_model,baseline_only_correct,kg_only_correct,discordant,exact_mcnemar_p,note,seed
extraction,char_tfidf_lr,char_lr_plus_kg_constraints,10,21,31,0.07075554598122835,Candidate-level descriptive test; grouped bootstrap is the primary uncertainty analysis.,13
extraction,char_tfidf_svm,char_svm_plus_kg_constraints,13,12,25,1.0,Candidate-level descriptive test; grouped bootstrap is the primary uncertainty analysis.,13
extraction,char_lr_plus_kg_markers,char_lr_plus_kg_constraints,5,9,14,0.4239501953125,Candidate-level descriptive test; grouped bootstrap is the primary uncertainty analysis.,13
function_type,char_tfidf_lr,char_lr_plus_kg_constraints,9,17,26,0.16863754391670227,Candidate-level descriptive test; grouped bootstrap is the primary uncertainty analysis.,13
function_type,char_tfidf_svm,char_svm_plus_kg_constraints,12,11,23,1.0,Candidate-level descriptive test; grouped bootstrap is the primary uncertainty analysis.,13
function_type,char_lr_plus_kg_markers,char_lr_plus_kg_constraints,2,6,8,0.2890625,Candidate-level descriptive test; grouped bootstrap is the primary uncertainty analysis.,13
target_label,char_tfidf_lr,char_lr_plus_kg_constraints,7,24,31,0.003326892852783203,Candidate-level descriptive test; grouped bootstrap is the primary uncertainty analysis.,13
target_label,char_tfidf_svm,char_svm_plus_kg_constraints,6,13,19,0.1670684814453125,Candidate-level descriptive test; grouped bootstrap is the primary uncertainty analysis.,13
target_label,macbert_base_finetuned,char_svm_plus_kg_constraints,14,22,36,0.24298495403490966,Candidate-level descriptive test; grouped bootstrap is the primary uncertainty analysis.,13
target_label,char_lr_plus_kg_markers,char_lr_plus_kg_constraints,2,12,14,0.012939453125,Candidate-level descriptive test; grouped bootstrap is the primary uncertainty analysis.,13
extraction,char_tfidf_lr,char_lr_plus_kg_constraints,7,21,28,0.012540951371192932,Candidate-level descriptive test; grouped bootstrap is the primary uncertainty analysis.,42
extraction,char_tfidf_svm,char_svm_plus_kg_constraints,6,13,19,0.1670684814453125,Candidate-level descriptive test; grouped bootstrap is the primary uncertainty analysis.,42
extraction,char_lr_plus_kg_markers,char_lr_plus_kg_constraints,3,8,11,0.2265625,Candidate-level descriptive test; grouped bootstrap is the primary uncertainty analysis.,42
function_type,char_tfidf_lr,char_lr_plus_kg_constraints,10,13,23,0.6776394844055176,Candidate-level descriptive test; grouped bootstrap is the primary uncertainty analysis.,42
function_type,char_tfidf_svm,char_svm_plus_kg_constraints,4,12,16,0.076812744140625,Candidate-level descriptive test; grouped bootstrap is the primary uncertainty analysis.,42
function_type,char_lr_plus_kg_markers,char_lr_plus_kg_constraints,4,5,9,1.0,Candidate-level descriptive test; grouped bootstrap is the primary uncertainty analysis.,42
target_label,char_tfidf_lr,char_lr_plus_kg_constraints,8,13,21,0.38331031799316406,Candidate-level descriptive test; grouped bootstrap is the primary uncertainty analysis.,42
target_label,char_tfidf_svm,char_svm_plus_kg_constraints,1,6,7,0.125,Candidate-level descriptive test; grouped bootstrap is the primary uncertainty analysis.,42
target_label,macbert_base_finetuned,char_svm_plus_kg_constraints,10,8,18,0.8145294189453125,Candidate-level descriptive test; grouped bootstrap is the primary uncertainty analysis.,42
target_label,char_lr_plus_kg_markers,char_lr_plus_kg_constraints,2,7,9,0.1796875,Candidate-level descriptive test; grouped bootstrap is the primary uncertainty analysis.,42
extraction,char_tfidf_lr,char_lr_plus_kg_constraints,10,14,24,0.5412561893463135,Candidate-level descriptive test; grouped bootstrap is the primary uncertainty analysis.,2027
extraction,char_tfidf_svm,char_svm_plus_kg_constraints,19,13,32,0.37708558747544885,Candidate-level descriptive test; grouped bootstrap is the primary uncertainty analysis.,2027
extraction,char_lr_plus_kg_markers,char_lr_plus_kg_constraints,3,4,7,1.0,Candidate-level descriptive test; grouped bootstrap is the primary uncertainty analysis.,2027
function_type,char_tfidf_lr,char_lr_plus_kg_constraints,11,11,22,1.0,Candidate-level descriptive test; grouped bootstrap is the primary uncertainty analysis.,2027
function_type,char_tfidf_svm,char_svm_plus_kg_constraints,9,11,20,0.8238029479980469,Candidate-level descriptive test; grouped bootstrap is the primary uncertainty analysis.,2027
function_type,char_lr_plus_kg_markers,char_lr_plus_kg_constraints,3,3,6,1.0,Candidate-level descriptive test; grouped bootstrap is the primary uncertainty analysis.,2027
target_label,char_tfidf_lr,char_lr_plus_kg_constraints,2,17,19,0.000728607177734375,Candidate-level descriptive test; grouped bootstrap is the primary uncertainty analysis.,2027
target_label,char_tfidf_svm,char_svm_plus_kg_constraints,5,14,19,0.063568115234375,Candidate-level descriptive test; grouped bootstrap is the primary uncertainty analysis.,2027
target_label,macbert_base_finetuned,char_svm_plus_kg_constraints,15,12,27,0.7011080384254456,Candidate-level descriptive test; grouped bootstrap is the primary uncertainty analysis.,2027
target_label,char_lr_plus_kg_markers,char_lr_plus_kg_constraints,1,8,9,0.0390625,Candidate-level descriptive test; grouped bootstrap is the primary uncertainty analysis.,2027
