task,baseline,kg_model,metric,point_delta,delta_ci_low,delta_ci_high,bootstrap_p_two_sided,n_sentence_groups,n_bootstrap,seed
extraction,char_tfidf_lr,char_lr_plus_kg_constraints,accuracy,0.01836393989983298,0.0,0.037459283387622055,0.0676,510,5000,13
extraction,char_tfidf_lr,char_lr_plus_kg_constraints,macro_f1,0.016620277328241895,-0.07015476449909613,0.10029463576953446,0.6732,510,5000,13
extraction,char_tfidf_lr,char_lr_plus_kg_constraints,hard_negative_accuracy,0.05555555555555547,-0.009615384615384692,0.125,0.1296,510,5000,13
extraction,char_tfidf_svm,char_svm_plus_kg_constraints,accuracy,-0.0016694490818029983,-0.01893287435456104,0.01652960976410699,0.9272,510,5000,13
extraction,char_tfidf_svm,char_svm_plus_kg_constraints,macro_f1,-0.011400727667473465,-0.10841380400021236,0.08351478408736314,0.8168,510,5000,13
extraction,char_tfidf_svm,char_svm_plus_kg_constraints,hard_negative_accuracy,-0.02777777777777779,-0.08602614015572861,0.027027027027026976,0.4092,510,5000,13
extraction,char_lr_plus_kg_markers,char_lr_plus_kg_constraints,accuracy,0.006677796327211993,-0.005084961583839342,0.018772133251655478,0.3632,510,5000,13
extraction,char_lr_plus_kg_markers,char_lr_plus_kg_constraints,macro_f1,0.00850438800869835,-0.024105838262898287,0.048342342628155476,0.6416,510,5000,13
extraction,char_lr_plus_kg_markers,char_lr_plus_kg_constraints,hard_negative_accuracy,0.02777777777777779,-0.010000000000000009,0.07070707070707072,0.2568,510,5000,13
function_type,char_tfidf_lr,char_lr_plus_kg_constraints,accuracy,0.013355592654424098,-0.0033786646816308026,0.03082589654115479,0.1516,510,5000,13
function_type,char_tfidf_lr,char_lr_plus_kg_constraints,macro_f1,-0.004369291886124893,-0.058660821660662416,0.049007312529058274,0.8992,510,5000,13
function_type,char_tfidf_lr,char_lr_plus_kg_constraints,hard_negative_accuracy,0.04629629629629628,-0.016139029592108865,0.11538461538461542,0.1852,510,5000,13
function_type,char_tfidf_svm,char_svm_plus_kg_constraints,accuracy,-0.0016694490818029983,-0.016891891891891886,0.01311529247086053,0.9148,510,5000,13
function_type,char_tfidf_svm,char_svm_plus_kg_constraints,macro_f1,-0.002175859744182107,-0.035341492490084496,0.03920490239707571,0.8428,510,5000,13
function_type,char_tfidf_svm,char_svm_plus_kg_constraints,hard_negative_accuracy,-0.04629629629629628,-0.10112715118759781,0.009009009009009028,0.1192,510,5000,13
function_type,char_lr_plus_kg_markers,char_lr_plus_kg_constraints,accuracy,0.006677796327212104,-0.0017211703958691677,0.016528925619834767,0.2092,510,5000,13
function_type,char_lr_plus_kg_markers,char_lr_plus_kg_constraints,macro_f1,0.0022612316669204935,-0.014265564008216308,0.01661341971042984,0.7348,510,5000,13
function_type,char_lr_plus_kg_markers,char_lr_plus_kg_constraints,hard_negative_accuracy,0.02777777777777779,0.0,0.06251230314960612,0.1024,510,5000,13
target_label,char_tfidf_lr,char_lr_plus_kg_constraints,accuracy,0.028380634390651083,0.009933364347873622,0.04753826992123355,0.0032,510,5000,13
target_label,char_tfidf_lr,char_lr_plus_kg_constraints,macro_f1,0.05066730899906524,0.016311822608134817,0.08728926517477753,0.0036,510,5000,13
target_label,char_tfidf_lr,char_lr_plus_kg_constraints,hard_negative_accuracy,0.07446808510638292,-0.009615384615384692,0.16279069767441856,0.1044,510,5000,13
target_label,char_tfidf_svm,char_svm_plus_kg_constraints,accuracy,0.011686143572620988,-0.0016750418760469454,0.02572898799313894,0.118,510,5000,13
target_label,char_tfidf_svm,char_svm_plus_kg_constraints,macro_f1,0.020711642600049762,-0.003915563283386077,0.04680412050331315,0.1068,510,5000,13
target_label,char_tfidf_svm,char_svm_plus_kg_constraints,hard_negative_accuracy,0.021276595744680882,-0.03809523809523807,0.08571428571428563,0.6168,510,5000,13
target_label,macbert_base_finetuned,char_svm_plus_kg_constraints,accuracy,0.013355592654423987,-0.006557916307161374,0.033333333333333326,0.198,510,5000,13
target_label,macbert_base_finetuned,char_svm_plus_kg_constraints,macro_f1,0.03948898628824682,-0.001333804089643656,0.08292873211196962,0.0604,510,5000,13
target_label,macbert_base_finetuned,char_svm_plus_kg_constraints,hard_negative_accuracy,0.17021276595744683,0.07766990291262132,0.2666666666666667,0.0008,510,5000,13
target_label,char_lr_plus_kg_markers,char_lr_plus_kg_constraints,accuracy,0.016694490818029983,0.004983388704318914,0.028911564625850317,0.0084,510,5000,13
target_label,char_lr_plus_kg_markers,char_lr_plus_kg_constraints,macro_f1,0.028806667783949358,0.008023623904696306,0.05085449443013545,0.008,510,5000,13
target_label,char_lr_plus_kg_markers,char_lr_plus_kg_constraints,hard_negative_accuracy,0.03191489361702127,-0.011494252873563204,0.08080808080808077,0.2528,510,5000,13
extraction,char_tfidf_lr,char_lr_plus_kg_constraints,accuracy,0.02341137123745818,0.006688963210702337,0.04102564102564099,0.0056,509,5000,42
extraction,char_tfidf_lr,char_lr_plus_kg_constraints,macro_f1,0.03935076833710904,-0.0027401085029995133,0.08503077114007425,0.068,509,5000,42
extraction,char_tfidf_lr,char_lr_plus_kg_constraints,hard_negative_accuracy,0.07339449541284404,0.020000000000000018,0.13159136047666314,0.0068,509,5000,42
extraction,char_tfidf_svm,char_svm_plus_kg_constraints,accuracy,0.01170568561872909,-0.001689260643892579,0.026446280991735516,0.13,509,5000,42
extraction,char_tfidf_svm,char_svm_plus_kg_constraints,macro_f1,0.03475311274034021,0.0006259238549596594,0.07086887158660267,0.0452,509,5000,42
extraction,char_tfidf_svm,char_svm_plus_kg_constraints,hard_negative_accuracy,0.02752293577981657,-0.018181818181818188,0.07627118644067798,0.326,509,5000,42
extraction,char_lr_plus_kg_markers,char_lr_plus_kg_constraints,accuracy,0.00836120401337792,-0.0016949152542372614,0.019608645422162237,0.17,509,5000,42
extraction,char_lr_plus_kg_markers,char_lr_plus_kg_constraints,macro_f1,0.024422933578855277,-0.010666803056645963,0.06474686420455432,0.1804,509,5000,42
extraction,char_lr_plus_kg_markers,char_lr_plus_kg_constraints,hard_negative_accuracy,0.03669724770642202,0.008264462809917439,0.07619047619047614,0.0364,509,5000,42
function_type,char_tfidf_lr,char_lr_plus_kg_constraints,accuracy,0.0050167224080267525,-0.00991735537190086,0.020271127726711486,0.5616,509,5000,42
function_type,char_tfidf_lr,char_lr_plus_kg_constraints,macro_f1,0.007733977699894146,-0.01953792043555738,0.038194741573247495,0.5688,509,5000,42
function_type,char_tfidf_lr,char_lr_plus_kg_constraints,hard_negative_accuracy,0.00917431192660556,-0.037735849056603765,0.058345588235293955,0.8536,509,5000,42
function_type,char_tfidf_svm,char_svm_plus_kg_constraints,accuracy,0.013377926421404673,0.0,0.027028170302282016,0.0604,509,5000,42
function_type,char_tfidf_svm,char_svm_plus_kg_constraints,macro_f1,0.026810861722805113,0.002549318888400962,0.05801194099391029,0.0216,509,5000,42
function_type,char_tfidf_svm,char_svm_plus_kg_constraints,hard_negative_accuracy,0.03669724770642202,0.008474576271186418,0.07501179245283009,0.034,509,5000,42
function_type,char_lr_plus_kg_markers,char_lr_plus_kg_constraints,accuracy,0.0016722408026755842,-0.008333333333333304,0.011824324324324342,0.8648,509,5000,42
function_type,char_lr_plus_kg_markers,char_lr_plus_kg_constraints,macro_f1,0.001961971927888384,-0.019117063933628282,0.026802631510278296,0.8624,509,5000,42
function_type,char_lr_plus_kg_markers,char_lr_plus_kg_constraints,hard_negative_accuracy,-0.00917431192660545,-0.05128205128205132,0.030612244897959107,0.836,509,5000,42
target_label,char_tfidf_lr,char_lr_plus_kg_constraints,accuracy,0.008333333333333304,-0.006644794666696083,0.02345058626465657,0.322,511,5000,42
target_label,char_tfidf_lr,char_lr_plus_kg_constraints,macro_f1,0.013111342845710361,-0.012200807139787287,0.039286603612126,0.3204,511,5000,42
target_label,char_tfidf_lr,char_lr_plus_kg_constraints,hard_negative_accuracy,0.0,-0.05263157894736836,0.05208333333333326,1.0,511,5000,42
target_label,char_tfidf_svm,char_svm_plus_kg_constraints,accuracy,0.008333333333333415,0.0,0.01718213058419249,0.0576,511,5000,42
target_label,char_tfidf_svm,char_svm_plus_kg_constraints,macro_f1,0.015555222195078433,0.0,0.033164765623020814,0.0584,511,5000,42
target_label,char_tfidf_svm,char_svm_plus_kg_constraints,hard_negative_accuracy,0.021052631578947323,-0.01980198019801982,0.06422758212488897,0.4432,511,5000,42
target_label,macbert_base_finetuned,char_svm_plus_kg_constraints,accuracy,-0.0033333333333332993,-0.01824212271973458,0.011628390666718273,0.7264,511,5000,42
target_label,macbert_base_finetuned,char_svm_plus_kg_constraints,macro_f1,-0.005733540503947254,-0.034762353894465,0.024243230075417333,0.7068,511,5000,42
target_label,macbert_base_finetuned,char_svm_plus_kg_constraints,hard_negative_accuracy,0.0,-0.0714285714285714,0.0747789166917896,1.0,511,5000,42
target_label,char_lr_plus_kg_markers,char_lr_plus_kg_constraints,accuracy,0.008333333333333304,0.0,0.01851851851851849,0.114,511,5000,42
target_label,char_lr_plus_kg_markers,char_lr_plus_kg_constraints,macro_f1,0.01395136468625724,-0.003465442489187451,0.033452049795176,0.1212,511,5000,42
target_label,char_lr_plus_kg_markers,char_lr_plus_kg_constraints,hard_negative_accuracy,0.010526315789473717,-0.033333333333333326,0.05940594059405935,0.8408,511,5000,42
extraction,char_tfidf_lr,char_lr_plus_kg_constraints,accuracy,0.006677796327211993,-0.008636326900800165,0.022913256955810146,0.458,509,5000,2027
extraction,char_tfidf_lr,char_lr_plus_kg_constraints,macro_f1,-0.00740941733390077,-0.08873085333093722,0.06895599644596155,0.8684,509,5000,2027
extraction,char_tfidf_lr,char_lr_plus_kg_constraints,hard_negative_accuracy,0.021052631578947323,-0.03030303030303028,0.07228915662650592,0.5356,509,5000,2027
extraction,char_tfidf_svm,char_svm_plus_kg_constraints,accuracy,-0.01001669449081799,-0.02773246329526913,0.008223684210526327,0.3228,509,5000,2027
extraction,char_tfidf_svm,char_svm_plus_kg_constraints,macro_f1,-0.0449140936432324,-0.14943716444575053,0.06197445815319464,0.4,509,5000,2027
extraction,char_tfidf_svm,char_svm_plus_kg_constraints,hard_negative_accuracy,0.010526315789473717,-0.06605345911949695,0.08421369689283449,0.8808,509,5000,2027
extraction,char_lr_plus_kg_markers,char_lr_plus_kg_constraints,accuracy,0.0016694490818029983,-0.006779661016949157,0.0102219011459902,0.856,509,5000,2027
extraction,char_lr_plus_kg_markers,char_lr_plus_kg_constraints,macro_f1,0.0017170651372480084,-0.009987043055728947,0.01166486990666417,0.7412,509,5000,2027
extraction,char_lr_plus_kg_markers,char_lr_plus_kg_constraints,hard_negative_accuracy,0.010526315789473717,-0.022727272727272707,0.048786465805834484,0.7812,509,5000,2027
function_type,char_tfidf_lr,char_lr_plus_kg_constraints,accuracy,0.0,-0.014707693422196412,0.014778932784547658,1.0,509,5000,2027
function_type,char_tfidf_lr,char_lr_plus_kg_constraints,macro_f1,-0.0223233802818823,-0.06971549969932529,0.025166857673228328,0.3936,509,5000,2027
function_type,char_tfidf_lr,char_lr_plus_kg_constraints,hard_negative_accuracy,0.010526315789473606,-0.0337078651685393,0.05882352941176472,0.784,509,5000,2027
function_type,char_tfidf_svm,char_svm_plus_kg_constraints,accuracy,0.0033388981636059967,-0.009901399230832183,0.017094017094017144,0.7196,509,5000,2027
function_type,char_tfidf_svm,char_svm_plus_kg_constraints,macro_f1,-0.030115626312004595,-0.07161318052176728,0.004670500617712573,0.1012,509,5000,2027
function_type,char_tfidf_svm,char_svm_plus_kg_constraints,hard_negative_accuracy,0.021052631578947323,-0.028043995767942163,0.07339449541284404,0.5212,509,5000,2027
function_type,char_lr_plus_kg_markers,char_lr_plus_kg_constraints,accuracy,0.0,-0.00667807549929936,0.006711691387964567,1.0,509,5000,2027
function_type,char_lr_plus_kg_markers,char_lr_plus_kg_constraints,macro_f1,0.0036525987709317143,-0.008541795537554178,0.015975069307182097,0.5456,509,5000,2027
function_type,char_lr_plus_kg_markers,char_lr_plus_kg_constraints,hard_negative_accuracy,0.010526315789473606,0.0,0.03540613147914016,0.7536,509,5000,2027
target_label,char_tfidf_lr,char_lr_plus_kg_constraints,accuracy,0.025000000000000022,0.010151855535738816,0.041255474514749216,0.0008,510,5000,2027
target_label,char_tfidf_lr,char_lr_plus_kg_constraints,macro_f1,0.045778652881415915,0.02020585952510644,0.07448148712156435,0.0004,510,5000,2027
target_label,char_tfidf_lr,char_lr_plus_kg_constraints,hard_negative_accuracy,0.051948051948051965,0.011624565624164685,0.10526315789473684,0.0408,510,5000,2027
target_label,char_tfidf_svm,char_svm_plus_kg_constraints,accuracy,0.015000000000000013,0.001697792869269965,0.02880033898305089,0.0272,510,5000,2027
target_label,char_tfidf_svm,char_svm_plus_kg_constraints,macro_f1,0.02632048244465468,0.0027134960632365784,0.051521071987997345,0.0276,510,5000,2027
target_label,char_tfidf_svm,char_svm_plus_kg_constraints,hard_negative_accuracy,0.0,-0.050000000000000044,0.05128205128205132,1.0,510,5000,2027
target_label,macbert_base_finetuned,char_svm_plus_kg_constraints,accuracy,-0.0050000000000000044,-0.022337730894121437,0.011865415657788557,0.6296,510,5000,2027
target_label,macbert_base_finetuned,char_svm_plus_kg_constraints,macro_f1,-0.004411836543930736,-0.044218451170197424,0.035528055370601025,0.8276,510,5000,2027
target_label,macbert_base_finetuned,char_svm_plus_kg_constraints,hard_negative_accuracy,0.06493506493506485,-0.030303030303030276,0.162170608108108,0.2316,510,5000,2027
target_label,char_lr_plus_kg_markers,char_lr_plus_kg_constraints,accuracy,0.011666666666666714,0.0017329525896259163,0.021923354108746226,0.0212,510,5000,2027
target_label,char_lr_plus_kg_markers,char_lr_plus_kg_constraints,macro_f1,0.022968176445224864,0.005307459527251388,0.043126156213652234,0.01,510,5000,2027
target_label,char_lr_plus_kg_markers,char_lr_plus_kg_constraints,hard_negative_accuracy,0.038961038961038974,0.0,0.08641975308641969,0.0972,510,5000,2027
