system,review_policy,review_budget,seeds,review_rate_mean,review_rate_std,retained_coverage_mean,retained_coverage_std,retained_accuracy_mean,retained_accuracy_std,error_capture_rate_mean,error_capture_rate_std,review_precision_mean,review_precision_std,retained_errors_mean,retained_errors_std,total_errors_mean,total_errors_std,reviewed_kg_conflicts_mean,reviewed_kg_conflicts_std
Char-SVM,confidence_only,0.05,3,0.050027824151363386,4.819284383886593e-05,0.9499721758486365,4.819284383885392e-05,0.9602082241338555,0.004450921052886967,0.3333333333333333,0.027777777777777762,0.37777777777777777,0.05091750772173158,22.666666666666668,2.5166114784235836,34.0,3.4641016151377544,0.0,0.0
Char-SVM,confidence_only,0.1,3,0.10005564830272677,9.638568767773186e-05,0.8999443516972732,9.638568767777192e-05,0.9703509013032822,0.003224494450478104,0.5296296296296297,0.0032075014954979094,0.3,0.02886751345948128,16.0,1.7320508075688772,34.0,3.4641016151377544,0.0,0.0
Char-SVM,confidence_only,0.2,3,0.20011129660545354,0.00019277137535546373,0.7998887033945467,0.00019277137535547977,0.9847077244258872,0.004836363163096871,0.7851851851851852,0.057017793771632075,0.22222222222222224,0.02545875386086577,7.333333333333333,2.309401076758503,34.0,3.4641016151377544,0.0,0.0
Char-SVM+ExecKG,confidence_only,0.05,3,0.050027824151363386,4.819284383886593e-05,0.9499721758486365,4.819284383885392e-05,0.9713244740439265,0.006193411405468492,0.39628778203490844,0.10872752063233654,0.35555555555555557,0.09622504486493764,16.333333333333332,3.5118845842842465,27.0,2.0,0.0,0.0
Char-SVM+ExecKG,confidence_only,0.1,3,0.10005564830272677,9.638568767773186e-05,0.8999443516972732,9.638568767777192e-05,0.9796124510410223,0.006705538783789489,0.5974627501064282,0.10247961520105814,0.26666666666666666,0.02886751345948128,11.0,3.605551275463989,27.0,2.0,0.0,0.0
Char-SVM+ExecKG,confidence_only,0.2,3,0.20011129660545354,0.00019277137535546373,0.7998887033945467,0.00019277137535547977,0.98818429598701,0.004820065103329372,0.7931204767986376,0.07576913492358027,0.17777777777777778,0.00962250448649376,5.666666666666667,2.309401076758503,27.0,2.0,0.0,0.0
Char-SVM+ExecKG-review,kg_conflict_aware,0.05,3,0.050027824151363386,4.819284383886593e-05,0.9499721758486365,4.819284383885392e-05,0.9666450837110351,0.0035411956927137757,0.2973861217539378,0.022089138250445218,0.26666666666666666,0.0,19.0,2.0,27.0,2.0,2.3333333333333335,0.5773502691896258
Char-SVM+ExecKG-review,kg_conflict_aware,0.1,3,0.10005564830272677,9.638568767773186e-05,0.8999443516972732,9.638568767777192e-05,0.9715854692045168,0.002860635464876282,0.4317581949765858,0.043610392583874606,0.19444444444444445,0.02545875386086579,15.333333333333334,1.5275252316519468,27.0,2.0,2.3333333333333335,0.5773502691896258
Char-SVM+ExecKG-review,kg_conflict_aware,0.2,3,0.20011129660545354,0.00019277137535546373,0.7998887033945467,0.00019277137535547977,0.988181396427743,0.006036665131923535,0.7938356747552149,0.09041736226612018,0.17777777777777778,0.012729376930432901,5.666666666666667,2.8867513459481287,27.0,2.0,2.3333333333333335,0.5773502691896258
MacBERT,confidence_only,0.05,3,0.050027824151363386,4.819284383886593e-05,0.9499721758486365,4.819284383885392e-05,0.9695670047996382,0.00869491362382975,0.3815609087348218,0.008605481631539838,0.35555555555555557,0.09622504486493764,17.333333333333332,4.932882862316248,28.0,7.810249675906654,0.0,0.0
MacBERT,confidence_only,0.1,3,0.10005564830272677,9.638568767773186e-05,0.8999443516972732,9.638568767777192e-05,0.980847018942257,0.007738760516713989,0.6384155895025461,0.05184729612720187,0.29444444444444445,0.06309898162000303,10.333333333333334,4.163331998932265,28.0,7.810249675906654,0.0,0.0
MacBERT,confidence_only,0.2,3,0.20011129660545354,0.00019277137535546373,0.7998887033945467,0.00019277137535547977,0.9888801902110879,0.004341007010152617,0.8052454628541584,0.08541444426751439,0.18888888888888888,0.061425956631933294,5.333333333333333,2.0816659994661326,28.0,7.810249675906654,0.0,0.0
MacBERT+ExecKG-review,kg_conflict_aware,0.05,3,0.050027824151363386,4.819284383886593e-05,0.9499721758486365,4.819284383885392e-05,0.9695659770398463,0.01032186261176375,0.3858369238804021,0.06280847004933848,0.35555555555555557,0.08388704928078612,17.333333333333332,5.8594652770823155,28.0,7.810249675906654,4.0,1.0
MacBERT+ExecKG-review,kg_conflict_aware,0.1,3,0.10005564830272677,9.638568767773186e-05,0.8999443516972732,9.638568767777192e-05,0.979613596280263,0.0049268124241511665,0.6039463376419898,0.03358276080721833,0.2833333333333334,0.08819171036881969,11.0,2.6457513110645907,28.0,7.810249675906654,4.0,1.0
MacBERT+ExecKG-review,kg_conflict_aware,0.2,3,0.20011129660545354,0.00019277137535546373,0.7998887033945467,0.00019277137535547977,0.989573184875899,0.005523505149444526,0.8246180963572268,0.08239402163671135,0.19166666666666665,0.052041649986653324,5.0,2.6457513110645907,28.0,7.810249675906654,4.0,1.0
