system,review_policy,seed,n,review_budget,review_n,review_rate,retained_coverage,retained_accuracy,error_capture_rate,review_precision,retained_errors,total_errors,reviewed_kg_conflicts
Char-SVM,confidence_only,13,599,0.05,30,0.05008347245409015,0.9499165275459098,0.9560632688927944,0.3055555555555556,0.36666666666666664,25,36,0
Char-SVM,confidence_only,13,599,0.1,60,0.1001669449081803,0.8998330550918197,0.9684601113172542,0.5277777777777778,0.31666666666666665,17,36,0
Char-SVM,confidence_only,13,599,0.2,120,0.2003338898163606,0.7996661101836394,0.9791231732776617,0.7222222222222222,0.21666666666666667,10,36,0
Char-SVM,confidence_only,42,600,0.05,30,0.05,0.95,0.9649122807017544,0.3333333333333333,0.3333333333333333,20,30,0
Char-SVM,confidence_only,42,600,0.1,60,0.1,0.9,0.9740740740740741,0.5333333333333333,0.26666666666666666,14,30,0
Char-SVM,confidence_only,42,600,0.2,120,0.2,0.8,0.9875,0.8,0.2,6,30,0
Char-SVM,confidence_only,2027,600,0.05,30,0.05,0.95,0.9596491228070175,0.3611111111111111,0.43333333333333335,23,36,0
Char-SVM,confidence_only,2027,600,0.1,60,0.1,0.9,0.9685185185185186,0.5277777777777778,0.31666666666666665,17,36,0
Char-SVM,confidence_only,2027,600,0.2,120,0.2,0.8,0.9875,0.8333333333333334,0.25,6,36,0
Char-SVM+ExecKG,confidence_only,13,599,0.05,30,0.05008347245409015,0.9499165275459098,0.9648506151142355,0.3103448275862069,0.3,20,29,0
Char-SVM+ExecKG,confidence_only,13,599,0.1,60,0.1001669449081803,0.8998330550918197,0.9721706864564007,0.4827586206896552,0.23333333333333334,15,29,0
Char-SVM+ExecKG,confidence_only,13,599,0.2,120,0.2003338898163606,0.7996661101836394,0.9853862212943633,0.7586206896551724,0.18333333333333332,7,29,0
Char-SVM+ExecKG,confidence_only,42,600,0.05,30,0.05,0.95,0.9719298245614035,0.36,0.3,16,25,0
Char-SVM+ExecKG,confidence_only,42,600,0.1,60,0.1,0.9,0.9851851851851852,0.68,0.2833333333333333,8,25,0
Char-SVM+ExecKG,confidence_only,42,600,0.2,120,0.2,0.8,0.99375,0.88,0.18333333333333332,3,25,0
Char-SVM+ExecKG,confidence_only,2027,600,0.05,30,0.05,0.95,0.9771929824561404,0.5185185185185185,0.4666666666666667,13,27,0
Char-SVM+ExecKG,confidence_only,2027,600,0.1,60,0.1,0.9,0.9814814814814815,0.6296296296296297,0.2833333333333333,10,27,0
Char-SVM+ExecKG,confidence_only,2027,600,0.2,120,0.2,0.8,0.9854166666666667,0.7407407407407407,0.16666666666666666,7,27,0
Char-SVM+ExecKG-review,kg_conflict_aware,13,599,0.05,30,0.05008347245409015,0.9499165275459098,0.9630931458699473,0.27586206896551724,0.26666666666666666,21,29,2
Char-SVM+ExecKG-review,kg_conflict_aware,13,599,0.1,60,0.1001669449081803,0.8998330550918197,0.9684601113172542,0.41379310344827586,0.2,17,29,2
Char-SVM+ExecKG-review,kg_conflict_aware,13,599,0.2,120,0.2003338898163606,0.7996661101836394,0.9812108559498957,0.6896551724137931,0.16666666666666666,9,29,2
Char-SVM+ExecKG-review,kg_conflict_aware,42,600,0.05,30,0.05,0.95,0.9701754385964912,0.32,0.26666666666666666,17,25,3
Char-SVM+ExecKG-review,kg_conflict_aware,42,600,0.1,60,0.1,0.9,0.9722222222222222,0.4,0.16666666666666666,15,25,3
Char-SVM+ExecKG-review,kg_conflict_aware,42,600,0.2,120,0.2,0.8,0.9916666666666667,0.84,0.175,4,25,3
Char-SVM+ExecKG-review,kg_conflict_aware,2027,600,0.05,30,0.05,0.95,0.9666666666666667,0.2962962962962963,0.26666666666666666,19,27,2
Char-SVM+ExecKG-review,kg_conflict_aware,2027,600,0.1,60,0.1,0.9,0.9740740740740741,0.48148148148148145,0.21666666666666667,14,27,2
Char-SVM+ExecKG-review,kg_conflict_aware,2027,600,0.2,120,0.2,0.8,0.9916666666666667,0.8518518518518519,0.19166666666666668,4,27,2
MacBERT,confidence_only,13,599,0.05,30,0.05008347245409015,0.9499165275459098,0.9595782073813708,0.3783783783783784,0.4666666666666667,23,37,0
MacBERT,confidence_only,13,599,0.1,60,0.1001669449081803,0.8998330550918197,0.9721706864564007,0.5945945945945946,0.36666666666666664,15,37,0
MacBERT,confidence_only,13,599,0.2,120,0.2003338898163606,0.7996661101836394,0.9874739039665971,0.8378378378378378,0.25833333333333336,6,37,0
MacBERT,confidence_only,42,600,0.05,30,0.05,0.95,0.9754385964912281,0.391304347826087,0.3,14,23,0
MacBERT,confidence_only,42,600,0.1,60,0.1,0.9,0.987037037037037,0.6956521739130435,0.26666666666666666,7,23,0
MacBERT,confidence_only,42,600,0.2,120,0.2,0.8,0.99375,0.8695652173913043,0.16666666666666666,3,23,0
MacBERT,confidence_only,2027,600,0.05,30,0.05,0.95,0.9736842105263158,0.375,0.3,15,24,0
MacBERT,confidence_only,2027,600,0.1,60,0.1,0.9,0.9833333333333333,0.625,0.25,9,24,0
MacBERT,confidence_only,2027,600,0.2,120,0.2,0.8,0.9854166666666667,0.7083333333333334,0.14166666666666666,7,24,0
MacBERT+ExecKG-review,kg_conflict_aware,13,599,0.05,30,0.05008347245409015,0.9499165275459098,0.9578207381370826,0.35135135135135137,0.43333333333333335,24,37,5
MacBERT+ExecKG-review,kg_conflict_aware,13,599,0.1,60,0.1001669449081803,0.8998330550918197,0.974025974025974,0.6216216216216216,0.38333333333333336,14,37,5
MacBERT+ExecKG-review,kg_conflict_aware,13,599,0.2,120,0.2003338898163606,0.7996661101836394,0.9853862212943633,0.8108108108108109,0.25,7,37,5
MacBERT+ExecKG-review,kg_conflict_aware,42,600,0.05,30,0.05,0.95,0.9736842105263158,0.34782608695652173,0.26666666666666666,15,23,3
MacBERT+ExecKG-review,kg_conflict_aware,42,600,0.1,60,0.1,0.9,0.9814814814814815,0.5652173913043478,0.21666666666666667,10,23,3
MacBERT+ExecKG-review,kg_conflict_aware,42,600,0.2,120,0.2,0.8,0.9958333333333333,0.9130434782608695,0.175,2,23,3
MacBERT+ExecKG-review,kg_conflict_aware,2027,600,0.05,30,0.05,0.95,0.9771929824561404,0.4583333333333333,0.36666666666666664,13,24,4
MacBERT+ExecKG-review,kg_conflict_aware,2027,600,0.1,60,0.1,0.9,0.9833333333333333,0.625,0.25,9,24,4
MacBERT+ExecKG-review,kg_conflict_aware,2027,600,0.2,120,0.2,0.8,0.9875,0.75,0.15,6,24,4
