seed,task,model,selected_C,selected_alpha
13,target_label,char_tfidf_lr,4.0,
13,target_label,char_tfidf_svm,4.0,
13,target_label,kg_only_lr,4.0,
13,target_label,char_lr_plus_kg_markers,4.0,
13,target_label,char_lr_plus_kg_constraints,4.0,
13,target_label,char_lr_plus_kg_full,4.0,
13,target_label,char_svm_plus_kg_constraints,1.0,
13,target_label,char_svm_plus_kg_full,1.0,
13,target_label,reliability_weighted_kg_reranker,,0.0
13,extraction,char_tfidf_lr,4.0,
13,extraction,char_tfidf_svm,4.0,
13,extraction,kg_only_lr,4.0,
13,extraction,char_lr_plus_kg_markers,4.0,
13,extraction,char_lr_plus_kg_constraints,4.0,
13,extraction,char_lr_plus_kg_full,4.0,
13,extraction,char_svm_plus_kg_constraints,4.0,
13,extraction,char_svm_plus_kg_full,4.0,
13,extraction,reliability_weighted_kg_reranker,,0.0
13,function_type,char_tfidf_lr,4.0,
13,function_type,char_tfidf_svm,4.0,
13,function_type,kg_only_lr,4.0,
13,function_type,char_lr_plus_kg_markers,4.0,
13,function_type,char_lr_plus_kg_constraints,4.0,
13,function_type,char_lr_plus_kg_full,4.0,
13,function_type,char_svm_plus_kg_constraints,4.0,
13,function_type,char_svm_plus_kg_full,4.0,
13,function_type,reliability_weighted_kg_reranker,,0.0
42,target_label,char_tfidf_lr,4.0,
42,target_label,char_tfidf_svm,4.0,
42,target_label,kg_only_lr,0.25,
42,target_label,char_lr_plus_kg_markers,4.0,
42,target_label,char_lr_plus_kg_constraints,4.0,
42,target_label,char_lr_plus_kg_full,4.0,
42,target_label,char_svm_plus_kg_constraints,4.0,
42,target_label,char_svm_plus_kg_full,4.0,
42,target_label,reliability_weighted_kg_reranker,,4.0
42,extraction,char_tfidf_lr,4.0,
42,extraction,char_tfidf_svm,4.0,
42,extraction,kg_only_lr,4.0,
42,extraction,char_lr_plus_kg_markers,4.0,
42,extraction,char_lr_plus_kg_constraints,4.0,
42,extraction,char_lr_plus_kg_full,4.0,
42,extraction,char_svm_plus_kg_constraints,4.0,
42,extraction,char_svm_plus_kg_full,4.0,
42,extraction,reliability_weighted_kg_reranker,,4.0
42,function_type,char_tfidf_lr,4.0,
42,function_type,char_tfidf_svm,1.0,
42,function_type,kg_only_lr,1.0,
42,function_type,char_lr_plus_kg_markers,4.0,
42,function_type,char_lr_plus_kg_constraints,4.0,
42,function_type,char_lr_plus_kg_full,4.0,
42,function_type,char_svm_plus_kg_constraints,1.0,
42,function_type,char_svm_plus_kg_full,1.0,
42,function_type,reliability_weighted_kg_reranker,,3.0
2027,target_label,char_tfidf_lr,4.0,
2027,target_label,char_tfidf_svm,1.0,
2027,target_label,kg_only_lr,4.0,
2027,target_label,char_lr_plus_kg_markers,4.0,
2027,target_label,char_lr_plus_kg_constraints,4.0,
2027,target_label,char_lr_plus_kg_full,4.0,
2027,target_label,char_svm_plus_kg_constraints,1.0,
2027,target_label,char_svm_plus_kg_full,1.0,
2027,target_label,reliability_weighted_kg_reranker,,1.5
2027,extraction,char_tfidf_lr,4.0,
2027,extraction,char_tfidf_svm,1.0,
2027,extraction,kg_only_lr,0.25,
2027,extraction,char_lr_plus_kg_markers,4.0,
2027,extraction,char_lr_plus_kg_constraints,4.0,
2027,extraction,char_lr_plus_kg_full,4.0,
2027,extraction,char_svm_plus_kg_constraints,0.25,
2027,extraction,char_svm_plus_kg_full,0.25,
2027,extraction,reliability_weighted_kg_reranker,,0.0
2027,function_type,char_tfidf_lr,4.0,
2027,function_type,char_tfidf_svm,1.0,
2027,function_type,kg_only_lr,4.0,
2027,function_type,char_lr_plus_kg_markers,4.0,
2027,function_type,char_lr_plus_kg_constraints,4.0,
2027,function_type,char_lr_plus_kg_full,4.0,
2027,function_type,char_svm_plus_kg_constraints,4.0,
2027,function_type,char_svm_plus_kg_full,4.0,
2027,function_type,reliability_weighted_kg_reranker,,0.0
