seed,state,n,coverage,target_rate,non_target_rate
13,accept,402,0.671118530884808,0.8880597014925373,0.11194029850746269
13,weak_reject,85,0.1419031719532554,0.6823529411764706,0.3176470588235294
13,strong_reject,14,0.02337228714524207,0.21428571428571427,0.7857142857142857
13,no_decision,98,0.1636060100166945,0.8877551020408163,0.11224489795918367
42,accept,412,0.6866666666666666,0.8956310679611651,0.10436893203883495
42,weak_reject,88,0.14666666666666667,0.6363636363636364,0.36363636363636365
42,strong_reject,16,0.02666666666666667,0.1875,0.8125
42,no_decision,84,0.14,0.9166666666666666,0.08333333333333333
2027,accept,407,0.6783333333333333,0.9041769041769042,0.09582309582309582
2027,weak_reject,81,0.135,0.7160493827160493,0.2839506172839506
2027,strong_reject,14,0.023333333333333334,0.21428571428571427,0.7857142857142857
2027,no_decision,98,0.16333333333333333,0.9591836734693877,0.04081632653061224
