model,coverage,n,accuracy,macro_f1,hard_negative_accuracy,target_precision,target_recall,target_f1,non_target_precision,non_target_recall,non_target_f1
point_majority,bound_point,451,0.8625277161862528,0.6933184171273142,0.3103448275862069,0.8578199052132701,0.9945054945054945,0.9211195928753181,0.9310344827586207,0.3103448275862069,0.46551724137931033
point_majority,unbound_point,149,0.9463087248322147,0.4862068965517241,0.0,0.9463087248322147,1.0,0.9724137931034482,0.0,0.0,0.0
char_tfidf_svm,bound_point,451,0.9401330376940134,0.9034467994005566,0.8390804597701149,0.9616438356164384,0.9642857142857143,0.9629629629629629,0.8488372093023255,0.8390804597701149,0.8439306358381503
char_tfidf_svm,unbound_point,149,0.9798657718120806,0.8793522267206477,0.625,0.9791666666666666,1.0,0.9894736842105263,1.0,0.625,0.7692307692307693
char_svm_plus_kg_constraints,bound_point,451,0.9490022172949002,0.917016663866689,0.8505747126436781,0.9645776566757494,0.9725274725274725,0.9685362517099864,0.8809523809523809,0.8505747126436781,0.8654970760233918
char_svm_plus_kg_constraints,unbound_point,149,0.9865771812080537,0.9250503018108651,0.75,0.986013986013986,1.0,0.9929577464788732,1.0,0.75,0.8571428571428571
macbert_base_finetuned,bound_point,451,0.9512195121951219,0.9195374335020112,0.8390804597701149,0.9621621621621622,0.978021978021978,0.9700272479564033,0.9012345679012346,0.8390804597701149,0.8690476190476191
macbert_base_finetuned,unbound_point,149,0.9932885906040269,0.9648998822143698,0.875,0.9929577464788732,1.0,0.9964664310954063,1.0,0.875,0.9333333333333333
gpt_5_6_terra_global_6shot_low,bound_point,451,0.7605321507760532,0.71333396110928,0.9195402298850575,0.9740740740740741,0.7225274725274725,0.8296529968454258,0.4419889502762431,0.9195402298850575,0.5970149253731343
gpt_5_6_terra_global_6shot_low,unbound_point,149,0.7449664429530202,0.5702792956891318,1.0,1.0,0.7304964539007093,0.8442622950819673,0.17391304347826086,1.0,0.2962962962962963
gpt_5_6_terra_point_4shot_medium,bound_point,451,0.8181818181818182,0.7634090792773427,0.8735632183908046,0.9638157894736842,0.804945054945055,0.8772455089820359,0.5170068027210885,0.8735632183908046,0.6495726495726496
gpt_5_6_terra_point_4shot_medium,unbound_point,149,0.8053691275167785,0.6059279525763794,0.875,0.9912280701754386,0.8014184397163121,0.8862745098039215,0.2,0.875,0.32558139534883723
gpt_5_6_terra_point_4shot_plus_exec_kg_governor,bound_point,451,0.8869179600886918,0.8411938938254728,0.9080459770114943,0.9756838905775076,0.8818681318681318,0.9264069264069265,0.6475409836065574,0.9080459770114943,0.7559808612440191
gpt_5_6_terra_point_4shot_plus_exec_kg_governor,unbound_point,149,0.8523489932885906,0.6524597116200169,0.875,0.9917355371900827,0.851063829787234,0.916030534351145,0.25,0.875,0.3888888888888889
