model,grammar_family,n,accuracy,macro_f1,hard_negative_accuracy,target_precision,target_recall,target_f1,non_target_precision,non_target_recall,non_target_f1
point_majority,介词/框架结构,106,0.9433962264150944,0.4854368932038835,0.0,0.9433962264150944,1.0,0.970873786407767,0.0,0.0,0.0
point_majority,处置/受事重组构式,80,0.9875,0.4968553459119497,0.0,0.9875,1.0,0.9937106918238994,0.0,0.0,0.0
point_majority,复句关联结构,50,1.0,0.5,0.0,1.0,1.0,1.0,0.0,0.0,0.0
point_majority,多谓词/论元结构,52,0.8461538461538461,0.4583333333333333,0.0,0.8461538461538461,1.0,0.9166666666666666,0.0,0.0,0.0
point_majority,时间/处所功能结构,130,0.8076923076923077,0.44680851063829785,0.0,0.8076923076923077,1.0,0.8936170212765957,0.0,0.0,0.0
point_majority,比较构式,64,0.78125,0.7803921568627451,0.6923076923076923,0.6571428571428571,0.92,0.7666666666666667,0.9310344827586207,0.6923076923076923,0.7941176470588235
point_majority,补语结构,90,0.8777777777777778,0.46745562130177515,0.0,0.8777777777777778,1.0,0.9349112426035503,0.0,0.0,0.0
point_majority,被动/受事凸显构式,28,0.8214285714285714,0.45098039215686275,0.0,0.8214285714285714,1.0,0.9019607843137255,0.0,0.0,0.0
char_tfidf_svm,介词/框架结构,106,0.9716981132075472,0.825944170771757,0.5,0.970873786407767,1.0,0.9852216748768473,1.0,0.5,0.6666666666666666
char_tfidf_svm,处置/受事重组构式,80,0.9875,0.4968553459119497,0.0,0.9875,1.0,0.9937106918238994,0.0,0.0,0.0
char_tfidf_svm,复句关联结构,50,1.0,0.5,0.0,1.0,1.0,1.0,0.0,0.0,0.0
char_tfidf_svm,多谓词/论元结构,52,0.9423076923076923,0.8681318681318682,0.625,0.9361702127659575,1.0,0.967032967032967,1.0,0.625,0.7692307692307693
char_tfidf_svm,时间/处所功能结构,130,0.9230769230769231,0.8798076923076923,0.84,0.9611650485436893,0.9428571428571428,0.9519230769230769,0.7777777777777778,0.84,0.8076923076923077
char_tfidf_svm,比较构式,64,0.9375,0.9343589743589744,0.9487179487179487,0.92,0.92,0.92,0.9487179487179487,0.9487179487179487,0.9487179487179487
char_tfidf_svm,补语结构,90,0.9333333333333333,0.8446490218642118,0.7272727272727273,0.9620253164556962,0.9620253164556962,0.9620253164556962,0.7272727272727273,0.7272727272727273,0.7272727272727273
char_tfidf_svm,被动/受事凸显构式,28,0.8928571428571429,0.8303030303030303,0.8,0.9545454545454546,0.9130434782608695,0.9333333333333333,0.6666666666666666,0.8,0.7272727272727273
char_svm_plus_kg_constraints,介词/框架结构,106,0.9716981132075472,0.825944170771757,0.5,0.970873786407767,1.0,0.9852216748768473,1.0,0.5,0.6666666666666666
char_svm_plus_kg_constraints,处置/受事重组构式,80,0.9875,0.4968553459119497,0.0,0.9875,1.0,0.9937106918238994,0.0,0.0,0.0
char_svm_plus_kg_constraints,复句关联结构,50,1.0,0.5,0.0,1.0,1.0,1.0,0.0,0.0,0.0
char_svm_plus_kg_constraints,多谓词/论元结构,52,0.9615384615384616,0.9174603174603174,0.75,0.9565217391304348,1.0,0.9777777777777777,1.0,0.75,0.8571428571428571
char_svm_plus_kg_constraints,时间/处所功能结构,130,0.9384615384615385,0.900952380952381,0.84,0.9619047619047619,0.9619047619047619,0.9619047619047619,0.84,0.84,0.84
char_svm_plus_kg_constraints,比较构式,64,0.96875,0.9666666666666667,1.0,1.0,0.92,0.9583333333333334,0.9512195121951219,1.0,0.975
char_svm_plus_kg_constraints,补语结构,90,0.9333333333333333,0.8446490218642118,0.7272727272727273,0.9620253164556962,0.9620253164556962,0.9620253164556962,0.7272727272727273,0.7272727272727273,0.7272727272727273
char_svm_plus_kg_constraints,被动/受事凸显构式,28,0.8928571428571429,0.801418439716312,0.6,0.9166666666666666,0.9565217391304348,0.9361702127659575,0.75,0.6,0.6666666666666666
macbert_base_finetuned,介词/框架结构,106,0.9716981132075472,0.8561736770691994,0.6666666666666666,0.9801980198019802,0.99,0.9850746268656716,0.8,0.6666666666666666,0.7272727272727273
macbert_base_finetuned,处置/受事重组构式,80,0.9875,0.4968553459119497,0.0,0.9875,1.0,0.9937106918238994,0.0,0.0,0.0
macbert_base_finetuned,复句关联结构,50,1.0,0.5,0.0,1.0,1.0,1.0,0.0,0.0,0.0
macbert_base_finetuned,多谓词/论元结构,52,0.9807692307692307,0.9610486891385768,0.875,0.9777777777777777,1.0,0.9887640449438202,1.0,0.875,0.9333333333333333
macbert_base_finetuned,时间/处所功能结构,130,0.9230769230769231,0.872248427672956,0.76,0.9439252336448598,0.9619047619047619,0.9528301886792453,0.8260869565217391,0.76,0.7916666666666666
macbert_base_finetuned,比较构式,64,1.0,1.0,1.0,1.0,1.0,1.0,1.0,1.0,1.0
macbert_base_finetuned,补语结构,90,0.9333333333333333,0.83125,0.6363636363636364,0.9506172839506173,0.9746835443037974,0.9625,0.7777777777777778,0.6363636363636364,0.7
macbert_base_finetuned,被动/受事凸显构式,28,0.9285714285714286,0.8782608695652174,0.8,0.9565217391304348,0.9565217391304348,0.9565217391304348,0.8,0.8,0.8
gpt_5_6_terra_global_6shot_low,介词/框架结构,106,0.6981132075471698,0.5411255411255411,1.0,1.0,0.68,0.8095238095238095,0.15789473684210525,1.0,0.2727272727272727
gpt_5_6_terra_global_6shot_low,处置/受事重组构式,80,0.6625,0.43142932350618585,1.0,1.0,0.6582278481012658,0.7938931297709924,0.03571428571428571,1.0,0.06896551724137931
gpt_5_6_terra_global_6shot_low,复句关联结构,50,0.82,0.45054945054945056,0.0,1.0,0.82,0.9010989010989011,0.0,0.0,0.0
gpt_5_6_terra_global_6shot_low,多谓词/论元结构,52,0.6153846153846154,0.5751633986928104,1.0,1.0,0.5454545454545454,0.7058823529411765,0.2857142857142857,1.0,0.4444444444444444
gpt_5_6_terra_global_6shot_low,时间/处所功能结构,130,0.7384615384615385,0.6676691729323307,0.72,0.9176470588235294,0.7428571428571429,0.8210526315789474,0.4,0.72,0.5142857142857142
gpt_5_6_terra_global_6shot_low,比较构式,64,0.984375,0.9834668044432964,1.0,1.0,0.96,0.9795918367346939,0.975,1.0,0.9873417721518988
gpt_5_6_terra_global_6shot_low,补语结构,90,0.8111111111111111,0.7217675941080197,1.0,1.0,0.7848101265822784,0.8794326241134752,0.39285714285714285,1.0,0.5641025641025641
gpt_5_6_terra_global_6shot_low,被动/受事凸显构式,28,0.7857142857142857,0.7375,1.0,1.0,0.7391304347826086,0.85,0.45454545454545453,1.0,0.625
gpt_5_6_terra_point_4shot_medium,介词/框架结构,106,0.8301886792452831,0.6505494505494506,1.0,1.0,0.82,0.9010989010989011,0.25,1.0,0.4
gpt_5_6_terra_point_4shot_medium,处置/受事重组构式,80,0.6875,0.443052074631022,1.0,1.0,0.6835443037974683,0.8120300751879699,0.038461538461538464,1.0,0.07407407407407407
gpt_5_6_terra_point_4shot_medium,复句关联结构,50,0.9,0.47368421052631576,0.0,1.0,0.9,0.9473684210526315,0.0,0.0,0.0
gpt_5_6_terra_point_4shot_medium,多谓词/论元结构,52,0.6730769230769231,0.6093680954485197,0.875,0.9655172413793104,0.6363636363636364,0.7671232876712328,0.30434782608695654,0.875,0.45161290322580644
gpt_5_6_terra_point_4shot_medium,时间/处所功能结构,130,0.8153846153846154,0.7195253505933118,0.6,0.900990099009901,0.8666666666666667,0.883495145631068,0.5172413793103449,0.6,0.5555555555555556
gpt_5_6_terra_point_4shot_medium,比较构式,64,0.953125,0.9495665878644601,1.0,1.0,0.88,0.9361702127659575,0.9285714285714286,1.0,0.9629629629629629
gpt_5_6_terra_point_4shot_medium,补语结构,90,0.8444444444444444,0.7461724415793715,0.9090909090909091,0.9850746268656716,0.8354430379746836,0.9041095890410958,0.43478260869565216,0.9090909090909091,0.5882352941176471
gpt_5_6_terra_point_4shot_medium,被动/受事凸显构式,28,0.8214285714285714,0.7723577235772358,1.0,1.0,0.782608695652174,0.8780487804878049,0.5,1.0,0.6666666666666666
gpt_5_6_terra_point_4shot_plus_exec_kg_governor,介词/框架结构,106,0.8679245283018868,0.6931348221670802,1.0,1.0,0.86,0.9247311827956989,0.3,1.0,0.46153846153846156
gpt_5_6_terra_point_4shot_plus_exec_kg_governor,处置/受事重组构式,80,0.85,0.5303326810176126,1.0,1.0,0.8481012658227848,0.9178082191780822,0.07692307692307693,1.0,0.14285714285714285
gpt_5_6_terra_point_4shot_plus_exec_kg_governor,复句关联结构,50,1.0,0.5,0.0,1.0,1.0,1.0,0.0,0.0,0.0
gpt_5_6_terra_point_4shot_plus_exec_kg_governor,多谓词/论元结构,52,0.7115384615384616,0.6413793103448276,0.875,0.967741935483871,0.6818181818181818,0.8,0.3333333333333333,0.875,0.4827586206896552
gpt_5_6_terra_point_4shot_plus_exec_kg_governor,时间/处所功能结构,130,0.8769230769230769,0.8076923076923077,0.72,0.9320388349514563,0.9142857142857143,0.9230769230769231,0.6666666666666666,0.72,0.6923076923076923
gpt_5_6_terra_point_4shot_plus_exec_kg_governor,比较构式,64,1.0,1.0,1.0,1.0,1.0,1.0,1.0,1.0,1.0
gpt_5_6_terra_point_4shot_plus_exec_kg_governor,补语结构,90,0.8555555555555555,0.7588126159554731,0.9090909090909091,0.9852941176470589,0.8481012658227848,0.9115646258503401,0.45454545454545453,0.9090909090909091,0.6060606060606061
gpt_5_6_terra_point_4shot_plus_exec_kg_governor,被动/受事凸显构式,28,0.8928571428571429,0.8497316636851521,1.0,1.0,0.8695652173913043,0.9302325581395349,0.625,1.0,0.7692307692307693
