model,gold_confidence_tier,n,accuracy,macro_f1,hard_negative_accuracy,target_precision,target_recall,target_f1,non_target_precision,non_target_recall,non_target_f1
point_majority,A-三人一致,276,0.9094202898550725,0.8153450905879519,0.5294117647058824,0.9032258064516129,0.9955555555555555,0.9471458773784355,0.9642857142857143,0.5294117647058824,0.6835443037974683
point_majority,B-多数裁决,288,0.84375,0.4576271186440678,0.0,0.8466898954703833,0.9959016393442623,0.9152542372881356,0.0,0.0,0.0
point_majority,C-标注者2裁决,36,1.0,0.5,0.0,1.0,1.0,1.0,0.0,0.0,0.0
char_tfidf_svm,A-三人一致,276,0.9855072463768116,0.9759477124183007,0.9607843137254902,0.9911111111111112,0.9911111111111112,0.9911111111111112,0.9607843137254902,0.9607843137254902,0.9607843137254902
char_tfidf_svm,B-多数裁决,288,0.9166666666666666,0.8293670386096573,0.6590909090909091,0.94,0.9631147540983607,0.951417004048583,0.7631578947368421,0.6590909090909091,0.7073170731707317
char_tfidf_svm,C-标注者2裁决,36,0.9444444444444444,0.4857142857142857,0.0,1.0,0.9444444444444444,0.9714285714285714,0.0,0.0,0.0
char_svm_plus_kg_constraints,A-三人一致,276,0.9891304347826086,0.9820961359655762,0.9803921568627451,0.9955357142857143,0.9911111111111112,0.9933184855233853,0.9615384615384616,0.9803921568627451,0.970873786407767
char_svm_plus_kg_constraints,B-多数裁决,288,0.9305555555555556,0.8548387096774194,0.6818181818181818,0.9444444444444444,0.9754098360655737,0.9596774193548387,0.8333333333333334,0.6818181818181818,0.75
char_svm_plus_kg_constraints,C-标注者2裁决,36,0.9444444444444444,0.4857142857142857,0.0,1.0,0.9444444444444444,0.9714285714285714,0.0,0.0,0.0
macbert_base_finetuned,A-三人一致,276,1.0,1.0,1.0,1.0,1.0,1.0,1.0,1.0,1.0
macbert_base_finetuned,B-多数裁决,288,0.9270833333333334,0.8459618470315564,0.6590909090909091,0.9407114624505929,0.9754098360655737,0.9577464788732394,0.8285714285714286,0.6590909090909091,0.7341772151898734
macbert_base_finetuned,C-标注者2裁决,36,0.9444444444444444,0.4857142857142857,0.0,1.0,0.9444444444444444,0.9714285714285714,0.0,0.0,0.0
gpt_5_6_terra_global_6shot_low,A-三人一致,276,0.9239130434782609,0.890158621865939,1.0,1.0,0.9066666666666666,0.951048951048951,0.7083333333333334,1.0,0.8292682926829268
gpt_5_6_terra_global_6shot_low,B-多数裁决,288,0.65625,0.5910440482508355,0.8409090909090909,0.9559748427672956,0.6229508196721312,0.7543424317617866,0.2868217054263566,0.8409090909090909,0.4277456647398844
gpt_5_6_terra_global_6shot_low,C-标注者2裁决,36,0.2777777777777778,0.21739130434782608,0.0,1.0,0.2777777777777778,0.43478260869565216,0.0,0.0,0.0
gpt_5_6_terra_point_4shot_medium,A-三人一致,276,0.9528985507246377,0.928604118993135,1.0,1.0,0.9422222222222222,0.9702517162471396,0.796875,1.0,0.8869565217391304
gpt_5_6_terra_point_4shot_medium,B-多数裁决,288,0.71875,0.6267221377710217,0.7272727272727273,0.9358288770053476,0.7172131147540983,0.8120649651972158,0.31683168316831684,0.7272727272727273,0.4413793103448276
gpt_5_6_terra_point_4shot_medium,C-标注者2裁决,36,0.5277777777777778,0.34545454545454546,0.0,1.0,0.5277777777777778,0.6909090909090909,0.0,0.0,0.0
gpt_5_6_terra_point_4shot_plus_exec_kg_governor,A-三人一致,276,0.9927536231884058,0.9881524725274725,1.0,1.0,0.9911111111111112,0.9955357142857143,0.9622641509433962,1.0,0.9807692307692307
gpt_5_6_terra_point_4shot_plus_exec_kg_governor,B-多数裁决,288,0.8020833333333334,0.7121161636532627,0.7954545454545454,0.9560975609756097,0.8032786885245902,0.8730512249443207,0.42168674698795183,0.7954545454545454,0.5511811023622047
gpt_5_6_terra_point_4shot_plus_exec_kg_governor,C-标注者2裁决,36,0.6111111111111112,0.3793103448275862,0.0,1.0,0.6111111111111112,0.7586206896551724,0.0,0.0,0.0
