model_a,model_b,metric,point_delta_a_minus_b,delta_ci_low,delta_ci_high,bootstrap_p_two_sided,n_bootstrap
char_svm_plus_kg_constraints,gpt_5_6_terra_point_4shot_medium,accuracy,0.14333333333333342,0.11111111111111116,0.17617470192802479,0.0,5000
char_svm_plus_kg_constraints,gpt_5_6_terra_point_4shot_medium,macro_f1,0.1806081831610329,0.13332729767888005,0.22788018300370844,0.0,5000
char_svm_plus_kg_constraints,gpt_5_6_terra_point_4shot_medium,hard_negative_accuracy,-0.03157894736842115,-0.14102941176470593,0.07547566196289829,0.6128,5000
char_svm_plus_kg_constraints,gpt_5_6_terra_point_4shot_plus_exec_kg_governor,accuracy,0.08000000000000007,0.05084530671943558,0.10779558091893478,0.0,5000
char_svm_plus_kg_constraints,gpt_5_6_terra_point_4shot_plus_exec_kg_governor,macro_f1,0.10731664862116463,0.06064568395921226,0.1543904032234002,0.0,5000
char_svm_plus_kg_constraints,gpt_5_6_terra_point_4shot_plus_exec_kg_governor,hard_negative_accuracy,-0.06315789473684219,-0.17284544159544157,0.041675420168067065,0.2712,5000
macbert_base_finetuned,gpt_5_6_terra_point_4shot_medium,accuracy,0.14666666666666672,0.11408918192753471,0.17892976588628762,0.0,5000
macbert_base_finetuned,gpt_5_6_terra_point_4shot_medium,macro_f1,0.18634172366498014,0.13965845048565467,0.23344318188892502,0.0,5000
macbert_base_finetuned,gpt_5_6_terra_point_4shot_medium,hard_negative_accuracy,-0.03157894736842115,-0.12745098039215685,0.0641203703703701,0.5684,5000
macbert_base_finetuned,gpt_5_6_terra_point_4shot_plus_exec_kg_governor,accuracy,0.08333333333333337,0.055089928737756026,0.1112984822934232,0.0,5000
macbert_base_finetuned,gpt_5_6_terra_point_4shot_plus_exec_kg_governor,macro_f1,0.11305018912511189,0.06854113283302554,0.15661068027455244,0.0,5000
macbert_base_finetuned,gpt_5_6_terra_point_4shot_plus_exec_kg_governor,hard_negative_accuracy,-0.06315789473684219,-0.15294117647058814,0.022471910112359494,0.1784,5000
char_tfidf_svm,gpt_5_6_terra_point_4shot_medium,accuracy,0.135,0.10200506542845086,0.1685580006737633,0.0,5000
char_tfidf_svm,gpt_5_6_terra_point_4shot_medium,macro_f1,0.16505296096595445,0.11595514176520855,0.21440228974549033,0.0,5000
char_tfidf_svm,gpt_5_6_terra_point_4shot_medium,hard_negative_accuracy,-0.052631578947368474,-0.16666666666666663,0.056190375238498916,0.408,5000
char_tfidf_svm,gpt_5_6_terra_point_4shot_plus_exec_kg_governor,accuracy,0.07166666666666666,0.04145765378405976,0.10099337748344372,0.0,5000
char_tfidf_svm,gpt_5_6_terra_point_4shot_plus_exec_kg_governor,macro_f1,0.0917614264260862,0.04426255541371161,0.14013464777010554,0.0,5000
char_tfidf_svm,gpt_5_6_terra_point_4shot_plus_exec_kg_governor,hard_negative_accuracy,-0.08421052631578951,-0.197372482131254,0.022222222222222254,0.1564,5000
gpt_5_6_terra_point_4shot_plus_exec_kg_governor,gpt_5_6_terra_point_4shot_medium,accuracy,0.06333333333333335,0.04470013956543151,0.08374404865047735,0.0,5000
gpt_5_6_terra_point_4shot_plus_exec_kg_governor,gpt_5_6_terra_point_4shot_medium,macro_f1,0.07329153453986825,0.052210422539371706,0.09650776450464105,0.0,5000
gpt_5_6_terra_point_4shot_plus_exec_kg_governor,gpt_5_6_terra_point_4shot_medium,hard_negative_accuracy,0.03157894736842104,0.0,0.07407407407407407,0.0988,5000
gpt_5_6_terra_point_4shot_medium,gpt_5_6_terra_global_6shot_low,accuracy,0.05833333333333324,0.030609650639917017,0.08724998065079659,0.0,5000
gpt_5_6_terra_point_4shot_medium,gpt_5_6_terra_global_6shot_low,macro_f1,0.04936056084226559,0.01980312953610155,0.07911149509719737,0.0016,5000
gpt_5_6_terra_point_4shot_medium,gpt_5_6_terra_global_6shot_low,hard_negative_accuracy,-0.05263157894736836,-0.1123595505617977,0.0,0.0984,5000
char_svm_plus_kg_constraints,macbert_base_finetuned,accuracy,-0.0033333333333332993,-0.018151815181518094,0.011513632077516676,0.736,5000
char_svm_plus_kg_constraints,macbert_base_finetuned,macro_f1,-0.005733540503947254,-0.03412936109620204,0.023404896522117878,0.7044,5000
char_svm_plus_kg_constraints,macbert_base_finetuned,hard_negative_accuracy,0.0,-0.07058823529411762,0.07228915662650603,1.0,5000
