model,trace_state,n,accuracy,macro_f1,hard_negative_accuracy,target_precision,target_recall,target_f1,non_target_precision,non_target_recall,non_target_f1
point_majority,accept,412,0.9563106796116505,0.863031914893617,0.627906976744186,0.95822454308094,0.994579945799458,0.976063829787234,0.9310344827586207,0.627906976744186,0.75
point_majority,no_decision,84,0.9166666666666666,0.4782608695652174,0.0,0.9166666666666666,1.0,0.9565217391304348,0.0,0.0,0.0
point_majority,strong_reject,16,0.1875,0.15789473684210525,0.0,0.1875,1.0,0.3157894736842105,0.0,0.0,0.0
point_majority,weak_reject,88,0.6363636363636364,0.3888888888888889,0.0,0.6363636363636364,1.0,0.7777777777777778,0.0,0.0,0.0
char_tfidf_svm,accept,412,0.9660194174757282,0.9109436758893281,0.8604651162790697,0.9836512261580381,0.978319783197832,0.9809782608695652,0.8222222222222222,0.8604651162790697,0.8409090909090909
char_tfidf_svm,no_decision,84,0.9761904761904762,0.9102564102564104,0.7142857142857143,0.9746835443037974,1.0,0.9871794871794872,1.0,0.7142857142857143,0.8333333333333334
char_tfidf_svm,strong_reject,16,0.875,0.8333333333333333,0.8461538461538461,0.6,1.0,0.75,1.0,0.8461538461538461,0.9166666666666666
char_tfidf_svm,weak_reject,88,0.8636363636363636,0.8505942275042444,0.78125,0.8793103448275862,0.9107142857142857,0.8947368421052632,0.8333333333333334,0.78125,0.8064516129032258
char_svm_plus_kg_constraints,accept,412,0.9733009708737864,0.9278516277959086,0.8604651162790697,0.9837837837837838,0.986449864498645,0.9851150202976996,0.8809523809523809,0.8604651162790697,0.8705882352941177
char_svm_plus_kg_constraints,no_decision,84,0.9761904761904762,0.9102564102564104,0.7142857142857143,0.9746835443037974,1.0,0.9871794871794872,1.0,0.7142857142857143,0.8333333333333334
char_svm_plus_kg_constraints,strong_reject,16,1.0,1.0,1.0,1.0,1.0,1.0,1.0,1.0,1.0
char_svm_plus_kg_constraints,weak_reject,88,0.8636363636363636,0.8505942275042444,0.78125,0.8793103448275862,0.9107142857142857,0.8947368421052632,0.8333333333333334,0.78125,0.8064516129032258
macbert_base_finetuned,accept,412,0.9781553398058253,0.9421700276049221,0.9069767441860465,0.9891304347826086,0.986449864498645,0.9877883310719131,0.8863636363636364,0.9069767441860465,0.896551724137931
macbert_base_finetuned,no_decision,84,0.9880952380952381,0.9583126550868486,0.8571428571428571,0.9871794871794872,1.0,0.9935483870967742,1.0,0.8571428571428571,0.9230769230769231
macbert_base_finetuned,strong_reject,16,1.0,1.0,1.0,1.0,1.0,1.0,1.0,1.0,1.0
macbert_base_finetuned,weak_reject,88,0.8522727272727273,0.831343063541206,0.6875,0.8412698412698413,0.9464285714285714,0.8907563025210085,0.88,0.6875,0.7719298245614035
gpt_5_6_terra_global_6shot_low,accept,412,0.7572815533980582,0.6473931053370305,0.9534883720930233,0.9926739926739927,0.7344173441734417,0.8442367601246106,0.2949640287769784,0.9534883720930233,0.45054945054945056
gpt_5_6_terra_global_6shot_low,no_decision,84,0.6785714285714286,0.564432494718648,1.0,1.0,0.6493506493506493,0.7874015748031497,0.20588235294117646,1.0,0.34146341463414637
gpt_5_6_terra_global_6shot_low,strong_reject,16,0.8125,0.4482758620689655,1.0,0.0,0.0,0.0,0.8125,1.0,0.896551724137931
gpt_5_6_terra_global_6shot_low,weak_reject,88,0.8181818181818182,0.8102425876010781,0.84375,0.9,0.8035714285714286,0.8490566037735849,0.7105263157894737,0.84375,0.7714285714285715
gpt_5_6_terra_point_4shot_medium,accept,412,0.8300970873786407,0.7176535087719298,0.9534883720930233,0.9933993399339934,0.8157181571815718,0.8958333333333334,0.3761467889908257,0.9534883720930233,0.5394736842105263
gpt_5_6_terra_point_4shot_medium,no_decision,84,0.7380952380952381,0.5943810359964882,0.8571428571428571,0.9824561403508771,0.7272727272727273,0.835820895522388,0.2222222222222222,0.8571428571428571,0.35294117647058826
gpt_5_6_terra_point_4shot_medium,strong_reject,16,0.8125,0.4482758620689655,1.0,0.0,0.0,0.0,0.8125,1.0,0.896551724137931
gpt_5_6_terra_point_4shot_medium,weak_reject,88,0.8181818181818182,0.8007923033389927,0.71875,0.8448275862068966,0.875,0.8596491228070176,0.7666666666666667,0.71875,0.7419354838709677
gpt_5_6_terra_point_4shot_plus_exec_kg_governor,accept,412,0.9174757281553398,0.8294369764270407,0.9534883720930233,0.9941002949852508,0.9132791327913279,0.9519774011299436,0.5616438356164384,0.9534883720930233,0.7068965517241379
gpt_5_6_terra_point_4shot_plus_exec_kg_governor,no_decision,84,0.7380952380952381,0.5943810359964882,0.8571428571428571,0.9824561403508771,0.7272727272727273,0.835820895522388,0.2222222222222222,0.8571428571428571,0.35294117647058826
gpt_5_6_terra_point_4shot_plus_exec_kg_governor,strong_reject,16,0.8125,0.4482758620689655,1.0,0.0,0.0,0.0,0.8125,1.0,0.896551724137931
gpt_5_6_terra_point_4shot_plus_exec_kg_governor,weak_reject,88,0.8409090909090909,0.8303030303030303,0.8125,0.8888888888888888,0.8571428571428571,0.8727272727272727,0.7647058823529411,0.8125,0.7878787878787878
